CREATE DATABASE  IF NOT EXISTS `backend_ecommerce` /*!40100 DEFAULT CHARACTER SET utf8mb4 COLLATE utf8mb4_0900_ai_ci */ /*!80016 DEFAULT ENCRYPTION='N' */;
USE `backend_ecommerce`;
-- MySQL dump 10.13  Distrib 8.0.38, for macos14 (arm64)
--
-- Host: 127.0.0.1    Database: backend_ecommerce
-- ------------------------------------------------------
-- Server version	9.0.1

/*!40101 SET @OLD_CHARACTER_SET_CLIENT=@@CHARACTER_SET_CLIENT */;
/*!40101 SET @OLD_CHARACTER_SET_RESULTS=@@CHARACTER_SET_RESULTS */;
/*!40101 SET @OLD_COLLATION_CONNECTION=@@COLLATION_CONNECTION */;
/*!50503 SET NAMES utf8 */;
/*!40103 SET @OLD_TIME_ZONE=@@TIME_ZONE */;
/*!40103 SET TIME_ZONE='+00:00' */;
/*!40014 SET @OLD_UNIQUE_CHECKS=@@UNIQUE_CHECKS, UNIQUE_CHECKS=0 */;
/*!40014 SET @OLD_FOREIGN_KEY_CHECKS=@@FOREIGN_KEY_CHECKS, FOREIGN_KEY_CHECKS=0 */;
/*!40101 SET @OLD_SQL_MODE=@@SQL_MODE, SQL_MODE='NO_AUTO_VALUE_ON_ZERO' */;
/*!40111 SET @OLD_SQL_NOTES=@@SQL_NOTES, SQL_NOTES=0 */;

--
-- Table structure for table `cart`
--

DROP TABLE IF EXISTS `cart`;
/*!40101 SET @saved_cs_client     = @@character_set_client */;
/*!50503 SET character_set_client = utf8mb4 */;
CREATE TABLE `cart` (
  `id` bigint NOT NULL AUTO_INCREMENT,
  `checkout_date` datetime(6) DEFAULT NULL,
  `total` float NOT NULL,
  `user_id` bigint DEFAULT NULL,
  PRIMARY KEY (`id`),
  UNIQUE KEY `UK9emlp6m95v5er2bcqkjsw48he` (`user_id`),
  CONSTRAINT `FKl70asp4l4w0jmbm1tqyofho4o` FOREIGN KEY (`user_id`) REFERENCES `user` (`id`)
) ENGINE=InnoDB DEFAULT CHARSET=utf8mb4 COLLATE=utf8mb4_0900_ai_ci;
/*!40101 SET character_set_client = @saved_cs_client */;

--
-- Dumping data for table `cart`
--

LOCK TABLES `cart` WRITE;
/*!40000 ALTER TABLE `cart` DISABLE KEYS */;
/*!40000 ALTER TABLE `cart` ENABLE KEYS */;
UNLOCK TABLES;

--
-- Table structure for table `cart_item`
--

DROP TABLE IF EXISTS `cart_item`;
/*!40101 SET @saved_cs_client     = @@character_set_client */;
/*!50503 SET character_set_client = utf8mb4 */;
CREATE TABLE `cart_item` (
  `id` bigint NOT NULL AUTO_INCREMENT,
  `quantity` int NOT NULL,
  `product_id` bigint DEFAULT NULL,
  PRIMARY KEY (`id`),
  KEY `FKjcyd5wv4igqnw413rgxbfu4nv` (`product_id`),
  CONSTRAINT `FKjcyd5wv4igqnw413rgxbfu4nv` FOREIGN KEY (`product_id`) REFERENCES `product` (`id`)
) ENGINE=InnoDB DEFAULT CHARSET=utf8mb4 COLLATE=utf8mb4_0900_ai_ci;
/*!40101 SET character_set_client = @saved_cs_client */;

--
-- Dumping data for table `cart_item`
--

LOCK TABLES `cart_item` WRITE;
/*!40000 ALTER TABLE `cart_item` DISABLE KEYS */;
/*!40000 ALTER TABLE `cart_item` ENABLE KEYS */;
UNLOCK TABLES;

--
-- Table structure for table `cart_items`
--

DROP TABLE IF EXISTS `cart_items`;
/*!40101 SET @saved_cs_client     = @@character_set_client */;
/*!50503 SET character_set_client = utf8mb4 */;
CREATE TABLE `cart_items` (
  `cart_id` bigint NOT NULL,
  `items_id` bigint NOT NULL,
  UNIQUE KEY `UK383kkp3af9dpn91t406oqe9n1` (`items_id`),
  KEY `FK99e0am9jpriwxcm6is7xfedy3` (`cart_id`),
  CONSTRAINT `FK99e0am9jpriwxcm6is7xfedy3` FOREIGN KEY (`cart_id`) REFERENCES `cart` (`id`),
  CONSTRAINT `FKnqjva2t0na43f4qxm3xprl2qu` FOREIGN KEY (`items_id`) REFERENCES `cart_item` (`id`)
) ENGINE=InnoDB DEFAULT CHARSET=utf8mb4 COLLATE=utf8mb4_0900_ai_ci;
/*!40101 SET character_set_client = @saved_cs_client */;

--
-- Dumping data for table `cart_items`
--

LOCK TABLES `cart_items` WRITE;
/*!40000 ALTER TABLE `cart_items` DISABLE KEYS */;
/*!40000 ALTER TABLE `cart_items` ENABLE KEYS */;
UNLOCK TABLES;

--
-- Table structure for table `category`
--

DROP TABLE IF EXISTS `category`;
/*!40101 SET @saved_cs_client     = @@character_set_client */;
/*!50503 SET character_set_client = utf8mb4 */;
CREATE TABLE `category` (
  `id` bigint NOT NULL AUTO_INCREMENT,
  `name` varchar(255) NOT NULL,
  PRIMARY KEY (`id`)
) ENGINE=InnoDB AUTO_INCREMENT=10 DEFAULT CHARSET=utf8mb4 COLLATE=utf8mb4_0900_ai_ci;
/*!40101 SET character_set_client = @saved_cs_client */;

--
-- Dumping data for table `category`
--

LOCK TABLES `category` WRITE;
/*!40000 ALTER TABLE `category` DISABLE KEYS */;
INSERT INTO `category` VALUES (1,'Patalones'),(2,'Remeras'),(3,'Buzos'),(4,'Zapatillas'),(5,'Calzas'),(6,'Shorts'),(7,'Bolsos'),(8,'Mochilas'),(9,'Camperas');
/*!40000 ALTER TABLE `category` ENABLE KEYS */;
UNLOCK TABLES;

--
-- Table structure for table `favorite_product`
--

DROP TABLE IF EXISTS `favorite_product`;
/*!40101 SET @saved_cs_client     = @@character_set_client */;
/*!50503 SET character_set_client = utf8mb4 */;
CREATE TABLE `favorite_product` (
  `id` bigint NOT NULL AUTO_INCREMENT,
  `added_date` datetime(6) DEFAULT NULL,
  `product_id` bigint DEFAULT NULL,
  `user_id` bigint DEFAULT NULL,
  PRIMARY KEY (`id`),
  KEY `FK2lg2xrrb5c14y0s8hwoyn783n` (`product_id`),
  KEY `FK77loqyqxss454wdhhyhuatyfx` (`user_id`),
  CONSTRAINT `FK2lg2xrrb5c14y0s8hwoyn783n` FOREIGN KEY (`product_id`) REFERENCES `product` (`id`),
  CONSTRAINT `FK77loqyqxss454wdhhyhuatyfx` FOREIGN KEY (`user_id`) REFERENCES `user` (`id`)
) ENGINE=InnoDB AUTO_INCREMENT=15 DEFAULT CHARSET=utf8mb4 COLLATE=utf8mb4_0900_ai_ci;
/*!40101 SET character_set_client = @saved_cs_client */;

--
-- Dumping data for table `favorite_product`
--

LOCK TABLES `favorite_product` WRITE;
/*!40000 ALTER TABLE `favorite_product` DISABLE KEYS */;
INSERT INTO `favorite_product` VALUES (2,'2024-09-24 14:59:19.190586',5,2),(4,'2024-09-24 21:51:43.830441',1,3),(6,'2024-09-24 23:16:02.253032',14,3),(7,'2024-09-24 23:16:10.961175',2,3),(14,'2024-11-23 00:38:50.706416',12,1);
/*!40000 ALTER TABLE `favorite_product` ENABLE KEYS */;
UNLOCK TABLES;

--
-- Table structure for table `product`
--

DROP TABLE IF EXISTS `product`;
/*!40101 SET @saved_cs_client     = @@character_set_client */;
/*!50503 SET character_set_client = utf8mb4 */;
CREATE TABLE `product` (
  `id` bigint NOT NULL AUTO_INCREMENT,
  `description` mediumtext NOT NULL,
  `featured` bit(1) NOT NULL,
  `name` varchar(255) NOT NULL,
  `price` bigint NOT NULL,
  `quantity` int NOT NULL,
  `category_id` bigint DEFAULT NULL,
  `user_id` bigint DEFAULT NULL,
  `favorite` bit(1) NOT NULL,
  PRIMARY KEY (`id`),
  KEY `FK1mtsbur82frn64de7balymq9s` (`category_id`),
  KEY `FK979liw4xk18ncpl87u4tygx2u` (`user_id`),
  CONSTRAINT `FK1mtsbur82frn64de7balymq9s` FOREIGN KEY (`category_id`) REFERENCES `category` (`id`),
  CONSTRAINT `FK979liw4xk18ncpl87u4tygx2u` FOREIGN KEY (`user_id`) REFERENCES `user` (`id`)
) ENGINE=InnoDB AUTO_INCREMENT=20 DEFAULT CHARSET=utf8mb4 COLLATE=utf8mb4_0900_ai_ci;
/*!40101 SET character_set_client = @saved_cs_client */;

--
-- Dumping data for table `product`
--

LOCK TABLES `product` WRITE;
/*!40000 ALTER TABLE `product` DISABLE KEYS */;
INSERT INTO `product` VALUES (1,'Pantalones deportivos del Real Madrid inspirados en el legado de adidas y hechos parcialmente con materiales reciclados',_binary '\0','Pantalón Deportivo Real Madrid Originals',119999,20,1,1,_binary '\0'),(2,'Pantalones deportivos cómodos con un look de inspiración retro',_binary '','Pantalón Adicolor 70s',97999,30,1,1,_binary ''),(3,'Una remera de running ligera diseñada para ayudarte a llegar lejos.',_binary '\0','Remera Adizero Running',79997,50,2,1,_binary '\0'),(4,'Expandí los límites de tu carrera con una remera de running ligera.',_binary '','Remera Own the Run 3 Tiras',60000,60,2,1,_binary '\0'),(5,'Un buzo con capucha para pasar el día con comodidad.',_binary '\0','Buzo con Capucha Adicolor Classics Trifolio',121000,10,3,1,_binary '\0'),(7,'La tecnología Heatgear es un tejido súper transpirable que absorbe el sudor y regula la temperatura del cuerpo para que te sientas más fresco, seco y ligero que nunca. Logo Under Armour estampado.',_binary '\0','Remera Under Armour Entrenamiento',59999,100,2,1,_binary '\0'),(8,'Viví la pasión por boca con la nueva equipación en entrenamiento ADIDAS. El tejido Aeroready favorece el secado rápido, ya que al ser un tejido ultraligero, absorbe el sudor para alejarlo de la piel y hacer que se evapore rápidamente. Buzo medio cierre. Logo ADIDAS estampado. Escudo CABJ estampado.',_binary '','Buzo De Boca Medio Cierre Adidas',199999,100,3,1,_binary '\0'),(9,'No importa si los estás anotando o parando, el deporte rey se trata de goles. Estos botines adidas Goletto VIII lucen un exterior sintético moderno que incorpora puntadas en antepié para un mayor control y un cómodo acolchado en el talón. La suela de caucho con tapones se adhiere al pasto sintético para ayudarte a brillar. Hechos parcialmente con contenido reciclado generado a partir de desechos de producción, tales como recortes de tela y desechos domésticos postconsumo, para evitar un mayor impacto ambiental al producir contenido virgen.',_binary '\0','Botines De Futbol Adidas Goletto',78997,10,4,1,_binary '\0'),(10,'Cuando jugás con la misma intensidad que Boca Juniors, descansar es clave. Cuando las estrellas de La Bombonera se relajan, usan shorts como estos. La tecnología de absorción AEROREADY mantiene tu cuerpo seco todo el tiempo que necesites. La cintura elástica con cordón permite un ajuste perfecto. Hecho con materiales 100% reciclados, este producto representa solo una de nuestras soluciones para acabar con los residuos plásticos. Cintura elastizada con cordón de ajuste. Bolsillos laterales con cierre. Logo ADIDAS bordado. Escudo CABJ aplicado.',_binary '\0','Short De Boca Adidas Descanso',39999,37,6,1,_binary '\0'),(12,'Dimensiones aproximadas Largo: 52 cm. Ancho: 28 cm. Alto: 29 cm. Amplio compartimiento principal con cierre. Bolsillos laterales con cierre. Bolsillo frontal con cierre. Tira con ajuste regulable y desmontable. Asas para transporte azules. Logo GILBERT estampado.',_binary '\0','Bolso Gilbert Player Holdall',99999,60,7,1,_binary '\0'),(14,'Completá tus entrenamientos con HEAD.',_binary '','Zapatillas De Entrenamiento Head Austin',299999,20,4,1,_binary '\0'),(19,'Sentí frescura bajo presión.\\nConfeccionada con adidas AIRCHILL, esta musculosa maximiza el flujo de aire desde todas las direcciones mientras que la tecnología HEAT.RDY ayuda a mantener el calor y la humedad a raya.\\nEsta musculosa adidas te permite moverte con fluidez en la cancha o concentrarte en el golpe ganador.\\nGracias a su sensación de ligereza y frescura, no perderás de vista tu concentración, a pesar de que el sol del mediodía cae y el partido está en su punto.\\nEste producto está hecho con materiales 100% reciclados.\\nUtilizando materiales reciclados disminuimos los residuos, nuestra dependencia de los recursos finitos y la huella que generan los productos que fabricamos.\\nLogo ADIDAS estampado.',_binary '\0','Musculosa De Tenis Adidas Pro',69999,77,2,1,_binary '\0');
/*!40000 ALTER TABLE `product` ENABLE KEYS */;
UNLOCK TABLES;

--
-- Table structure for table `product_image`
--

DROP TABLE IF EXISTS `product_image`;
/*!40101 SET @saved_cs_client     = @@character_set_client */;
/*!50503 SET character_set_client = utf8mb4 */;
CREATE TABLE `product_image` (
  `id` bigint NOT NULL AUTO_INCREMENT,
  `image_base64` mediumtext,
  `product_id` bigint DEFAULT NULL,
  PRIMARY KEY (`id`),
  KEY `FK6oo0cvcdtb6qmwsga468uuukk` (`product_id`),
  CONSTRAINT `FK6oo0cvcdtb6qmwsga468uuukk` FOREIGN KEY (`product_id`) REFERENCES `product` (`id`)
) ENGINE=InnoDB AUTO_INCREMENT=201714 DEFAULT CHARSET=utf8mb4 COLLATE=utf8mb4_0900_ai_ci;
/*!40101 SET character_set_client = @saved_cs_client */;

--
-- Dumping data for table `product_image`
--

LOCK TABLES `product_image` WRITE;
/*!40000 ALTER TABLE `product_image` DISABLE KEYS */;
INSERT INTO `product_image` VALUES (201654,'data:image/jpeg;base64,/9j/4AAQSkZJRgABAQAAAQABAAD/2wBDAAMCAgICAgMCAgIDAwMDBAYEBAQEBAgGBgUGCQgKCgkICQkKDA8MCgsOCwkJDRENDg8QEBEQCgwSExIQEw8QEBD/2wBDAQMDAwQDBAgEBAgQCwkLEBAQEBAQEBAQEBAQEBAQEBAQEBAQEBAQEBAQEBAQEBAQEBAQEBAQEBAQEBAQEBAQEBD/wAARCAEsASwDASIAAhEBAxEB/8QAHgABAAICAwEBAQAAAAAAAAAAAAgJAQcEBQYDCgL/xABQEAACAQMCAwMJBAUFCw0AAAAAAQIDBBEFBgcSIQgxQQkTIlFhcYGRoRQyscEVgpKisyNCUmJyFhcYJDM0lLLC0eElNTZTVld0g6OktOLw/8QAGAEBAQEBAQAAAAAAAAAAAAAAAAIBAwT/xAAeEQEBAAMBAAMBAQAAAAAAAAAAAQIRMQMSITJBUf/aAAwDAQACEQMRAD8AtTAAAAAAAAAAAAAAAAAAAAAAAAAAAAAAAAAAAAAAAAAAAAAAAAAAAAAAAAAAAAAAAAAAAAAADxXGPiptjgxw61niFuvUaFra6bbylRjUfW4uHF+aoQS6ylOSSSXtfRJtB7TmXt+Q5l7fkyg3iTxd4kcWd0Xm695b41mvf3dWVV06GpVqdC3TeVSo0lLkpwj3JJdy6tvLOhst38T9Ijy6LxU3RaJZcYrV7ylj4xqYL+FZt+hDmXt+RjmXqfyZ+eq94mcc6if2rijvG6g/+r3HdTT+DrZOFS4m8VbOoprfu86M0+sv0vdpp+9VB8Gv0R5Xi8e8yUFbd7WfaT2rKE9G44bypxhhxp3GpVrin+xX54v5G8NjeVN7TO2pxp7nt9u7ut4pJu80921Zr2VLdxWfa6bMuNFwoIWdn/ymO0OMG9NE4ebk4Za1tzWNeuIWVnXoXNO9s515J4UniFSCeO/kkl4+smknlZMs0MgAwAAAAAAAAAAAAAAAAAAAAAAAAAAAAAAAAAAAK/PKd7vq6vujhvwf0+rJ1JVauuXNKMsqU2/M2ya9eVW7/WWBPu6FWHFPU6nFvyi36NS85baZrthotGLeVCFrOlGo1+vKs/iXhPtla87eb0PbvFXTeG2iadZW1ntXSrSxqzo0YxqV7iVKKlOrOKTnLEIfeb6uT75PMcaelXGE46hUpPP3YxWMfDBtPtS7gjvbtEb71R1vO06muVFTknn0KTUEl7PRNf0U3PmT6N5O+kusuLK8t4KdatQuMpYzD0mu7xXt9fgcata1+eSjSpqXqjUlF4fid3cxzXowz92M3h9cdUdPeVI2+t2yi8ctHv7+9sywceMK9JJV414x6xSdbK6d/VerqzFTMeVqlWlzTUMOTy5PuXX3M5mrw5dKnOWeZOUl75ZX5nGvaip07a4eMzu6L/EzjXseCW6LDY3GPY269c87T07RtfsdRu6tGXpQt6VeDqSXe3yrq0llrKXeX26Br2j7o0Wx3Ht7UaF/pmpW8Lq0uqMuaFalNc0ZRfqaZ+em/f2eNOuu6FaUOnqnF/mkWreS94maluzg/rGw9Tq+cezr6nGzk31ja3KnOMPdGpCtj2SS8DnnP62JngA5tAAAAAAAAAAAAAAAAAAAAAAAAAAAAAAAAAABx9RvaGm2FxqN1Pko2tKdapJ+EYpyb+SZUb2Sbu43l2qa2/LyPMvtF7rleTf86o61dL9xfIst7TO4am1uz9xB1qi2qlHb17Cm13qdSm6cX85orm7FmiTt7/cW4aKw5TnptL1vlspKX1uonXy7tOXEZN4Xv6S4gbk1TCUbjUbmUF7HVk/wwcGm1zJyXvP5rT8/fXVw2nz1Zz7u9yk3n8DMGkuvzOzH9XHK7iDw+lP8Zf8AA6DU8vcVNRx0pRXf3dWd/wCi7hvOcU44+bPOarUVPX4TaxlRX4k0c/VP8wjTfXnnFfI6vUp9dOpJp+k6nyWPzOVcXsL6VS3pd1tUVPvzl4bZwdS66jbUor/J0n3eHX/gKO21Vec0lyXd6Evfhk9vJLazOG8N+6F3wutIsbzv7nTrTg/4v0IFVU6ulVkmm1DPTw7iY/kptwUdO44axotdJy1fbVaFJ57p0a9KbX7LfyIz5Wxa4ADioAAAAAAAAAAAAAAAAAAAAAAAAAAAAAAAAAAGie3HdfZOyxvyXjVtbagv17ujH8yGfY2tG9u062Vi71/Uqf00em/4jJp9tjTZ6p2W+INCnBynQ02F4seHma9Oq38oMhr2NZ0qm3NOpZWbfcWq1Zr2RqaJP8Is7eSckHYQnQnKFRelzSfwyfaE2llpr1n83bhUquUF1T8PFeB86VT0sLv/AAOrHKlU/lpNYwoxSz8TzO56c/ttOvGPVRjy49j/AOJ6LKdSeEvDuXsOo1uzV9RcM9cYyumGZR5vS9ThZatqlGvLpUrKpD9ZZ/M7NSlc6m6uGsU4t/Hqebr2tSGvwVWLUnRp5TXXKzH8j1Gn005zqtLM2ks+pdDnG13VGPnLSpSx96Dx8iRXk4tQ+xdqbadN55bujqNv87SrL8YojtZRUXlPPh8CQfk87GtedqrZ1Om1m0nf3M8tfcVlWT+rRufKRc2DC6LBk4KAAAAAAAAAAAAAAAAAAAAAAAAAAAAAAAAAAB5TixoC3Vwv3dtp0+d6pod9ZxX9adCcV9WitHsiajOy2rcXkn0tdcq+cT/o1Y6Xz/uwkWsSipJxaTT70/UVQ7E06psLVeNm0Elybd1nUVRSllR8xTnJfuUY/I6+V+9MyRa31oD2nvrcO1Zy/wCZtXvbBevFGvOmvpE6N1Y8/M8fM2l2tdMWkdpXiXZqOE9y3lxFeyq1VX8Q0/CtJtyaxjHgddpdnTqLmks+Ka+SOPcVkpcrlhy6JvuPjTuPTdOOU2+9nE3HcK20i5uVJRdOm2uni+i+rRlrXlra7lqWuXF45JxcuSD8FGPRf/vaestU5Rj6jxe16f8AJRbfV9X8z2trKKxDwf1JwmyuwoSazHvSS7lgkf5PerO37W20VSrRpqtT1GEsr78XZVny/RP4EcYdc5UVjGMklvJ3VbWHav2urhRbnaalGk3/ADan2Sph+/CkviM+EXEIyAcFAAAAAAAAAAAAAAAAAAAAAAAAAAAAAAAAAAAFUV/Wk+MHafsX3057iuI+xq1vPySLXG8JsqruLBz7UHaP0ipH/PLfcCx7KmmX00/wOnn1lag7btNx7TG7rrolfw06+yvHzthbyz9TQzp+lnwfQ3t2ypO54uafqb6vUtm7bu234uWnUl/smjI+l0bX5HbqXxUnCaeV19ncdbvGfPt28z3/AMnj386O5VJVYdH6UWzoN45/QVxF5ypU2/20RlxsdLtycYPlcfDoett6sG+r7+5YPIaHTzQpyz1SPT2kllJ4XxNx4V3VKa65ff06okD2EanmO1bsGS6ecubqHzs65Hqm44wl72b27EcnHtUcOZKWc6pUXw+zVhnwi7BdyMmI/dXuMnnUAAAAAAAAAAAAAAAAAAAAAAAAAAAAAAAAAADDWU0V3bq2o9F7a3FiVeOKOs2VtWpZ6KautC1GOP26Ml8CxIi/x927ptHjntrcFNRV1qb02zuUl306VPVlFv3qvNfql+f6ZlxXN2tU6uscNdUcsvUOF22azfrcbaUH/qGhftVSEsKCl6sm+O1JOVXRuCdeX3p8LNHi/wBWrcRX0RoeCi8y7vBe87VJTv6tOTSimvFnnt7XU/0dGKyncVlGS9iWfxwegUFyt+zxR1+8traxLZdpvR2z/RT1ippCq+H2mNCFZx/YkmRnfpseb0bnhhxfR46e9HpbNdW13L1nn9Lg+WL/AKqz8z0Vk0unjkrEruLWKkvSWMm+exQku1Tw6hHp/wAqTf8A7eqaItKmM/dz4G7exbVnS7VfDidTpnVnBe+VGojcuEXcx+6vcZMR+6vcZPMoAAAAAAAAAAAAAAAAAAAAAAAAAAAAAAAAAAAibx71ec+0lo2kpvkstO0a8x6nKpq6k/lFEsiHPHKlL/C5tabTX2ja2lTg8f0a+pQf8Qvz/TMuIGdqan5jSeCls31hwr0aX7dSvL8zRHSKxHvwb77V2XZcF6qzifCnQsY8cOsjQU3iLSecHapYpp8yj0TfQmDxB4JfZvJbaHu6nbf47/dZHddaXjGhcTlYx+Hm/Msh9LmhHnh1lyvGF1bx0LrN9cI1q3YYveEtO0cK9Hh/StqdHl6/aqFpCrFY9fnaa+JyzVPpRbpVFqEU+9ZX4HZQnyTxnD9RxtOh6Lny+Kfz6fmcupDEsuLXgXGVy6dSo5rknhPobv7ItyrTtM8MK/PzZ3JbUX1/p80PzNFU5Yaaw+mOhsTgfuGW3uK+yddtoudbT9yaZXUc9+Lmmmvk2VeC/uP3V7jJhPK+Jk8ygAAAAAAAAAAAAAAAAAAAAAAAAAAAAAAAAAACKXHm0lLtUbLrxj0q6DTpyfrUL2bS/fZK0jTx3rWkOP8Asdxl/jNK1pOosd1KV1Nr5+bqfIvD9My4rd7Ujb25wNk/+6/TI9fZXuEaFnnEk1jHqZvjtQSdPROCNpU+/S4YaZOSXgp3FxKP0aNDzWFjr1O1S9Xwr2xU3txT2ds+nSdT9Ma9p9lKK8YTuIKX7vMfoDlThKk6UqcXBrlcWujj3Yx6sFMfk8NoR3f2rtrVq1B1Lfb9C81qrjujKlRcKbf/AJlWHyLn36Mfcjjn1Ufnf4kbbp7T4lby2vThyQ0nXdRsqcUvuwpXM4xX7MUdHOD6v4o272tNGlonaf4pWU6XJzbmvbiKx/NrctZfSoaoxF0YSx1a+Z0x4yuMvRWX0+HQ99wCt6d1xp2FRr0lUpz3PpalFrKa+1U+h4JLM3iL+ZtLsz20Lnj/AMOKFTpCpunTE/8ASYMXhF9i7vizJhGTgoAAAAAAAAAAAAAAAAAAAAAAAAAAAAAAAAAAAiBx7u6ke0XVvJSaWn6JpkKbz3NWmv3D/hRfwJfkO+1DRraZxO3JqfWMamyZ3cJ+2jpW4IPHtXnI/Mvz/TMuIDdrGs/0/wAOdPUVjT+GG16WPbK1dR/WZoeU220unf8AI3t2xU7fixpumNNKw2Xtm1SXglplF/7RoqajCLST5jqlOfySml0qvF7e2rTinVtNuUqEH6vO3UXL+Ei00rC8kRme+uItSUcNaRYJdfB16v8AuLPThl1anPyl+13oHap1TUoW7p09xaRp+pJ4wpzVN0JtfGgviRUUU6MWk010J0eVrcf78+yUormW2KjcvFr7ZPC+HX5sgxTxKhFLwWDrjxNfHLjlPJs3s2J1ePfDmnSypvdOmLK/8TA1lJde7qbT7LdxStu0Xw1uK+OSO6dOzzL11or8WbSVfQjJhGTgoAAAAAAAAAAAAAAAAAAAAAAAAAAAAAAAAAAAjT20dNsrfaWo7lWVd0to7lpS9TprTa8Y5906+P1iSxFntyVJ/wBw24IZl12ldWdNZ6OpeX9nbpL2tSaL8/0zLiuvtx2k6PHy7snNedtNvaBRlj+nHTKCfwI+060ud06j9JfUkH26LqnW7Uu+adJpwsri1sl7FSs6MMfQ0DUlFrMYRUl3nRm1hHkjbbG7OJNxHujp+m0373Vrv8iy8rt8kTYxlY8S9V8XU0q3T+FxJ/iixI5ZdUqt8rYpLjXsqS/7Ly6+68qf7yDNvJeaik/Bv6snP5W5P+/Nsh9P+jM//l1CCtvhQSk+/P4s6YcTWakkmunf8j0fDXVp6Fv/AGzrlKfJKw1iyuVJd8XCvCWfoecq8qXMm/Wz6WlWVCtCrHpyNyXTuwsm0j9Gse4yddty7d9t/Tb1y5ncWdCrn181OLz9TsTgoAAAAAAAAAAAAAAAAAAAAAAAAAAAAAAAAAAAi/2wqFTUq2iaDh8usaztjSl7XW1unUkv2bWRKAjV2karvuKnCbRo9PtHEHRJf2lbW9/cy+WYfMvz7tlVZ9p/V/0/2huJGqNqSrbn1CMev82FZ04r5QRqd5jJY7010PVcRtRlrG/ty6tlv7ZrF9cYz389xN/gzycpc01h+J0rIs78kdBR2hxHkl36rYR+VCo/zLACAvkkYNbG4h1G/va1ZL5Wr/3k+jjl1SrTyuFu1xY2LctdJ7duIe/lu/8A7oghTWILGfvS/EsJ8rxZyhuXhtqKT/lNP1Ohn+zWt5Y/eK9IdY4/rv8AE6Y8TWXnLXcvUzNNKc/NR/nZj80ZqJRSkpe9H8W7lC4jJ4xzJ95pF/XZ63DDdfAvYG4Iy5nebc0+c3nPpqhGMv3os2ERy8nvri1vsl7IzU552Eb2wk893m7uqor9lxJGnGqAAAAAAAAAAAAAAAAAAAAAAAAAAAAAAAAAAAIqcatVo1u0nwzpVZ5paTf7l1hp9ElaaHSipfCVeXzJVPuIF8X90057/wB071nWjWhtvhvvrUaE0+kXc6mtPofFxt3j3M6efU5Kxr26ncXNS7bz56UqjXvbb/E4UsZUoY9RlTlL0ebrFcr+B/MklJL1v1ldItF8kjKMuHW/cd/6ctc/6Kie5AHyRVSEth8QqcX1jrVm2vY7Z4/Bk/jll1SvLyvlk5be4Z6koZVK+1O2lL+3ToSS/wDTfyK0KaalKLz1k3gtY8rTp0K3BHampv79pumEF7p2lfP+qiq5UoznPr4+L9iLx4yvlVjiOG8YWcLwPmpZq02k+klnJyJW8pSSS6eIuVSjGNNQfN0zLHj4dStMW4+Sw1H7Z2abqxlLL07c9/RS9SlCjU/GbJikDfJJajUq8MN9aTKeY2u4aNeKz3edtYJ/WmTyOV6oABgAAAAAAAAAAAAAAAAAAAAAAAAAAAAAAAA6fd+47PaO2NU3Pf5dDTLSpdSjFNym4xbUUl1bbwkl3torV7QOrPa/D3i1SqzjO5trDanDWNWDTVa9Tq6nqijJeqpVlGWO5lnd5ZWmoW8rS+tqVxRm05U6sFKLw01lP2pP4EJO0j2Ct9722lpO2+Em9dNlb2eua1uTUae4Z1IV7++v6sZ8/nqUJRzCC82uaHdh5zkvCyMs2qqrKLbq0VPD6NeKPg22+aKzFPpnvySj1nyeHa40qUnT4ZafqkY59Kx1yzmpe5VJwl9DqtO8n/2t9Tulb0uDDsW3/lbvVbOFOPtb88/omVuf6SJS+SDmntribSz1jqGmSa9WaNZfkWFkZuwx2Vtd7Meydap7v1uzvtwbouaFzeUrFylbWsKMJRp0ozkk5y9OblLCXVJLplyZOd+61EHyo2nUL7sz07io8TstyafVpe1yVWm1+zN/IqLt+abk+XleFnK71jBfP2iuCum8f+E+scNtQvnYVbzzVxZXnJz/AGa6pTU6U3HK5o5WJLPWMnjDwViat5MvtUWd/UtbLRts6hSpyahdW+uQhTms/eUasFJdPBorG6ZZtFdx9Houp8bpVMRjGmnBYwknkl/onkuO01qVSMNUu9naXTffKtrFSpy/q0qDz8zbWyPJJ11Vhc8ReMUcZXnLfQ9MfM16lWuJPHv82V8ozT7eSE1GnPT+J+mwcnivpNzjHRNwuIvqvH0V09hYqa14H9nnhd2etAuNB4baJO2d9KE7++uazr3d7OCag6tR96ipPEYpRWXhLLNlHO3dUAAwAAAAAAAAAAAAAAAAAAAAAAAAAAAAAAAAAABjCfeMJdyMgAAAAAAAAAAAAAAAAAAAAAAAAAAAAAAAAAAAAAAAAAAAAAAAAAAAAAAAAAAAAAAAAAAAAAAAAAAAAAAAAAAAAAAAAAAAAAAAAAAAAAAAAAAAAAAAAAAAAAAAAAAAAAAAAAAAAAAAAAAAAAAAAAAAAAAAAAAAAAAAAAAAAAAAAAAAAAAAAAAAP//Z',1),(201655,'data:image/jpeg;base64,/9j/4AAQSkZJRgABAQAAAQABAAD/2wBDAAMCAgICAgMCAgIDAwMDBAYEBAQEBAgGBgUGCQgKCgkICQkKDA8MCgsOCwkJDRENDg8QEBEQCgwSExIQEw8QEBD/2wBDAQMDAwQDBAgEBAgQCwkLEBAQEBAQEBAQEBAQEBAQEBAQEBAQEBAQEBAQEBAQEBAQEBAQEBAQEBAQEBAQEBAQEBD/wAARCAEsASwDASIAAhEBAxEB/8QAHgABAAEDBQEAAAAAAAAAAAAAAAkBBwgDBAUGCgL/xABNEAACAQIDBQMIBQYIDwAAAAAAAQIDBAUGEQcIEiExCUFREyJhcYGRocEUMlKSsRVCYnKysyQlJjN0lMLRFhcYOENjZISToqOktOHw/8QAGAEBAQEBAQAAAAAAAAAAAAAAAAEDAgT/xAAeEQEBAAIDAAMBAAAAAAAAAAAAAQIxAxEhEhNBIv/aAAwDAQACEQMRAD8AlTAAAAAAAAAAAAAAAAAAAAAAAAAAAAAAAAAAAAAAAAAAAAAAAAAAAAAAAAAAAAAAAAAAAAAADqO1naLhWyfZ1j+0LGIqpQwSyqXMaLqKDuKqWlOkpPo5zcYrr16MDtuo4kurRBrnDeZ2+5gx6+xyO2POVpO+uatx5CwzDdUKNupScvJ06cZqKjFPhitOiRxdLeo3ncOWlpvFZ9pKPRXWIfSF75ptmn11O073FH7S944o/aXvIIau+NveRUnS3h8x1Vry0q0Yv918zY1t8Pe3lzq7eM56foXkV+zEnwqp7OKP2l7wmn0aIDYb5G9JTab2/Z2TS/OxCT/FHZcudoFvbZfqxq2+2e+vorTWliNna3UJeh8dLi9zRPhROcCP3dP7S7GNpOccG2Y7Yso2dviGOXVOww/G8J1p0J158oQr0JybhxS5KUJNataxS5kgK5kss2KgAgAAAAAAAAAAAAAAAAAAAAAAAAAAAAAAAAAAAR69qPtPuFc5Y2UYdf1YUadKeM4nTp1WozlKXk7eMkurXDUktftJkhL6EJO9Vnm+zttxz1jmIXcLnyWK3Fpbyimoxo0ZOjRjH0KEF7dX3nfHO6lWOv7iFWpLVxfnPRuPNrp3ek42vxtaU6j1/W+TNaXnTnz5RagvZzfyNrVbT1fqPQ5aEp1E2pwT9Lh80UUl1aUWu5Ta/EpLnz15jXRaN6kXp9KpLulPn6UysZuFTV1Ki9x8N+Y0l3H23pOWiXp5HNhXK5fzBe5exywx7C7qrQvcNuaV5bVozSnTq05qcZLn1Tij0L5OzLh2csqYPm3CLiNeyxmwoX9vUitFKnVpqcXp3fW6d3Q861GbjUUmlq9NGkSwdlLtBxPMWyTM+Q8Rup16eU8XhOy45a+Strum5+Tj4RVWnWaX6bOM5+rGcIAMlAAAAAAAAAAAAAAAAAAAAAAAAAAAAAAAAAAB1naZmqnkfZ7mTOFSpGH5Gwq6vYuXRzhTk4r2y0XtIHc8YhOvdV7yvNzr3lfWpJvnOXWT9r/EmC388yvLu7bj9GMnGWMXFphqaej0lVU5r2wpSRC/m25qTr4cl1q1auj/AEkl/wCjbj8nbmuOo8XBJ8nzb18Xr1+Bt6remumvcblRSpKEei5exI29SPLu0NUbZrV9AtF1XMS110bXJFP7iKSbfJ97S+JWEtZNN97PmTXFCKXWS+HM+aTab158yX0a1N6TitOjJFOyKxCUM0bR8LU3w1sNw244e5uFavHX3TRHW1pNPlzM+uyRuktrGdbPVa1Mt0qiXe+G6gv7ZxnpYlLABioAAAAAAAAAAAAAAAAAAAAAAAAAAAAAAAAAAMRe0ylWjsIwt0+Lg/wgpcen9Gr6ESWORp1YWrqdaU51IPwbXC/gTIdoZhUsS3asVrRhxfk/EbG6foXlHTb/AOoQ34mvKRp8PPhcvjob8enNce5pQ0XR+jmadRLRLXTvPqWkfN0TaZ8y6dFqaI2s9HI0KtTyc+LufU3FReCNhfupCk6qjqo9Tm11trRrRnJaPTSLZWl1eqXM43DK3llUl46JaeByEHpo13E77StxouXN+0zJ7LnHKuG7zEMOhJcOL5ev7aa8eB06y/dsw2Tb0S56GT/Z1Vb203qsnXtK2rTt07y1r1YwbhT8rZ11HifRauPLXrpyJlpe004KLmipgoAAAAAAAAAAAAAAAAAAAAAAAAAAAAAAAAAALJb6dn9N3Ys9wUeJ0rKlXS/UuKUn8EyELF6nBFJPva0RO3vPWcb7d52i0JvRRy3fVfbCk5r9kgexZuTWv2tehtxaSthCblrxfiV4n0+JoOTi9fT3h1JN+HLuNUVnzeib8TreaKtWnK3jSm05OUHo+5rmdh15Pm+fd3nWc0S4ry2peEZS+JnnfFjcYL5tKS19RysHqk0cNhsuGOiOXpttaaCFbym09FzXMzu3Sr3dswjM2zihkfFseqbRsUxTBqOJWs69w7Sc+B1LpqLj5JqEnJLV6pqSjqnq8Dovl09xfzcemv8AKn2barl+WtF/wKouiJzI/VXqKlI/VXqKmCgAAAAAAAAAAAAAAAAAAAAAAAAAAAAAAAAAAtNvY3Ts92vaVXU+H+TV7HX9am4/MgoxR+cuenX5E4e+rcfRd1faTV8cFnT+9UhH5kHd/rJwbb6SZtxaSuLb7mfL0XcfcnxN8uh8S0S9aNR8pvomdYzJFvE6Tev80vxZ2XTR8kdczHzxCk+X80vxZnnoitg+frOZpvzUteZwtlqpckczRemmvIQbun058y+W5dcfR96LZlJPTXMFGH3ozj8yxsG+uhevc2g57z+zLhXNZktX7tWxdEqd6P1V6ipSPReoqYKAAAAAAAAAAAAAAAAAAAAAAAAAAAAAAAAAACwe/fJx3S9orT0/i+gv+7okJF/z8klrrwNvn6Sbbfx/zSdo3LX+AUP/AC6BCRiXmulHvjTNuIbBTjBvVatmnOcG/D5lZPv06o0ammqXeaVFXJd0up1vHpKV/TWnONNa+9s7F5vEtemp2Pbzswu9nVTIN1c0XCGbck4XmGOq086t5SM/jDX2ozzqreWXJ8mcvS+qn7jibPrroctSei0RYNxB9E2+Zf3ccs5329Vs2ow/Mxryz18IUKs3+yWDptePrRkz2d1qrve3yLF/6KV9W6fZsq4y0kTZx+qvUVKLoipgoAAAAAAAAAAAAAAAAAAAAAAAAAAAAAAAAAALGb8NF190/aXBa+bgsqnL9GrTl8iD3G5ONxGn4Ul8idXe/tnd7sO06iot/wAmb6eiX2afF8iCnH3/ABlOCa8yEV8Ea8ekcZKXPmuj5GnUk9Xou4q9OLq0ab859Wadje4VhN7j2JWeB4fTlUu8Sr0rO3hFc5VaslCC+9JGc3a1bLrTJ+DbGcRsILyOF4LXyq5R+zbQoypfB1Cxu4jkSnn/AHqcg4XdU+O2w29njdxy1XDaU5VoJ+h1I0l7TOvtdMrRxbdywbMcY61cBzNbSb06U69GrSl/zOBlnfelQ9W0NIprr3HIUX0WvU2dvFeT005pmvSbU3y9R3Bv4Na8u8yr7NNRlvc5U16wscVkvX9Dqf3mKEJaPVmT/ZzYpSwze4yPKrLhjdLELRa97nZVtF70hlpE2gKLmkypgoAAAAAAAAAAAAAAAAAAAAAAAAAAAAAAAAAAOg7wFksR2FbQ7JpNVsrYpDR/0WoQAY1J1MTuqmvLi0/+9x6D9r6T2TZ1Uujy7iWv9WqHnov58VWtP7UmzTDSNrrq34d58xXx6FNevpKxfgjQZ6dkZlSOI7Y84ZvrW7nHBMvU7SlUfSFW6uFr7eChL3mYvaPZfhj+55nyTi3UwuFniVPRdHSu6Tk/uuRbLsmMgVMA2H4/n25pcFTNmNyhRen1ra0h5KL18PKyr+4yR3qcCeZN2zafg6pqcq+U8TcI+MoW85r4xRjb/SvPjTi05pPlr4GpHlM+es3JfnQjJe1GpFJvuNYNSHTUyE3D7OriO9ds2o05OPksWnXb9FO2rSfv0MfY9NEZQ9m7au63vMkpLiVKniVd693DY1ufvaGWhNpHlFL0FSi6FTAAAAAAAAAAAAAAAAAAAAAAAAAAAAAAAAAAAB0Hb9iEcL2GbQsQnLRUMr4pPX/dah59L1pPTkuXQ9AW8jafTt37aRa8OrnlTFNF6VbTa/A8/d43Kopa9UaYaSts5LTTQ+oNapt9Op8PXqVUZThOEE+KUWo+l9x2kTxbkGXpZY3T9mOGzhwyqYFSvpctPOuZyrv96XgzLg1HMWXcUwC4WtLErKvZz/VqU5QfwkcVsuwWWW9muU8uzioywvA7CyaXROnbwg/wOzPpz9Zg6eavFbCrhWJ1sMqpxqWn8Hmn1UoNwa98WaFPr00Lk7zmX4ZW3htomAUY8NKzzLiVOmvCDuJyj8JIttT7jaDWWqMsezLpOW9tlmcVqoYdizfq+iyXzMTvRoZf9lzSVTenw2b60sExSS9tOC+Yy0kTLgAxUAAAAAAAAAAAAAAAAAAAAAAAAAAAAAAAAAAHBZ8wSWZskZhy3HXXFsKu7Hl/raM4f2jzqYpb1LO5dvVjwzpeZNNdJJ6P4o9I8untR53NruHvC9pWaMNlHgdpjV/Q4fDhuKi0O8UrprS101bRy2UbFYrmrBcMfNXmJWlu16J1oR+Zw7ej66a+k7nsZt43m1/ItpU5Rr5mwqnL1O8pJnR09EdOMYQUIR0jFcKXglyKy5xa9Aj09r/EqZKgi3+8Jlg+9ntEoSi15fFVdc11VW3o1F+0ywME9Fr0MyO1bypXwPeb/L86clRzHgljdwlpylOmpUJpeleSh70YcwlqtV8TWaH3FaPrz6mYXZbSUd6axhJ85YBien3aZh5quifMyu7My/VpvcZXoOSSvMPxS39f8FnNfuxl7E2mpABkoAAAAAAAAAAAAAAAAAAAAAAAAAAAAAAAAAAKPp7Tz77yNKNLbtn+ENOGOZ8U05f7VUPQQ+ntPPnvFTc9tufJ6dczYrr7Lysvkd4C2dRacy4u7tau/wBvmzW2inrVzbhCX9bpv5Fuqibhqn0Ls7olOndbzmyuhUWqebcObT9FVP5HSRP+ipRdCpkqPDtiMkwvNn2RdoNGgvK4Xi1fCq1RLm6dxS8pFN+ClQf3mRWwbi3Fk2Hae5bqY/uk47d04t/kTE8OxJ6dy8sqLfurEK06Sa17/E0x0Kxeq1Zkx2ddZUN73IMpPTjq38F7bGuYzQptLno/aZBbiVata72GzWpR+tLGHTen2ZW9WMvg2W6T9TrroipSP1V6ipkoAAAAAAAAAAAAAAAAAAAAAAAAAAAAAAAAAAKPpr4EA29dhNTA94raXhNWHC6OacSqRWn5lSvKrF/dqJ+0n5fNaES/asbEbbJm1bCtr2F1p/RM90a1O/oy5qnfW0KUeKPgp0uB6P8AOhJ689F1jsYHx0ktH3F0d0+6dlvN7LbjRvgzdha+9XjH5lq1VhGT45JR7uev4F7ty7JWObQN5/Z9huWqMKlXDcZt8buZ1pcEKdpaVI1q0vFvhiopd8pRXLqd0T2roVKIqZCz+99luebN2LaZgtODnOeW7y4hFLrKjDyy+NMgIjwzk09OfP3npFzHhFHH8v4ngdxFSpYjZ17SafRxqU5Qafskec3NmVcwZIzBiWT8z4bXw3GMDuZ2F9a10lOlVpvTn3NNaNNNppprkzvCjjo0aaevB7zIPcItpXe9ts3pRj9TE61Z+hQtK8vkY9QqxnDlPnHxMruzKyvieO72GXMWtMMuLmywGzxC9va8IN07aMrWpSpynLTRcVSpGKXVv1M6ukTUR+qvUVKIqZKAAAAAAAAAAAAAAAAAAAAAAAAAAAAAAAAAAAYDdr3cWUNlGRrSpBO7q5irTpPvVONpPj+MqfwM+Sym9Buq5H3pcuYXgubsYxfCrnA69W4w+8w6cNacqkYxmp06kXGcWox5cmmuTXPWzyiBedvBaSnp6kjKrsxb6jZ73eAUqtRQ+m4RitvDiaXHLyHGorxelNv2GQGJdjtU8o1hG3xOi3rpdZc1kvbC4SfuRdTd17MvKWxDaPg+1HGtp2K5jxXApyr2NtQsYWNtGtKEocVTz6k6iUZy0XFFa6a69Dq2dDNUFEtFoVOAIY+1NyrRwberu8So06cPy/gOHYhPgWmtSKnQbfp0oR5kzhHTv67lu8Nt121LaHs/w/BMXweGD2mHW9vPE4W1zSdN1JTTjVSg9ZVG01Lp1SLj5RF9C0ptpyWvobJHex3rW9LMW02yjTpqpOxwqqn+dwqrcJ+zWSMfKvZ374NOuqH+J+rJ6/WjjGHuHv8ALmYvZ6bn23XYDn/Hc8bS6WE4Th+J4M8NWG0r6N3c1avloVITk6adOEYqM19Zt8fRczrK+DPgAHAAAAAAAAAAAAAAAAAAAAAAAAAAAAAAAAAAAAAAAAAAAAAAKaLwRUAAAAAAAAAAAAAAAAAAAAAAAAAAAAAAAAAAAAAAAAAAAAAAAAAAAAAAAAAAAAAAAAAAAAAAAAAAAAAAAAAAAAAAAAAAAAAAAAAAAAAAAAAAAAAAAAAAAAAAAAAAAAAAAAAAAAAAAAAAAAAAAAAAAAAAAAAAAAAAAAAAAAAAAAAAAAP/2Q==',1),(201656,'data:image/jpeg;base64,/9j/4AAQSkZJRgABAQAAAQABAAD/2wBDAAMCAgICAgMCAgIDAwMDBAYEBAQEBAgGBgUGCQgKCgkICQkKDA8MCgsOCwkJDRENDg8QEBEQCgwSExIQEw8QEBD/2wBDAQMDAwQDBAgEBAgQCwkLEBAQEBAQEBAQEBAQEBAQEBAQEBAQEBAQEBAQEBAQEBAQEBAQEBAQEBAQEBAQEBAQEBD/wAARCAEsASwDASIAAhEBAxEB/8QAHgABAAICAwEBAQAAAAAAAAAAAAgJAQcEBQYDCgL/xABQEAACAQMCAwMJBAUFCw0AAAAAAQIDBBEFBgcSIQgxQQkTIlFhcYGRoRQyscEVgpKisyNCUmJyFhcYJDM0lLLC0eElNTZTVld0g6OktOLw/8QAGAEBAQEBAQAAAAAAAAAAAAAAAAIBAwT/xAAeEQEBAAMBAAMBAQAAAAAAAAAAAQIRMQMSITJBUf/aAAwDAQACEQMRAD8AtTAAAAAAAAAAAAAAAAAAAAAAAAAAAAAAAAAAAAAAAAAAAAAAAAAAAAAAAAAAAAAAAAAAAAAADxXGPiptjgxw61niFuvUaFra6bbylRjUfW4uHF+aoQS6ylOSSSXtfRJtB7TmXt+Q5l7fkyg3iTxd4kcWd0Xm695b41mvf3dWVV06GpVqdC3TeVSo0lLkpwj3JJdy6tvLOhst38T9Ijy6LxU3RaJZcYrV7ylj4xqYL+FZt+hDmXt+RjmXqfyZ+eq94mcc6if2rijvG6g/+r3HdTT+DrZOFS4m8VbOoprfu86M0+sv0vdpp+9VB8Gv0R5Xi8e8yUFbd7WfaT2rKE9G44bypxhhxp3GpVrin+xX54v5G8NjeVN7TO2pxp7nt9u7ut4pJu80921Zr2VLdxWfa6bMuNFwoIWdn/ymO0OMG9NE4ebk4Za1tzWNeuIWVnXoXNO9s515J4UniFSCeO/kkl4+smknlZMs0MgAwAAAAAAAAAAAAAAAAAAAAAAAAAAAAAAAAAAAK/PKd7vq6vujhvwf0+rJ1JVauuXNKMsqU2/M2ya9eVW7/WWBPu6FWHFPU6nFvyi36NS85baZrthotGLeVCFrOlGo1+vKs/iXhPtla87eb0PbvFXTeG2iadZW1ntXSrSxqzo0YxqV7iVKKlOrOKTnLEIfeb6uT75PMcaelXGE46hUpPP3YxWMfDBtPtS7gjvbtEb71R1vO06muVFTknn0KTUEl7PRNf0U3PmT6N5O+kusuLK8t4KdatQuMpYzD0mu7xXt9fgcata1+eSjSpqXqjUlF4fid3cxzXowz92M3h9cdUdPeVI2+t2yi8ctHv7+9sywceMK9JJV414x6xSdbK6d/VerqzFTMeVqlWlzTUMOTy5PuXX3M5mrw5dKnOWeZOUl75ZX5nGvaip07a4eMzu6L/EzjXseCW6LDY3GPY269c87T07RtfsdRu6tGXpQt6VeDqSXe3yrq0llrKXeX26Br2j7o0Wx3Ht7UaF/pmpW8Lq0uqMuaFalNc0ZRfqaZ+em/f2eNOuu6FaUOnqnF/mkWreS94maluzg/rGw9Tq+cezr6nGzk31ja3KnOMPdGpCtj2SS8DnnP62JngA5tAAAAAAAAAAAAAAAAAAAAAAAAAAAAAAAAAABx9RvaGm2FxqN1Pko2tKdapJ+EYpyb+SZUb2Sbu43l2qa2/LyPMvtF7rleTf86o61dL9xfIst7TO4am1uz9xB1qi2qlHb17Cm13qdSm6cX85orm7FmiTt7/cW4aKw5TnptL1vlspKX1uonXy7tOXEZN4Xv6S4gbk1TCUbjUbmUF7HVk/wwcGm1zJyXvP5rT8/fXVw2nz1Zz7u9yk3n8DMGkuvzOzH9XHK7iDw+lP8Zf8AA6DU8vcVNRx0pRXf3dWd/wCi7hvOcU44+bPOarUVPX4TaxlRX4k0c/VP8wjTfXnnFfI6vUp9dOpJp+k6nyWPzOVcXsL6VS3pd1tUVPvzl4bZwdS66jbUor/J0n3eHX/gKO21Vec0lyXd6Evfhk9vJLazOG8N+6F3wutIsbzv7nTrTg/4v0IFVU6ulVkmm1DPTw7iY/kptwUdO44axotdJy1fbVaFJ57p0a9KbX7LfyIz5Wxa4ADioAAAAAAAAAAAAAAAAAAAAAAAAAAAAAAAAAAGie3HdfZOyxvyXjVtbagv17ujH8yGfY2tG9u062Vi71/Uqf00em/4jJp9tjTZ6p2W+INCnBynQ02F4seHma9Oq38oMhr2NZ0qm3NOpZWbfcWq1Zr2RqaJP8Is7eSckHYQnQnKFRelzSfwyfaE2llpr1n83bhUquUF1T8PFeB86VT0sLv/AAOrHKlU/lpNYwoxSz8TzO56c/ttOvGPVRjy49j/AOJ6LKdSeEvDuXsOo1uzV9RcM9cYyumGZR5vS9ThZatqlGvLpUrKpD9ZZ/M7NSlc6m6uGsU4t/Hqebr2tSGvwVWLUnRp5TXXKzH8j1Gn005zqtLM2ks+pdDnG13VGPnLSpSx96Dx8iRXk4tQ+xdqbadN55bujqNv87SrL8YojtZRUXlPPh8CQfk87GtedqrZ1Om1m0nf3M8tfcVlWT+rRufKRc2DC6LBk4KAAAAAAAAAAAAAAAAAAAAAAAAAAAAAAAAAAB5TixoC3Vwv3dtp0+d6pod9ZxX9adCcV9WitHsiajOy2rcXkn0tdcq+cT/o1Y6Xz/uwkWsSipJxaTT70/UVQ7E06psLVeNm0Elybd1nUVRSllR8xTnJfuUY/I6+V+9MyRa31oD2nvrcO1Zy/wCZtXvbBevFGvOmvpE6N1Y8/M8fM2l2tdMWkdpXiXZqOE9y3lxFeyq1VX8Q0/CtJtyaxjHgddpdnTqLmks+Ka+SOPcVkpcrlhy6JvuPjTuPTdOOU2+9nE3HcK20i5uVJRdOm2uni+i+rRlrXlra7lqWuXF45JxcuSD8FGPRf/vaestU5Rj6jxe16f8AJRbfV9X8z2trKKxDwf1JwmyuwoSazHvSS7lgkf5PerO37W20VSrRpqtT1GEsr78XZVny/RP4EcYdc5UVjGMklvJ3VbWHav2urhRbnaalGk3/ADan2Sph+/CkviM+EXEIyAcFAAAAAAAAAAAAAAAAAAAAAAAAAAAAAAAAAAAFUV/Wk+MHafsX3057iuI+xq1vPySLXG8JsqruLBz7UHaP0ipH/PLfcCx7KmmX00/wOnn1lag7btNx7TG7rrolfw06+yvHzthbyz9TQzp+lnwfQ3t2ypO54uafqb6vUtm7bu234uWnUl/smjI+l0bX5HbqXxUnCaeV19ncdbvGfPt28z3/AMnj386O5VJVYdH6UWzoN45/QVxF5ypU2/20RlxsdLtycYPlcfDoett6sG+r7+5YPIaHTzQpyz1SPT2kllJ4XxNx4V3VKa65ff06okD2EanmO1bsGS6ecubqHzs65Hqm44wl72b27EcnHtUcOZKWc6pUXw+zVhnwi7BdyMmI/dXuMnnUAAAAAAAAAAAAAAAAAAAAAAAAAAAAAAAAAADDWU0V3bq2o9F7a3FiVeOKOs2VtWpZ6KautC1GOP26Ml8CxIi/x927ptHjntrcFNRV1qb02zuUl306VPVlFv3qvNfql+f6ZlxXN2tU6uscNdUcsvUOF22azfrcbaUH/qGhftVSEsKCl6sm+O1JOVXRuCdeX3p8LNHi/wBWrcRX0RoeCi8y7vBe87VJTv6tOTSimvFnnt7XU/0dGKyncVlGS9iWfxwegUFyt+zxR1+8traxLZdpvR2z/RT1ippCq+H2mNCFZx/YkmRnfpseb0bnhhxfR46e9HpbNdW13L1nn9Lg+WL/AKqz8z0Vk0unjkrEruLWKkvSWMm+exQku1Tw6hHp/wAqTf8A7eqaItKmM/dz4G7exbVnS7VfDidTpnVnBe+VGojcuEXcx+6vcZMR+6vcZPMoAAAAAAAAAAAAAAAAAAAAAAAAAAAAAAAAAAAibx71ec+0lo2kpvkstO0a8x6nKpq6k/lFEsiHPHKlL/C5tabTX2ja2lTg8f0a+pQf8Qvz/TMuIGdqan5jSeCls31hwr0aX7dSvL8zRHSKxHvwb77V2XZcF6qzifCnQsY8cOsjQU3iLSecHapYpp8yj0TfQmDxB4JfZvJbaHu6nbf47/dZHddaXjGhcTlYx+Hm/Msh9LmhHnh1lyvGF1bx0LrN9cI1q3YYveEtO0cK9Hh/StqdHl6/aqFpCrFY9fnaa+JyzVPpRbpVFqEU+9ZX4HZQnyTxnD9RxtOh6Lny+Kfz6fmcupDEsuLXgXGVy6dSo5rknhPobv7ItyrTtM8MK/PzZ3JbUX1/p80PzNFU5Yaaw+mOhsTgfuGW3uK+yddtoudbT9yaZXUc9+Lmmmvk2VeC/uP3V7jJhPK+Jk8ygAAAAAAAAAAAAAAAAAAAAAAAAAAAAAAAAAACKXHm0lLtUbLrxj0q6DTpyfrUL2bS/fZK0jTx3rWkOP8Asdxl/jNK1pOosd1KV1Nr5+bqfIvD9My4rd7Ujb25wNk/+6/TI9fZXuEaFnnEk1jHqZvjtQSdPROCNpU+/S4YaZOSXgp3FxKP0aNDzWFjr1O1S9Xwr2xU3txT2ds+nSdT9Ma9p9lKK8YTuIKX7vMfoDlThKk6UqcXBrlcWujj3Yx6sFMfk8NoR3f2rtrVq1B1Lfb9C81qrjujKlRcKbf/AJlWHyLn36Mfcjjn1Ufnf4kbbp7T4lby2vThyQ0nXdRsqcUvuwpXM4xX7MUdHOD6v4o272tNGlonaf4pWU6XJzbmvbiKx/NrctZfSoaoxF0YSx1a+Z0x4yuMvRWX0+HQ99wCt6d1xp2FRr0lUpz3PpalFrKa+1U+h4JLM3iL+ZtLsz20Lnj/AMOKFTpCpunTE/8ASYMXhF9i7vizJhGTgoAAAAAAAAAAAAAAAAAAAAAAAAAAAAAAAAAAAiBx7u6ke0XVvJSaWn6JpkKbz3NWmv3D/hRfwJfkO+1DRraZxO3JqfWMamyZ3cJ+2jpW4IPHtXnI/Mvz/TMuIDdrGs/0/wAOdPUVjT+GG16WPbK1dR/WZoeU220unf8AI3t2xU7fixpumNNKw2Xtm1SXglplF/7RoqajCLST5jqlOfySml0qvF7e2rTinVtNuUqEH6vO3UXL+Ei00rC8kRme+uItSUcNaRYJdfB16v8AuLPThl1anPyl+13oHap1TUoW7p09xaRp+pJ4wpzVN0JtfGgviRUUU6MWk010J0eVrcf78+yUormW2KjcvFr7ZPC+HX5sgxTxKhFLwWDrjxNfHLjlPJs3s2J1ePfDmnSypvdOmLK/8TA1lJde7qbT7LdxStu0Xw1uK+OSO6dOzzL11or8WbSVfQjJhGTgoAAAAAAAAAAAAAAAAAAAAAAAAAAAAAAAAAAAjT20dNsrfaWo7lWVd0to7lpS9TprTa8Y5906+P1iSxFntyVJ/wBw24IZl12ldWdNZ6OpeX9nbpL2tSaL8/0zLiuvtx2k6PHy7snNedtNvaBRlj+nHTKCfwI+060ud06j9JfUkH26LqnW7Uu+adJpwsri1sl7FSs6MMfQ0DUlFrMYRUl3nRm1hHkjbbG7OJNxHujp+m0373Vrv8iy8rt8kTYxlY8S9V8XU0q3T+FxJ/iixI5ZdUqt8rYpLjXsqS/7Ly6+68qf7yDNvJeaik/Bv6snP5W5P+/Nsh9P+jM//l1CCtvhQSk+/P4s6YcTWakkmunf8j0fDXVp6Fv/AGzrlKfJKw1iyuVJd8XCvCWfoecq8qXMm/Wz6WlWVCtCrHpyNyXTuwsm0j9Gse4yddty7d9t/Tb1y5ncWdCrn181OLz9TsTgoAAAAAAAAAAAAAAAAAAAAAAAAAAAAAAAAAAAi/2wqFTUq2iaDh8usaztjSl7XW1unUkv2bWRKAjV2karvuKnCbRo9PtHEHRJf2lbW9/cy+WYfMvz7tlVZ9p/V/0/2huJGqNqSrbn1CMev82FZ04r5QRqd5jJY7010PVcRtRlrG/ty6tlv7ZrF9cYz389xN/gzycpc01h+J0rIs78kdBR2hxHkl36rYR+VCo/zLACAvkkYNbG4h1G/va1ZL5Wr/3k+jjl1SrTyuFu1xY2LctdJ7duIe/lu/8A7oghTWILGfvS/EsJ8rxZyhuXhtqKT/lNP1Ohn+zWt5Y/eK9IdY4/rv8AE6Y8TWXnLXcvUzNNKc/NR/nZj80ZqJRSkpe9H8W7lC4jJ4xzJ95pF/XZ63DDdfAvYG4Iy5nebc0+c3nPpqhGMv3os2ERy8nvri1vsl7IzU552Eb2wk893m7uqor9lxJGnGqAAAAAAAAAAAAAAAAAAAAAAAAAAAAAAAAAAAIqcatVo1u0nwzpVZ5paTf7l1hp9ElaaHSipfCVeXzJVPuIF8X90057/wB071nWjWhtvhvvrUaE0+kXc6mtPofFxt3j3M6efU5Kxr26ncXNS7bz56UqjXvbb/E4UsZUoY9RlTlL0ebrFcr+B/MklJL1v1ldItF8kjKMuHW/cd/6ctc/6Kie5AHyRVSEth8QqcX1jrVm2vY7Z4/Bk/jll1SvLyvlk5be4Z6koZVK+1O2lL+3ToSS/wDTfyK0KaalKLz1k3gtY8rTp0K3BHampv79pumEF7p2lfP+qiq5UoznPr4+L9iLx4yvlVjiOG8YWcLwPmpZq02k+klnJyJW8pSSS6eIuVSjGNNQfN0zLHj4dStMW4+Sw1H7Z2abqxlLL07c9/RS9SlCjU/GbJikDfJJajUq8MN9aTKeY2u4aNeKz3edtYJ/WmTyOV6oABgAAAAAAAAAAAAAAAAAAAAAAAAAAAAAAAA6fd+47PaO2NU3Pf5dDTLSpdSjFNym4xbUUl1bbwkl3torV7QOrPa/D3i1SqzjO5trDanDWNWDTVa9Tq6nqijJeqpVlGWO5lnd5ZWmoW8rS+tqVxRm05U6sFKLw01lP2pP4EJO0j2Ct9722lpO2+Em9dNlb2eua1uTUae4Z1IV7++v6sZ8/nqUJRzCC82uaHdh5zkvCyMs2qqrKLbq0VPD6NeKPg22+aKzFPpnvySj1nyeHa40qUnT4ZafqkY59Kx1yzmpe5VJwl9DqtO8n/2t9Tulb0uDDsW3/lbvVbOFOPtb88/omVuf6SJS+SDmntribSz1jqGmSa9WaNZfkWFkZuwx2Vtd7Meydap7v1uzvtwbouaFzeUrFylbWsKMJRp0ozkk5y9OblLCXVJLplyZOd+61EHyo2nUL7sz07io8TstyafVpe1yVWm1+zN/IqLt+abk+XleFnK71jBfP2iuCum8f+E+scNtQvnYVbzzVxZXnJz/AGa6pTU6U3HK5o5WJLPWMnjDwViat5MvtUWd/UtbLRts6hSpyahdW+uQhTms/eUasFJdPBorG6ZZtFdx9Houp8bpVMRjGmnBYwknkl/onkuO01qVSMNUu9naXTffKtrFSpy/q0qDz8zbWyPJJ11Vhc8ReMUcZXnLfQ9MfM16lWuJPHv82V8ozT7eSE1GnPT+J+mwcnivpNzjHRNwuIvqvH0V09hYqa14H9nnhd2etAuNB4baJO2d9KE7++uazr3d7OCag6tR96ipPEYpRWXhLLNlHO3dUAAwAAAAAAAAAAAAAAAAAAAAAAAAAAAAAAAAAABjCfeMJdyMgAAAAAAAAAAAAAAAAAAAAAAAAAAAAAAAAAAAAAAAAAAAAAAAAAAAAAAAAAAAAAAAAAAAAAAAAAAAAAAAAAAAAAAAAAAAAAAAAAAAAAAAAAAAAAAAAAAAAAAAAAAAAAAAAAAAAAAAAAAAAAAAAAAAAAAAAAAAAAAAAAAAAAAAAAAAAAAAAAAAP//Z',2),(201657,'data:image/jpeg;base64,/9j/4AAQSkZJRgABAQAAAQABAAD/2wBDAAMCAgICAgMCAgIDAwMDBAYEBAQEBAgGBgUGCQgKCgkICQkKDA8MCgsOCwkJDRENDg8QEBEQCgwSExIQEw8QEBD/2wBDAQMDAwQDBAgEBAgQCwkLEBAQEBAQEBAQEBAQEBAQEBAQEBAQEBAQEBAQEBAQEBAQEBAQEBAQEBAQEBAQEBAQEBD/wAARCAEsASwDASIAAhEBAxEB/8QAHgABAAEDBQEAAAAAAAAAAAAAAAkBBwgDBAUGCgL/xABNEAACAQIDBQMIBQYIDwAAAAAAAQIDBAUGEQcIEiExCUFREyJhcYGRocEUMlKSsRVCYnKysyQlJjN0lMLRFhcYOENjZISToqOktOHw/8QAGAEBAQEBAQAAAAAAAAAAAAAAAAEDAgT/xAAeEQEBAAIDAAMBAAAAAAAAAAAAAQIxAxEhEhNBIv/aAAwDAQACEQMRAD8AlTAAAAAAAAAAAAAAAAAAAAAAAAAAAAAAAAAAAAAAAAAAAAAAAAAAAAAAAAAAAAAAAAAAAAAADqO1naLhWyfZ1j+0LGIqpQwSyqXMaLqKDuKqWlOkpPo5zcYrr16MDtuo4kurRBrnDeZ2+5gx6+xyO2POVpO+uatx5CwzDdUKNupScvJ06cZqKjFPhitOiRxdLeo3ncOWlpvFZ9pKPRXWIfSF75ptmn11O073FH7S944o/aXvIIau+NveRUnS3h8x1Vry0q0Yv918zY1t8Pe3lzq7eM56foXkV+zEnwqp7OKP2l7wmn0aIDYb5G9JTab2/Z2TS/OxCT/FHZcudoFvbZfqxq2+2e+vorTWliNna3UJeh8dLi9zRPhROcCP3dP7S7GNpOccG2Y7Yso2dviGOXVOww/G8J1p0J158oQr0JybhxS5KUJNataxS5kgK5kss2KgAgAAAAAAAAAAAAAAAAAAAAAAAAAAAAAAAAAAAR69qPtPuFc5Y2UYdf1YUadKeM4nTp1WozlKXk7eMkurXDUktftJkhL6EJO9Vnm+zttxz1jmIXcLnyWK3Fpbyimoxo0ZOjRjH0KEF7dX3nfHO6lWOv7iFWpLVxfnPRuPNrp3ek42vxtaU6j1/W+TNaXnTnz5RagvZzfyNrVbT1fqPQ5aEp1E2pwT9Lh80UUl1aUWu5Ta/EpLnz15jXRaN6kXp9KpLulPn6UysZuFTV1Ki9x8N+Y0l3H23pOWiXp5HNhXK5fzBe5exywx7C7qrQvcNuaV5bVozSnTq05qcZLn1Tij0L5OzLh2csqYPm3CLiNeyxmwoX9vUitFKnVpqcXp3fW6d3Q861GbjUUmlq9NGkSwdlLtBxPMWyTM+Q8Rup16eU8XhOy45a+Strum5+Tj4RVWnWaX6bOM5+rGcIAMlAAAAAAAAAAAAAAAAAAAAAAAAAAAAAAAAAAB1naZmqnkfZ7mTOFSpGH5Gwq6vYuXRzhTk4r2y0XtIHc8YhOvdV7yvNzr3lfWpJvnOXWT9r/EmC388yvLu7bj9GMnGWMXFphqaej0lVU5r2wpSRC/m25qTr4cl1q1auj/AEkl/wCjbj8nbmuOo8XBJ8nzb18Xr1+Bt6remumvcblRSpKEei5exI29SPLu0NUbZrV9AtF1XMS110bXJFP7iKSbfJ97S+JWEtZNN97PmTXFCKXWS+HM+aTab158yX0a1N6TitOjJFOyKxCUM0bR8LU3w1sNw244e5uFavHX3TRHW1pNPlzM+uyRuktrGdbPVa1Mt0qiXe+G6gv7ZxnpYlLABioAAAAAAAAAAAAAAAAAAAAAAAAAAAAAAAAAAMRe0ylWjsIwt0+Lg/wgpcen9Gr6ESWORp1YWrqdaU51IPwbXC/gTIdoZhUsS3asVrRhxfk/EbG6foXlHTb/AOoQ34mvKRp8PPhcvjob8enNce5pQ0XR+jmadRLRLXTvPqWkfN0TaZ8y6dFqaI2s9HI0KtTyc+LufU3FReCNhfupCk6qjqo9Tm11trRrRnJaPTSLZWl1eqXM43DK3llUl46JaeByEHpo13E77StxouXN+0zJ7LnHKuG7zEMOhJcOL5ev7aa8eB06y/dsw2Tb0S56GT/Z1Vb203qsnXtK2rTt07y1r1YwbhT8rZ11HifRauPLXrpyJlpe004KLmipgoAAAAAAAAAAAAAAAAAAAAAAAAAAAAAAAAAALJb6dn9N3Ys9wUeJ0rKlXS/UuKUn8EyELF6nBFJPva0RO3vPWcb7d52i0JvRRy3fVfbCk5r9kgexZuTWv2tehtxaSthCblrxfiV4n0+JoOTi9fT3h1JN+HLuNUVnzeib8TreaKtWnK3jSm05OUHo+5rmdh15Pm+fd3nWc0S4ry2peEZS+JnnfFjcYL5tKS19RysHqk0cNhsuGOiOXpttaaCFbym09FzXMzu3Sr3dswjM2zihkfFseqbRsUxTBqOJWs69w7Sc+B1LpqLj5JqEnJLV6pqSjqnq8Dovl09xfzcemv8AKn2barl+WtF/wKouiJzI/VXqKlI/VXqKmCgAAAAAAAAAAAAAAAAAAAAAAAAAAAAAAAAAAtNvY3Ts92vaVXU+H+TV7HX9am4/MgoxR+cuenX5E4e+rcfRd1faTV8cFnT+9UhH5kHd/rJwbb6SZtxaSuLb7mfL0XcfcnxN8uh8S0S9aNR8pvomdYzJFvE6Tev80vxZ2XTR8kdczHzxCk+X80vxZnnoitg+frOZpvzUteZwtlqpckczRemmvIQbun058y+W5dcfR96LZlJPTXMFGH3ozj8yxsG+uhevc2g57z+zLhXNZktX7tWxdEqd6P1V6ipSPReoqYKAAAAAAAAAAAAAAAAAAAAAAAAAAAAAAAAAACwe/fJx3S9orT0/i+gv+7okJF/z8klrrwNvn6Sbbfx/zSdo3LX+AUP/AC6BCRiXmulHvjTNuIbBTjBvVatmnOcG/D5lZPv06o0ammqXeaVFXJd0up1vHpKV/TWnONNa+9s7F5vEtemp2Pbzswu9nVTIN1c0XCGbck4XmGOq086t5SM/jDX2ozzqreWXJ8mcvS+qn7jibPrroctSei0RYNxB9E2+Zf3ccs5329Vs2ow/Mxryz18IUKs3+yWDptePrRkz2d1qrve3yLF/6KV9W6fZsq4y0kTZx+qvUVKLoipgoAAAAAAAAAAAAAAAAAAAAAAAAAAAAAAAAAALGb8NF190/aXBa+bgsqnL9GrTl8iD3G5ONxGn4Ul8idXe/tnd7sO06iot/wAmb6eiX2afF8iCnH3/ABlOCa8yEV8Ea8ekcZKXPmuj5GnUk9Xou4q9OLq0ab859Wadje4VhN7j2JWeB4fTlUu8Sr0rO3hFc5VaslCC+9JGc3a1bLrTJ+DbGcRsILyOF4LXyq5R+zbQoypfB1Cxu4jkSnn/AHqcg4XdU+O2w29njdxy1XDaU5VoJ+h1I0l7TOvtdMrRxbdywbMcY61cBzNbSb06U69GrSl/zOBlnfelQ9W0NIprr3HIUX0WvU2dvFeT005pmvSbU3y9R3Bv4Na8u8yr7NNRlvc5U16wscVkvX9Dqf3mKEJaPVmT/ZzYpSwze4yPKrLhjdLELRa97nZVtF70hlpE2gKLmkypgoAAAAAAAAAAAAAAAAAAAAAAAAAAAAAAAAAAOg7wFksR2FbQ7JpNVsrYpDR/0WoQAY1J1MTuqmvLi0/+9x6D9r6T2TZ1Uujy7iWv9WqHnov58VWtP7UmzTDSNrrq34d58xXx6FNevpKxfgjQZ6dkZlSOI7Y84ZvrW7nHBMvU7SlUfSFW6uFr7eChL3mYvaPZfhj+55nyTi3UwuFniVPRdHSu6Tk/uuRbLsmMgVMA2H4/n25pcFTNmNyhRen1ra0h5KL18PKyr+4yR3qcCeZN2zafg6pqcq+U8TcI+MoW85r4xRjb/SvPjTi05pPlr4GpHlM+es3JfnQjJe1GpFJvuNYNSHTUyE3D7OriO9ds2o05OPksWnXb9FO2rSfv0MfY9NEZQ9m7au63vMkpLiVKniVd693DY1ufvaGWhNpHlFL0FSi6FTAAAAAAAAAAAAAAAAAAAAAAAAAAAAAAAAAAAB0Hb9iEcL2GbQsQnLRUMr4pPX/dah59L1pPTkuXQ9AW8jafTt37aRa8OrnlTFNF6VbTa/A8/d43Kopa9UaYaSts5LTTQ+oNapt9Op8PXqVUZThOEE+KUWo+l9x2kTxbkGXpZY3T9mOGzhwyqYFSvpctPOuZyrv96XgzLg1HMWXcUwC4WtLErKvZz/VqU5QfwkcVsuwWWW9muU8uzioywvA7CyaXROnbwg/wOzPpz9Zg6eavFbCrhWJ1sMqpxqWn8Hmn1UoNwa98WaFPr00Lk7zmX4ZW3htomAUY8NKzzLiVOmvCDuJyj8JIttT7jaDWWqMsezLpOW9tlmcVqoYdizfq+iyXzMTvRoZf9lzSVTenw2b60sExSS9tOC+Yy0kTLgAxUAAAAAAAAAAAAAAAAAAAAAAAAAAAAAAAAAAHBZ8wSWZskZhy3HXXFsKu7Hl/raM4f2jzqYpb1LO5dvVjwzpeZNNdJJ6P4o9I8untR53NruHvC9pWaMNlHgdpjV/Q4fDhuKi0O8UrprS101bRy2UbFYrmrBcMfNXmJWlu16J1oR+Zw7ej66a+k7nsZt43m1/ItpU5Rr5mwqnL1O8pJnR09EdOMYQUIR0jFcKXglyKy5xa9Aj09r/EqZKgi3+8Jlg+9ntEoSi15fFVdc11VW3o1F+0ywME9Fr0MyO1bypXwPeb/L86clRzHgljdwlpylOmpUJpeleSh70YcwlqtV8TWaH3FaPrz6mYXZbSUd6axhJ85YBien3aZh5quifMyu7My/VpvcZXoOSSvMPxS39f8FnNfuxl7E2mpABkoAAAAAAAAAAAAAAAAAAAAAAAAAAAAAAAAAAKPp7Tz77yNKNLbtn+ENOGOZ8U05f7VUPQQ+ntPPnvFTc9tufJ6dczYrr7Lysvkd4C2dRacy4u7tau/wBvmzW2inrVzbhCX9bpv5Fuqibhqn0Ls7olOndbzmyuhUWqebcObT9FVP5HSRP+ipRdCpkqPDtiMkwvNn2RdoNGgvK4Xi1fCq1RLm6dxS8pFN+ClQf3mRWwbi3Fk2Hae5bqY/uk47d04t/kTE8OxJ6dy8sqLfurEK06Sa17/E0x0Kxeq1Zkx2ddZUN73IMpPTjq38F7bGuYzQptLno/aZBbiVata72GzWpR+tLGHTen2ZW9WMvg2W6T9TrroipSP1V6ipkoAAAAAAAAAAAAAAAAAAAAAAAAAAAAAAAAAAKPpr4EA29dhNTA94raXhNWHC6OacSqRWn5lSvKrF/dqJ+0n5fNaES/asbEbbJm1bCtr2F1p/RM90a1O/oy5qnfW0KUeKPgp0uB6P8AOhJ689F1jsYHx0ktH3F0d0+6dlvN7LbjRvgzdha+9XjH5lq1VhGT45JR7uev4F7ty7JWObQN5/Z9huWqMKlXDcZt8buZ1pcEKdpaVI1q0vFvhiopd8pRXLqd0T2roVKIqZCz+99luebN2LaZgtODnOeW7y4hFLrKjDyy+NMgIjwzk09OfP3npFzHhFHH8v4ngdxFSpYjZ17SafRxqU5Qafskec3NmVcwZIzBiWT8z4bXw3GMDuZ2F9a10lOlVpvTn3NNaNNNppprkzvCjjo0aaevB7zIPcItpXe9ts3pRj9TE61Z+hQtK8vkY9QqxnDlPnHxMruzKyvieO72GXMWtMMuLmywGzxC9va8IN07aMrWpSpynLTRcVSpGKXVv1M6ukTUR+qvUVKIqZKAAAAAAAAAAAAAAAAAAAAAAAAAAAAAAAAAAAYDdr3cWUNlGRrSpBO7q5irTpPvVONpPj+MqfwM+Sym9Buq5H3pcuYXgubsYxfCrnA69W4w+8w6cNacqkYxmp06kXGcWox5cmmuTXPWzyiBedvBaSnp6kjKrsxb6jZ73eAUqtRQ+m4RitvDiaXHLyHGorxelNv2GQGJdjtU8o1hG3xOi3rpdZc1kvbC4SfuRdTd17MvKWxDaPg+1HGtp2K5jxXApyr2NtQsYWNtGtKEocVTz6k6iUZy0XFFa6a69Dq2dDNUFEtFoVOAIY+1NyrRwberu8So06cPy/gOHYhPgWmtSKnQbfp0oR5kzhHTv67lu8Nt121LaHs/w/BMXweGD2mHW9vPE4W1zSdN1JTTjVSg9ZVG01Lp1SLj5RF9C0ptpyWvobJHex3rW9LMW02yjTpqpOxwqqn+dwqrcJ+zWSMfKvZ374NOuqH+J+rJ6/WjjGHuHv8ALmYvZ6bn23XYDn/Hc8bS6WE4Th+J4M8NWG0r6N3c1avloVITk6adOEYqM19Zt8fRczrK+DPgAHAAAAAAAAAAAAAAAAAAAAAAAAAAAAAAAAAAAAAAAAAAAAAAKaLwRUAAAAAAAAAAAAAAAAAAAAAAAAAAAAAAAAAAAAAAAAAAAAAAAAAAAAAAAAAAAAAAAAAAAAAAAAAAAAAAAAAAAAAAAAAAAAAAAAAAAAAAAAAAAAAAAAAAAAAAAAAAAAAAAAAAAAAAAAAAAAAAAAAAAAAAAAAAAAAAAAAAAAAAAAAAAAP/2Q==',2),(201658,'data:image/jpeg;base64,/9j/4AAQSkZJRgABAQAAAQABAAD/2wBDAAMCAgICAgMCAgIDAwMDBAYEBAQEBAgGBgUGCQgKCgkICQkKDA8MCgsOCwkJDRENDg8QEBEQCgwSExIQEw8QEBD/2wBDAQMDAwQDBAgEBAgQCwkLEBAQEBAQEBAQEBAQEBAQEBAQEBAQEBAQEBAQEBAQEBAQEBAQEBAQEBAQEBAQEBAQEBD/wAARCAEsASwDASIAAhEBAxEB/8QAHgABAAEEAwEBAAAAAAAAAAAAAAIBAwgJBAYHBQr/xABPEAACAQMBBQQGBQkDBg8AAAAAAQIDBBEFBgcSITEIQVFhCRMicYGhFDJCkcEVIzNSYnKSscKipMMWFySztNMYJTQ4Q0VGU1SChIWUsvD/xAAcAQEAAQUBAQAAAAAAAAAAAAAABgECBAUHAwj/xAA8EQACAQIDBQQHBgQHAAAAAAAAAQIDEQQFIQYSMVGxE0FxkQciYWKBocEUI1JystEVM+HwJDQ1QlOS8f/aAAwDAQACEQMRAD8A2pgAAAAAAAAAAAAAAAAAAAAAAAAAAAAAAAAAAAAAAAAAAAAAAAAAAAAAAAAAAAAAAAAAAAAAAAAAAAAAAHD1XV9K0KwrarrWo2thZW0XOtc3NWNKlTiu+UpNJL3sqk27IN21ZzCmUuWTBvf/AOlT3T7vLi62d3T6XPbbWKGac72U5W+mUZru48esrNPP1FGP7ZgfvL9If2l95detTvt5l3s/p9VvhsNnKS0+Ci/supFyrS+NRm3w2S4iu/vGoL3uPlx87GPPExS9XXwN6Fe6traKncV6dKL76klFfMpQu7a5i5W1xTqpdXCal/I/OfLajWdpKzr6jd393UqPMri/vatWcn4tyk5P4nbd3GibRbS7Z6HsnsrqeoUr/Wb+jY0pWtacJJzkk5JRkuSWW+fRM30dkISp9p9o0/Lp+oxJZg1K258z9BGV1/mE0+jNI1Db3f1u4201fZrT99u19OGgX9Wxq1bTX7idvWnSm4tRjKTTWU8rywem6H23O09s7wv/ADiLVKMfrUtS063rZ/8AMoRn/aPeHo/x9el22HqRcXwvdX+TPJ5zRhLdnF3NtoNe+wfpL9roVKdHb/d5pepUsJSuNJuJ2tT3+rq8cW/LiiZL7ue2XuH3jSpWlHapaDqNVqKstbh9Fk5eEajbpS+E8+Rocdsvm2XJyrUW1zj6y+XD4mVRzHDVnaMrP26HuILdGtSuKca1GpGdOaUoSi8qSfemuqLhoDOAAAAAAAAAAAAAAAAAAAAAAAAAAAAAAAAAABQAqdc253i7D7tdGltBt3tRp+i2EcpVbusouo/1YR5yqS5/Vim/IxW7Sfb603Y+8vNh9zEbTV9Yt5SoXetVcVLO0qLk4UorlXqJ9Xn1cWse28pYC7YbbbW7wdbqbR7bbRX+talV63F5Wc5RX6sF9WEf2YpLyJvkexOLzNKtiX2cH/2fw7vF+RqMXm1Og3Cl6z+Rmvvc9JTRhKtpW5jZT12MxWr61Bxj+9TtotSfk5yj+6YX759/W87eHa3evbf7ZX2rytIuVra1JKna0q0uUOChBKnHHXOM8up1/hi1yPn65oVDX9KudJr1XRddKVOolnhmnlPHes93gzpeG2aweVUJfYaa7SztJ6yvbm+HwsjRTx1XETXbS9W/DuPA7uo5ylUuK0qlSTbk89W+rOCrlU5Lhjho7Pqe7nbWzrzpQ0OvdxTwqts1UhJeK55XxSZb03dbttqVZKrpX0Cn31LyagvglmT+COcVMDmEqvZwoy3vyvqb6NahGO85q3ijg2OoVWlzeEev7jNtdtth9pP8sdi1bWV9Stq1rR1O4tlWdp6yPDKpbqXs+uUW0pYfDxN9cHE2c3V6Lo6jV1Ss9Srx58M48NFPyh1l8XjyO5xhQhGNNRXDBYUUsJLwSXJE5yjZzEzhfMH6r/28b+Pd5X+BqcTj4X+548yHrIxWFKc3lybk3Kc5N5lKTfOUm222+rY46kl+i5PxLvHCH1Y8vcRcpT7+ROVFQSjHRLkam99SwqbhLjjxQl+xJo5NK6u6eV6xTT7pxTz8SiiyPu5+Za6afEOz4nrW6TtK70t0lzTp7L7TXNKwjLM9Mu83NjNd/wCbb/N++Di/Mzq3N9urddt5C30rbe6ttk9aquME69fisq0ny9is/qZ8KmP3maulJuWH9Xv8zl0blxxHu6Y8iL5xsll+bpznHdn+JaP49z+JmYbH18I7Qd1yfD+hvQoV6VzShXoVI1KdSKnCcZJxlFrKaa5NeZcNT+4LtU7fblr6hZUbyrq+zLmvpGj3NVuEY98reTz6mfu9l9671s73ebwtl96GydltlshqCutPvY8srFSjUX1qVSP2ZxfJr4rKaZx3Ptm8VkM12nrQfCS6Pk/7TJPgcwp41WWkl3HZQAR4zwAAAAAAAAAAAAAAAAAAAAAAAAAAAYQ9vjtRX2zdGtuS3f6lO31C6op6/fUJuNS3o1FmNrCS5xnOLTm1zUWl9p4zO2h1m02c0LUdoL/P0bTLSteVsfqU4OcvlFmkLaraLU9stotV2q1m4lXvtXvKt9XnJ5fHVk5Y9yzheSRNdicop5hi3iKyvGnbTm3w8rX8jUZvipUKapwesuh8qklGHsRSXLCXRB9fEQ5JolGJ2ymiLCK5lxJNYwRXJFU8GQkWsklFeJVSiui5lsF9yhJyb7yIBersFMeJJLLwkFzLkeS5FyQKKnl+1zEoxSbf2VnBNS7u8hV+o14tBrQomWVHHXm+9+ZOLaYinJ5fJFxKK5YPMrcu0ZtSMoew/vjvd328u22R1K6l+QdrKsLSrTk/Zo3j5UKy8Mv83LxUl+qjF6msvwR97Q72tY3VC8t5yp1bapGtTknhxlFqSa+KRq82y+nmWEqYWotJLyfc/g9StKvLD1FVjxRu1Knz9n9Rer6Hp+qtJO8tKNxy/bgpfifQPmdpxdmdBTuroAAoVAAAAAAAAAAAAAAAAAAAAAAAAPIe1zrlTZ3s27wtTpVXTn+RatspJ4ea0o0v8Q1AUFGcZuK5PBtN9IRffRey1tPaqWJX9zp9tHz/ANKpz/lBmqvQK/r6LhL60Xho61sBT3cFUnzm/kl+5Gc7d6q9iL8KE51FTpwlKUniMYxbbfgkubfkdq3kbtdf3Wa3a7ObTTtnf3Gm2upzp283ONGNeLlCDljDkopZxyy8JvGTtG57bjYbdjeXG1us6Pqes69GndWdjaQVKna0KVW2nT9fKpLMnVU5xwlHlGLecyWPk74d5tbe7tfDay40Wnpkqem2emxoQruquG3p8Cm5OMeb64xy8+pNqVbF1McqcadqKTvJ21lpZJcbLn39dVu0+y3r+ty9h0PHiMPu5k4xT7yWF7jeJaGPctYY4WXuHPeU4ELC5a4WMMuPHeUxzwetilykYpc2VckuZSTx0LcptC9kVtcuqSZGck8J8+8setl4okppvL5YTZY5XK7pd4vAlFLocehNyzLrlnKi/IqmUehOHKS5YPqWDTqJJdeR8qOW8nPtKihUhP8AVkmeU1c85K6Nze6a7d/uv2RvWsOtodjJrOefqIZO2Hn+4Cr67cpsRUz10O0X3U0vwPQD5exsdzE1I8pPqdCoPepRfsXQAAxj1AAAAAAAAAAAAAAAAAAAAAAAAMTPST6krbcbpemKS4tQ2it04v7UYUa0380jV/s7cRttZr6dVlh4VSnn7cOn3p8n8DYj6US+lR2Z3e2HFiNxql9Waz14LeKX/wBzWntHUr2delqdrNQr2tTjhJ9F4qX7LXJ/f3HYdj12GUQqr8Un87fQi+ZrtMVKD5I9BvoqNRteGTiNoWWrW+v6TbalbNx9YnGcG/apziucX7vmsPvKLC58yf4eanFSjwNJZx0fEkn4B+KKc/HAyzLuUsVz4lcrpkjl+eSEm/ACxOcku/7i3KRbnKSLTqNfWz9xfvFyiXZzSLUnkpx8/Itym+483K5VKwnPBxLi9dFwiubqy9XFZ8uvyLtSTw8s+Je1nPX9Kt4vpKrUkvJU2l82Yter2aT9qXm0j1hDeZ2m0hwUkn1OVHBZoL2VnByFhdeRnRV0eEmSiXaMllLzLTmorPEQhU58n3lJrQttc3BdljUfyr2e9hLzKb/I9Ki8eNOUoP5xPVTGz0f+0y13s/W2mSqJ1NB1O7scZ5qEpKtH5VWvgZJnzNnlF4fMsRTfdOXV2+RPMHLfw8JexAAGrMkAAAAAAAAAAAAAAAAAAAAAAAAwG9KRC9q1N3PFQn9DpvU+Gql7Pr36j2H58MW8eCfga7doI5i1KDaw0011TN+e1Wx+y23OkVNA2x2e0/WtNqtSla31vGtTcl0liS5NZeGuaPJdS7EPZW1fLvdzOirP/cVLih/q6iJ5km1mHy7ARwdam21fVW1u2+9rmafE5bUrV3WjJammnd5dSp295p0pZdGtGrHx4ZQkv6TtsecIPm8rJmN2z+yBuW3J7vbTeNur2budGvJapS0+8pflGvcUZ0KkKjTUaspcMlOMeaa5NrnlYw6i/wA1SXT83F/I6Vs3mNPM8Gq1K9k2teOnnzNDj6DoVnGRVYfMZfxDz3FOjySO5hFX7iMuhVrzINlwIT6Fprr4F2fQtvGeYLkW+nIjPmsE5EJMsZU4tflCU+XJczpttc3NXbq3nVb9U6FTGF9Xl0O616frYKn+u1H7zpGpK80/VXUlUSuKTfq6kVhuL7jSZtUcFCXcpJ+RmYaz3lzR6ZbZcE4xbWOpcfAuc/Vrn1lJI8unr+pVZKNWoquevFKX4M9V7OG7Wx3z74tlt3erQq0bPWbyVO7q2rSqwowpTqTcHJSSeId6fXoWz2ip06cpuOkU2/Ba8iiwcm0r6sszuLKEczu6C8vWxX4nHlf2MX/y+1S8qqf4mxyn6Lfs/JLj2k22ly54vbZf4BzbT0YXZut5xnXvdsrtReXCpq0IRfk+ClF/Mj0/SHgHwT8v6mWslr950b0YW0yry292YpVoVqMfoGoxcJcShOXrKUk/DKjH+FmeR0ndTuY3abk9CqbPbtNlbXR7W4qKrcyg5VK1zUSwp1as25zaXTLwsvCR3Y5XnuYwzXMKmMpx3VK2ngkvnYkODoPDUY0pO9gADUmSAAAAAAAAAAAAAAAAAAAAAAAAAAAY1+kLpU59mPW6s1zo6hp04Pwf0iK/lJmrpLHCvCEV8kbQ/SHS4ezFrazjj1HTY/3mJq7+3LuxyOz+jy/8Nnf8b6RIrna/xC8P3Kt8nyI9W+fUPwTHvOgmmK5eCD5kpN5IFbghN45YLbLlRFvo8Iqy5FHzXItyWOpcm888EJLKLWVIRpxuJxozWVLK+TOla6mq3BVlxOnmOX1O727TuaSa5cSydV2usqkdQm4ReJyyaXN4b1K6MnDO0rHwbKj6ytlrlEzR9GNss9X7QlTW3BcGgaBeXfE10nWnToQ+PDOr8zEG0tfV0FlYk2bKfRU7JQt9ntvttatuuO5vrPR6NTvUaFJ1aiXk5XEf4SEZ9P7NllV97svN/sbTCrtMRH++BnsADlBIwAAAAAAAAAAAAAAAAAAAAAAAAAAAAAAAADGX0iPPs16hD9fWdLj/AHhGr1PLk/Ftm0H0iH/NzuFj/rzTPlWz+Bq9g04Zx15naPR7/pcvzvoiKZ1/mF4L6hvJVPmyJX3nQDTiRCTw+ZKTyW5dzK9xVFZPl1LE8qTeC63yRaqPI7i4l1RBvAT5Yz5EZPvLXwAjU4KiqZXJ+BLV7KldNVJRTbSfItTaXtYbXLJ9S2XrrGDlzayveY9aHaLdYvutM6jO14K8IteypOT9yNtfo5dEWldl7Rr9wUZ61qepahLzzcSpp/w0or4GqvULdZcYL2pyVNfF8/kbg+xVZR0/su7v7aKx/wAXVKvvc7irL8Tme3MexwUYrvmujN9lD36rfs/Y9uABywkQAAAAAAAAAAAAAAAAAAAAAAAAAAAAAAAABjH6RF47OdzLw1rTv9ZI1ewf5tL4mzr0jlz6js7xpf8AidoNPpfd6yf9JrGaail5HavR+rZU/wA76RIpnOuJ+C+pFPPcVIEok+NS0JPC/mWpv7ibfPLZbm1hlQlYJrHToRnjHgINcPTvE+mSi4FS34oAYb5FtwRlFp4fNM+lpcuK0nB9YSa+GD57WXz7jlafJ0qk45SVSOeb5cmWvmUlqijpKV7TzjFCMq0/w+SZuL7Kdq7Ps47uaMur2etKj984cX9Rp3p+1aX94vt5jF+X1V+Jug7P1D6NuM3fUMY4dmNM/wBmgcz9ImmGornJ9DeZH/Mn4HfwAcnJKAAAAAAAAAAAAAAAAAAAAAAAAAAAAAAAAAYeekzv3S3T7K6XxYV3tLCbXiqdrWf82jXHUlmRn/6T+6cdC3c6dn9Pqt9W/goQj/iGv2ck2/idw2Fju5RB83J/O30Ijmzvin4LoOJvoiqeFkgljqG+7PcTa5rQ8NkZck0M8+ZSTwupcvaClPvKv3lum1llyQjwBallEkuL6pR8wspposBLnnDXQjXko5bp+sSpPMfe8L8CWVnPeQzx3PAn9dU4dP2kWzegRzo0vo+gypvLamofcmbq9y8FS3P7D00uUdm9MX92pmlvUYuNlRpd86s2/uwbp9zrT3R7EtP/ALO6d/s1M5l6Rv5FDxfRG7yF3nNs7gADlJJQAAAAAAAAAAAAAAAAAAAAAAAAAAAAAAAADAP0n18pa5u2sM/orbV7lr/48TBX4mZfpNruU96OyFpn2bfZy4qpedS6S/wzDJS6s7vsbHcyej8f1Mh2Zu+Km/DoXO7kUbznwKLoCWXMAo3zwUm8YKN9wlLKXmXriC3n22vEu5zHrzLT+uiaeMlYviA4txTz0KrmseHUpDGMPmQXs1MFrBcXXqW4vhvo+U4LH3E31x4lpSUr7lz4Wm/kWS5FUfc1WGby1tl+0/vbNzG4i4V1uV2Erp549nNOef8A08DTXeYlr1KPdShlm3rsr3jv+ztu9uW8t6Baw/hjw/gc29Isb4WjL3n0/objIX95Jez6nqoAOTEnAAAAAAAAAAAAAAAAAAAAAAAAAAAAAAAAANZ/pLbrj326NR4v0OzFvFL965uG/wADEVPkZSekfulV7QNGgubo7P2SfxnWf4mLSXcd92XjuZTQXu9SGY972Jn4k02n0K5zHJam/sxTyXHiMCRmEQk8ZZTieEUnL4FE8ov4NFbCXXOSUSEnjBVPxRdfUEvtJoSeZ5C5PAXXJRlCWcnHsF6y+nLD51eHn4ZL8k4rPeXNOjFV4S6tzS+ZbJa3K3smfZrvGqXNbHThpr/98DbH2L6zuOzDsBNvPDp06X8FxVj+BqaqtSvKVPq61w2/ckzav2G6jn2YdjoP/oVe0/uvKxz30hK+XU376/TI2uRO1dr3fqj3kAHHyVAAAAAAAAAAAAAAAAAAAAAAAAAAAAAAAAo+SbANUHpBLqVx2ndaoPpbaXptJfGjx/1mOqw1jvPcu25qMtR7T221V4ao1rS1XLup2lJY+/J4ZjvPoPII7mWUIv8ABHoiE4t71ebXN9RFRUuJ/Aq+cefiUpx4ub6IrLkuRvFwMVluTXeRyisk+Rbb9rHMvbLkSqYayFzjyGG4tN8yNPnHDLmwTfTJdi8R4sZyWEstRafNlxy5NLou8pcoxUeVLLwsfcTscxq05KX2lLOTj1XxU3j3HOtaUadpGvJNSdRQWfBLL/A8ZytxK20Od6zj1e2x0hKT/ss2q9hOuqvZx0Kkn+gvNQpvy/0mcv6jVHb1E7xTTzLhlwr4Y/E2l9gCs6m4CFNv9BrV9T+cJf1EG2/jfK4vlNdJGyyZ2xVvdf0MkwAcbJYAAAAAAAAAAAAAAAAAAAAAAAAAAAAAACjWVgqADXH22uy1vLqbztX3r7E7PXe0Gia4qdzd07Gn664sq8acYT4qUfblBqCkpRUsZaeMJvDavZ1qFadCtTq0q1N8M6c4tSg+9OPVP3o3yYydL263Mbq95cHHbrYPRtYm+Sr17VKvH92tHFRfCRP8m25ngaMMNiqe9GKsmnZ2XDR6PzRpMVk6qzdSlKzfczSdGm40sQkpS7+fMjKjNLMlyNoO0no5tw2sTnV0e82l0SUnmMLe/jXpx9yrwm/7R0HUvRe6JPilo2+LU6D+zG60inUXxcKkP5Exo7dZNUXrSlHxi/pc1ssoxUXwT+P/AIa+JQlOSUUQqUnLLUGpLqmupmlrfozN6drxS2f3i7MajGPSN1Qr2sn9yqL5nQdY7A/aa03idHZbStUpw77HVqDbXlGo4M21DafJq6tHER+OnWxjywOJhxg+vQxpg8cmGuCftfVZ63qnZS7Q2mTkrnc5tNLHV29p69ffTcj4V1uN3xWy4LzdLtnHHd+Q7lv5QNjDMMHUXqVovwkv3PF0qkeMX5HQ0o5zF5RF84vkd1/zQb1YrhW6zbHl3fkK6/3ZKluW3wVZfmd0m2c//Yrr/dlzxmG/5I+aHZz/AAs6K/B9WfRdWm7SjQhJcUJzlKOOmcY/kdw/4Ou/u7qRlbbmttZZffolwl84n1KHZg7RLxw7ltrmvGenyTX34MWpmGDUlerHT3l+5d2NVrSL8mee6XxTvpVZrEYQUY/vN5f4Gz70d9xKruQ1Ki1yo7RXKXnmjQf4mDuhdk/tHaheQt6O5/aCjKpLHHc06dCC98qk0kjZR2Wtz2o7kt0tnsnrlehV1e5uauo6h6iXHThWqYSpxly4lGEYRzjDaeORCtt8ywdXL1Qp1Iyk5J2TT4X10NjlOHqrE78otJI9dAByUlAAAAAAAAAAAAAAAAAAAAAAAAAAAAAAAAAAAAAAAAAABTCXRIY9/wB5UAFMLz+8Y9/3lQAUGF4IqACnCvBFQAAAAAAAAAAAAAAAAAAAAAAAAAAAAAAAAAAAAAAAAAAAAAAAAAAAAAAAAAAAAAAAAAAAAAAAAAAAAAAAAAAAAAAAAAAAAAAAAAAAAAAAAAAAAAAAAAAAAAAAAAAAAAAAAAAAAAAAAAAAAAAAAAAAAAAAAAAAAAAAAAAAAAAAAAAAAAAAAAAAAAAAAAAAAAAD/9k=',3),(201659,'data:image/jpeg;base64,/9j/4AAQSkZJRgABAQAAAQABAAD/2wBDAAMCAgICAgMCAgIDAwMDBAYEBAQEBAgGBgUGCQgKCgkICQkKDA8MCgsOCwkJDRENDg8QEBEQCgwSExIQEw8QEBD/2wBDAQMDAwQDBAgEBAgQCwkLEBAQEBAQEBAQEBAQEBAQEBAQEBAQEBAQEBAQEBAQEBAQEBAQEBAQEBAQEBAQEBAQEBD/wAARCAEsASwDASIAAhEBAxEB/8QAHgABAAAGAwEAAAAAAAAAAAAAAAIDBAcICQEFBgr/xABSEAABAwMCAwQHAwUKCQ0AAAABAAIDBAURBiEHEjEIE0FRCSJhcYGRoTJCwRRSYqLRFRYjNFOCkqOxtBckM0N0s8Lh8BglJidVY3KDpLLD4vH/xAAZAQEAAwEBAAAAAAAAAAAAAAAAAgMEAQX/xAApEQEAAgEDBAIBAwUAAAAAAAAAAQIRAyExBBIyQSJRE2Gx8DNCUoHR/9oADAMBAAIRAxEAPwDamiIgIiICIiAiIgIiICIiAiIgIiICIiAiIgIiICIiAiIgIiICIiAiIgIiICIiAiIgIiICIiAiIgIiICIiAiIgIiICLjOOqthxk7S/BTgLR9/xL13QW6qcwvhtsZM9dMAM+pTsy/H6RAb5kILoLgkDqVql4lema1RNf66l4TcMrZFYhKI6OsvTpH1r4x1kdFG8RsJPRuXYGM5Vjtc+k17SWs309PDrW7WagE3PVwWqWlo3zR4/ybJo6cyxb/e5nH+1S7ZG8vmHt+Scw9vyXz0W/tJ6srKOQat1DxEu9we6VwrmcQ7hA71ieQOjLXsPLt0xzY8Mqo0vx/1nRVVKZL1ru8ObR91URza9udPG6p5ye/YYHNcxnJhvdlztxzc2+F2KZcy+g/I8ThcrQ9bu1H2hbTdZbrpjjBrK0xGQPioDfqqvp4sADlArHylzep9fmO5WWfBL0rt0tFBT2Hj7oupu08byHX6xiKOR8ZOxlpHcrS4b5dG8A7eoD1TpzDndDZcitJwm7VnALjX3VPoLiPbKi4yAf811bjSVwJ8O4l5XO97OYe1XaBBUEnKIiAiIgIiICIiAiIgIiICIiAiIgIiICIiAiIgIiICIpFfXUVroqi5XKrgpKSkifPUTzyCOOKNoLnPe47NaACSTsAEE4kDqrMcce15wN4Axy0ustWR1V7azmZYrYBU17/LmjBAiB/Olcwe9YKdrf0j+ptcXCu0FwBulTY9MRl0E9/izHXXMDYmB32qeA+DhiRw3ywHBwbkqHyySTyvdJLK4ySSPcXOe49XEnck+JO5VldPO8ozbDMLjf6S3jVxJfPaOHbG6BskmWB1HIJrnK39KpIAi90TQR+eVhFrjUNwuEFZcq2snqaq4Td0+eeV0ksg3c8ue4lzicbknO67jmJyc9fFdLcrOy6UYonT91JHJzxvIy3OMEHG+CFbFYiNkYnM7vBB5+6fD6oJSwc7j9fwXoP3kXwSEO/JjG777ZQ4Y93X6LtqLRNspwH3MuqnjHql3KwfAbn4lcxlObRDzdshqq+VtPRwulkefVa0f8YHtVwLVZGW6IRFzXzOGZpR0z+a39H2+KqKKkpqZnJSUjKeM+EbMZ/b8VVnuwMOcQFKtMITOXH8G0BjBsPELn7RBxkb5C4L4W7NBPuUUY70+qMePTdd5cQOhAIeIxzMcHNPRzSPEHwPtV8+E3bb7R/B3uaWz68nvlngwBbL/AJroAwfda9xEsY/8MgHsVi3Ow7GdvxV+ez9wnpa+lfrfVdojqYpgG2mGojDo3AE805YdjuMMzt1d5Fdrp/kntcmcNhnZ37d9g4sWmJ3EXRNx0NVuADK2d3e2yqPTmjkOJIxn+UZy/plZS01VTVtPHV0dRHPBM0PjkjeHMe09CCNiPaFrIfSS55yDnGMk+C9dw34xa44UVjRYq7v7YX809rqSXU8mepaOsTj+cz4hynfo9vhO5Gr9thyLxvDDilpvirYBebFI6KaLDKyilI76lkI+y7HUH7rhsR5EED2SwzE1nEronIiIuAiIgIiICIiAiIgIiICIiAiIgIiICIiAsB/SwcUNR2Dh9pfh7YrqKW2anrqpl6Yw4kqY4I4nxwk/yRdJl48S1gO2Qc77hWMt9FNWP3ELC7HmfAfPC04+kn1Berp2hmWi5XMVFHbLDRvo4GnandUc8kxI/Oe8A5/NDB4K3Trn5ShafTFQO5nFxd1U1p8NlTgnoprCfA7q5FOz4BO5bI71m7jdTIWANL3Dqo8gHIzv5I4h7hoALJXDH3SVHEG5yxoafmoHuOM9FNi9iOo3EtGHOGVK2du47qOYZ3ULfYPog5DSAo2xEnqd0GR7SpjOYjfdIEVLbnV1XT0EIL5auaOBjR1LnuDR/as9KGhpqOKO3wNbDTUsbYIY4xgBjAGtA+AWJHAW0RXjipbDMwSR2qKa5PBGwMbcM/rHs+Sy4cSxgydwAtfT1xEyhd2YponxloAAaF7qbgVVUWrtN6Z1Pfaejg1RD3lHcKJv5RFzkerGc8mcksGRt67cZVvqGtLSxx+PtV8L5ef3c7O+mNVQyPdXaMvsdKZTsWsa/wBX4YMH9FT1ZtGMe9v+IViPbyeiZazgjc7JreOtqQI77WaY1TROx3cbo3NILMYJaYyZBzbhzNjglZwtcHNDmkEHcEeKxC42Wumnl4t2uHPJmx6tpm+HrN/J53D4O39yyT4U3d1+4baZusj+aSe1Uxkdnq8MDXfUFYOo+URf+fa+m2z1aIiyrBERAREQEREBERAREQEREBERAREQEREHmNe1boLZBTsz/DztDj4crRzb/HC0wdvCGsh7VGtDUyvkbI23SQ833IjQwcrR7AQfqtyPECcmpoafwax8hHvIH4FapPSUacdbuOdt1E2PlivunaYlwH2pKeSSJ3yaYvmFtrXGjEqZn5yxK3VTBHnCkxM5jk/BVrR3bOp3URySDt4BM7bqX8diuS4A48kB3XA8Cp8EZOAFTjBdkr2vDLTenNU6sobNqzWdJpW1Slzqm6VVO+ZsLWjOAxm5c7o3OBnGSAjqm0nw/wBZcQr3FprQ2mLlfbnM3mZS0MBlfyggFxxs1oyMucQB4ldHLSS0sr4J4jHJE90b2OGC1wOCD5EEELYVwa1t2c+E2nNHai0nqnS9LqfSmpJrVf54pnR1F/tE8rqZ9X6+7mhjqWrDOjDDKABjfGftjaU0ppvjzqCu0NfbRdrBqOT93aGa2VsVRDGZyTPDzRkgFswl2P3XNPiuROZwYxCxojOVPt9DcLtcaWyWaldVV9fK2Cnhb1e8+Z8ANySdgAT4KW5wawvcMAK/3Zs0E2jtsvEW6Qf43c2ugtrXD/JUoOHSD2yEEA/mN/SV2nTvthCbYjL33DTh5a+Gtk/IKdzKm41LRJcK3l3qJfzW+IjbkhrfaXHcr001bEeZ75AyKP7Tj0J8lQ6jvNLZ6J9VVTCNvKTk+wjp5n9q6q0tqbjTx111a6FrhzRwfyQPQEeLz9FuxFdoVxLvYK2ruMhZA3u4W7czvL/jw+ayD0qIqrsna6o2MGaO5smbvkkk0zsk/NWApw+VoZEwRQt6Y8f2lX+4ThtXwC4pWtoyYY46kj/ygf8A4iq9bxif1j90q8y73WMIrtTUsBBf++3hJPB5888LO+Yff6qun2XbmLnwTsDubmNP38B+EziPo4K3Mk8bK7s/agcwOjq6WSzTZ8WyU7Y8frFex7JcT7fw7uunpj/C2XUNfQuafDlLcLBq/wBPH89wtpyvYiIsi0REQEREBERAREQEREBERAREQEREBERBbzWsxlv7o/CGBjfnk/itfvpOrQJbJoK+iIZirLjQuf4gPhika33ZicVnpf6g1V/r5PzZTGPc0Bv4LD30idrFx4HR3BrOaSzX6iqQR4MkEkDv9a1en240Yj9GaN7talNgBT8g7FU0exzlT2krOmixj/8AFCRvud1MHtUJxnCOoRgeJyqyGYsALXEEqkAUbS4FIHbMrHY5efr1VNI4NccBu/wVM2R23MonSl++FJB2dgsNTrDUtr0pSOLXXSpbE94/zcXWR/wYHH4BZt0lLSW+jhoKCBsNNSxMhgib0jjY0Na0e4ALGvs0WMV+pb5qiVuGWuibSQu8pJnZd8e7jI/nLJGOYPiEjXZDt/Yt3TVxXu+0L84Wy4yV1Q2s0jFCSYp7yIJ2jclvdl4GPMujC9tZIn1EQnqXDA6MB293/HVeM4g007XwVjHuYaapbIw+zcHr5tcR8V7LTk2Lex5O3gM/aKnPlJHDu3y90wEgZPQeQV9ezO51xsPEnTUm7rhYO8a3xy1szPn67VYNu57+U5PUDzXbae1hqTSk9RVacvFVbZ6qIwTS08ga58ZIJaSQdsgdFDUr30msEWxK+ldciOzrw01cwkyaY1JFzu8WtbPJ+AYFd/gpTutvEDivagR3I1BFXxgEEf4xD3mR7Dt8lhC271j6MW91ZMaRri5sBmcYg4+IZnlz7cZV4ex1qx9m4n1WmHzYpr/RPaGZwO/g/hGH38hlCza+likzH6/vlOl/lEM3ERF5rQIiICIiAiIgIiICIiAiIgIiICIiAiIgtfetPXugq6mpfSSTRySPkEkILxgkncDcdVjT2rLLNq/hVqnS8bmmoqbdNLTscQCZoAJ2DB83QgfFZzLwvG2yUl54UawhlpIpJxYq90D3RguY8QPIIJ3ByPBa69VOO20Kp098xL5+wWvDXsPquHMPd4KYwZUqBwdTQOA2MbSPkP2qeweKOIlweqi+Kl5ycYR1Ma3O6mBnsSMbZUxuFKHEJYANgpcmzXY8sKocqKplcI3Bgy4ZAHiT4Iiyi7OdnFv4ZMq3x4lvFTPWOPiWA91H9Iyf5y95aKgupO7JOYyWfJU+ibZHYtPWiysGG0VHFTfzmsAd+tzFQUJ7mqqqfJ9WUn5r06R21iFNp3y6zXUQqKF8QGT3byMeYGVXaWldUW6B7Geq1gxkZAyqfUR5+UHccpyvGS2dkx7ltRO1mNmGUuaPcCeihbOcpVXHr77Z6IEV16oYD+a+dvN8gc/RdRNxB0pCSG3KSfH8jTvd9SAF5XTnDat1Vqa1aZtNTSMq7zVxUNM6bmZG2SRwa3nIBIGSMkArI20+je4pzyMF51ppSgiJ9d8P5RVPA9jeSMfrKi+t2TiycU7uFjX8U7HG7EFruUpz1PdsB/WJV7+yRYde8QeJNl1pp/SU9LpyzVpmqrvVTYgdhrg6GL1R3shDserkNzlxGwN8uG3o+eEGkaiK5a0rK7WdXEeYRVjRT0WfMwRnL/dI9w9iyboKChtdHDbrbRwUlLTMEcMEEYjjjYNg1rWgBoHkFl1eqzHbVZXTxvKeOi5RFjWiIiAiIgIiICIiAiIgIiICIiAiIgIiIC8/xBmZT6E1HPIAWR2mse4EZBAgeSvQLxXG2pNFwa15WtODT6ZukoPly0kpQfPlSH/FKf2xR/8AtCrGDI8lSUo5YIW+UbB9AqpowMLWqcuGPFSx1z1Ubzt7VLzugq4t27qPo7b3KCL7K5cdxlScROOyjsNKK3VVpoXtDmT19O1w9neNz9FJcV22hIxNxCsDT0NUHfJrj+ClXeYR9MxqN+YI5PM8y66pHcXmUbYlaHhTrRUd5bYDn/NjOPMKXeRy1VLVD7zeQr0lMuvvW7m+XKV0UbP4Xw6Fd3dXcxbgbYOV1EIAl2I6FQlKHreDZ/66NCZJH/SCgP8A6hi2vrVBwi5f8M+hwP8At63f3hi2vBeZ1nlC/S4coiLItEREBERAREQEREBERAREQEREBERAREQEREBW37Sc/wCTdnnidPkepo+8Hf8A0OVXIVpu1pUfk3Zj4py5G2kboN/bTvH4pA0MwtIDBjo0BTwcADKlgYcRnoo8ke1a1Tlx+ql5ycY6qIk4UDftDZBWxbjC5ePJQQnbzUT3eKkIXdNz4L0fC6Hv+I9jAGeV8zj8IZCvNOdtk9Mr2fBWET8SrZnfu4ap/wDUuH4qdN7whPtkhYp+WKSnJ3jd9Cq+5jvaAOG5jcD8F0sTzS3RzDsJBhd3BI2emlhPXBC9BTDpayTvA0jpy7rrmtxIQPzThV8gx6o6dFTsaO/wR4ZUXYel4RbcZ9EjYEX63f3hi2vhaoOEpxxn0afK/W0f17P962vheb1nlDRpe3KIixrRERAREQEREBERAREQEREBERAREQEREBERAVnO2JzHstcVA0ZP71Lj/qirxq0na35P+TFxTEmOX96Vz/u7l2Bofx6x9658MLkAg4XBK1KnBOApTTl6mOxjZSmn1kFbCo39eqgh8FHJ0UocSnNPKRvurgcAYO+4kQP691b6p/uyGt/2l4HbphXJ7PDQNfVL/GO2zAfGWJWaXnCNuJXvv0ZgqWzsGMEFVVvqgKhoJw2Vv1Ud/h7yFzgPDK6SmnLImOzvEQfgt0ypjd2lUzkke3GwcSqZrR3/AIbNyqusIkiEzerm5+KkQubkykbNjyVyUod1wlJZxl0efFt/t394jW2ALU7wleW8W9JT4GRf7e7f/SWLbEF5vWcwv0uJcoiLGtEREBERAREQEREBERAREQEREBERAREQEREBWT7akxg7KXFF4JBOm6pm36QDfxV7FZftnUzqvsr8UYWtJI01WSbfotDvwXY5Gi+THeO28VBn6KKUjnc7zcVLHValTl3TdSQcPwpkh2UkZDkFfCdlG87KTCR18FHIuw4g5vPZXP7PDOfWVyl3JjtuPnNH+xWvIJV2OzhHzamvb99qGID4y/7ldo+cI28V/axglicM+C8pyuhqnQnGDkbr1YJLuQ9MYwvPXmnMU4mAPtW2VMKmil76lMTjksJA+SkskDIpGkncNb9VKoJuWoLQcCRuQoqhvrHG2VFJ3HD+oNFr3TlaQSIbxQyfKojK22Dp8StQtlkdBebfO04MdXA9pz4iRp/BbegvP63mF+l7coiLEtEREBERAREQEREBERAREQEREBERAREQEREBWe7YNXFRdl3ilPL9n961wj+Loi0fUhXhWOPpDL3HZeyJr3L+V9who7dHv1M1ZC0j+jzLscktKT8gu+KltILspI7qT4qFnValSN+wUjo5TXnGVI+97UFbCcgbhTXHZSITsFNcdtl2HEB67K7vZtA/d6/Pxkikph85HfsVoScdFeHs2gm46hd5Q0o/Wk/YrdLzhG3C+VUe6fzDOCVS3OFtTT83mqysHeQZ8lRQPEkTondei3SpedieYahgJ+w/lPuK7KQZJ8faqa4Uw7wSN+IU2KcPHK/rjxUUuUyBxinjkGDyua4fAgrcCx3OwO8wCtP/ACnlJByQDgHxK290TnOo4HPbyuMbSR5HAWHrf7f9r9LhPREWBaIiICIiAiIgIiICIiAiIgIiICIiAiIgIiICw39KtWy0vZipoI3lrazVVuhkA+81rJ5MH4safgsyFhv6VenZN2YaeV3Wn1VbZG+8tmZ/Y4rteYJahHnK4ZkHK4efFRA/NalQd1ATjHvUYOd1C4IJ8JJCnHphU8J8Mqfn1coIXK8vZoGZ9RuIz/FG/SVWaI2xsr1dmZh5NRv3x39K35MkP4q7R84Qt4r15DuaN2Pcus9aGc52ycLsZfVkB9qoKwNMjiD7QtsqkidgcT7VRmAg+qeiq37Bpz1ClHH4LjsETTglx38lt/pf4vFj8xv9i1F2qlmrbhBSUzeaWaVkUbfNznBrfqQtu7dmgZ6bLB1s71hfpe0SIiwrRERAREQEREBERAREQEREBERAREQEREBERAWHHpVn8vZfibnd+qLaB8BMfwWY6w39KvAZuzDTvGcwaptz/mydv+0u15glqAeQFGwer0Ut+523U6P7BytSpwAoSpjN2HHVQ9c4QRRHfAVR91U8QIKqN8b9EEOSr5dmiLFqv8/Xnr4mD+bF/wDZWNIOd1kF2cqcxaNqqgj+MXGd39FrG/gVdoRm6F+F05QACc/NddUHJ5vLzVfUuJa7HVoK6ySTnAc3xW1Ukyber7VJ5+UgdfFRSEtKgc0P8dxuuJQni4TWiE3amDjNS1FG9gHXP5XCP7CVuAb0+JWnG63b9x6S1VT3NDanUFqo3ZH3Pylkj/1YiPiVuOb0+JXndZ5wv0o2coiLGsEREBERAREQEREBERAREQEREBERAREQEREBY39vfg5xG45cDI9FcMbbS190ZfKOvmp56tlP3kETZMhjn+rzczmbEjIzv4LJBEjYaB9c9mPj7w6EkusuEWqbfTxk89S2gdUU4x/3sPOzHvKtuyPu3mEFrnN2Lc7g+0L6P8Dyx7l4rWHBPhBxAbKNa8MdL3p832pay1QyS/CQt5h8CrY1ftHtfPyIuRpBafcpbG4by9Fuf1R6Nzspajc6Sj0bcrA93U2i7zxt+DJC9g+AVs776JPhLVOcdPcUNYW4Ho2pipKoD+rYT81L8kI9stVceTMAAqvk8Mj5rYjdvRB10T+fT/HWnkGMBtdp4tPzjn/BebqvRHcVAT+ScWNISDw7ygqo/wCwuXe+p2ywPc3YnP1WSvAukNNw4tcpH8ZNRP08534+gXv7n6JrtBU7TJb9aaCrT4M/K6uE/WAhXI0v2KOPmltJWmxTWK2VVRQ0rIZjRXmPu3PGclveBnn7FfoalItvKF6zjha2rkIeSDkcu4C67OAGlw6ZxnplXln7KHH7IjGhag+ZF0oyP9Yo6bsdcfKggP0rS04d1NTeYAB8GFxWr82n/lCrtt9LJuydnA+9SwwsdygEglZHUXYK4tVbeeuvelqXm6tdWVEpH9GID6rtI/R+63IHfa3043YbClqHY+eFGeo0o9pxS30w915caW2UemZ6ulFSyDVVvqjE52GvZES97XHwBaOX4rdLE9skbZGHLXjmB9h3WCl19HFqTUH7n0tw4jWWmp6W4U9ZI+G1yyvcyNxLmgOe0ZIOMk/NZ2gYGFg6i9dS2ayupExG7lERZ0xERAREQEREBERAREQEREBERAREQEREBERAREQEREBERAREQEREHGB5LlEQEREBERAREQEREBERAREQEREBERAREQEREBERAREQEREBERAREQEREBERAREQEREBERAREQEREBERAREQEREBERAREQEREBERAREQEREBERAREQEREBERAREQEREBERAREQEREBERAREQEREBERAREQEREBERAREQEREBERAREQEREBERAREQEREBERAREQEREBERAREQEREBERAREQEREBERB//Z',3),(201660,'data:image/jpeg;base64,/9j/4AAQSkZJRgABAQAAAQABAAD/2wBDAAMCAgICAgMCAgIDAwMDBAYEBAQEBAgGBgUGCQgKCgkICQkKDA8MCgsOCwkJDRENDg8QEBEQCgwSExIQEw8QEBD/2wBDAQMDAwQDBAgEBAgQCwkLEBAQEBAQEBAQEBAQEBAQEBAQEBAQEBAQEBAQEBAQEBAQEBAQEBAQEBAQEBAQEBAQEBD/wAARCAC8ALwDASIAAhEBAxEB/8QAHgABAAAGAwEAAAAAAAAAAAAAAAEDBAYICQIFBwr/xABCEAABAwMCAwUGAgULBQEAAAABAAIDBAURBhIHITEIE0FRYQkUIjJxgZHBI0JiobEkM1JygpKisrPD0RUWQ0Rj8P/EABcBAQEBAQAAAAAAAAAAAAAAAAABAgP/xAAbEQEBAQEBAQEBAAAAAAAAAAAAARExAkFRIf/aAAwDAQACEQMRAD8A2poiICIiAiIgIiICIiAigSBzKobxf7Hp6lNdfrxRW2mHIzVlQyFg/tPICCvRWJBx64HVNW2gpuMmh5alx2tiZqCkc8nyAEnVXyx7JGB8bg5rhkEHIIQckREBERAREQEREBERAREQEREBERARFZvFPi9w84L6adqziPqSC00HedzFua6SWolIJEcUbQXPdgE4A5AEnA5oLyVr8Q+J+geFOnptU8QtVUFjtsAP6Wqlw6Q/0Y2DLpHHwawEnyWuvjj7TPiDqeaos/BW1jStqyWC51kbJ7jMPNrTmKD/ABu9QsPtS6n1brS9P1DrK/XO/wBdPI0zVVZUvnlDd2SAXE4H7LcD0Wp5/TY997TntX+I2urxV6O7PzZtGaehkfA69SsY+61wBILo9wcylYfDAdJ0O5vyrFav1RqfV9W6+621Jcr1WSncZa6skqZXHzL5XOd+BCs24cNNQ01zkfbBBWUpkLo5RM1rg0nkHtJyCr0sOhq8QNde63a1uCYqYbnfTccAJJRV01iN0o2VdK6ndC9xbKPeCXw4P6zCcnI5jGQfRZf9m7t+6u4HWug0BrKwVGqdG29jYKWWObFwoIh0YxzuU0Y8GvII5gOAAaMWu7no4G0lttUcEDD8rnAl583HqT9VRStuUkhfI4RkjmGHmVvJWdbwODvaU4NcdqQScPNZ0tVWtZvmtdR/J6+Dlk7oH4cQP6TdzfVenr55aapvNouEF2tVzqaKtpHiSCpgmdHNE4dCx7cOB9QVnh2VfaT3m2vptEdo2Y1lBubBT6qjZmaDwArGN/nG9MytG4dXB3NwxfOLrZUip7fcKC7UNPc7XWwVlJVRNmgqIJBJFLG4Za9jm8nNIIII5EKoWVEREBERAREQEREBERAREQW/xA1xYeGuir3r3U1Q6G12KilrqlzRlxawZ2tB6uccNA8SQtLPHTjxrXtB64qNY6tqZWU43NtdqbIXU9tpyeUbByBcQAXvxlzvQNA2L+0zvNda+zFU0dDV9y273y30NQ0HBli3OkLPX4omk+gWqYM2hgA6AAH8lvzPqVL7sk4aCDnKqIvh5tyMfxXJjQ4OkPLH8VyDSBjJ+60ie14DAS3JA6kdVD3hwB2u6/gpezwHorkpNK2yss1pZHeII75eKx0cVO+UOjjg5NaXhjS6N5fnk4/KM45qyai3ZJXBuXOaM+Geqkukj6ta6Q+G0LudS2e2WO/1lpoax9bFRyGEzSxCMue3k7ADiMbs4OeYweWV1rnGRoZHA8t/uhOCimDpHYFIzceTd7xn8ADhU09C+Jp2AYAwceahc7xQWyRkdRP+lPyxQNy9xPIBcmVlS+PfJCId3PZncR9T5/RQZZ9gXtYXrhbra28GtZ3CSp0bqKqbSUHeuybRWyuwwsPhBI8hrmdGucHjHxZ2uA5Xzw++VdBWw3Oie5s9HK2ojc04Iexwc0j1yAvoH0df4tV6SsuqIMd1eLdTV7MdNssTXj/Msep/Wo7hERZUREQEREBERAREQEREGCPtXtR+66D0LpVpBdX3ipuDhn9WCDYP8VQPwWu2nLJog9p5H4m/dZre1gqZHa10DSFx7uO0V8jW+TnTxAn/AAhYN2OoL6buz/4nyNz6YyF088HbMja3Bz69ULmZJwCAemVSull2gemfqod4cHx8Oq0yqgS45aduDyweYXaQ3a6twXXOoflu3Er+8BHkQ7IXQPe7IDepKlzXF9IwPkOG525H6qatjtKyva17p5GM3u5YZG1g5DwDQAOngFbF61DU7XNZ8I8PEqfV3RnOOR3Mc+nLC6OvqaXbvc8xF36zmF7T9wpSRR6YiNZeairrXbpoQNgPhnx/AfvVzTPcPk+Uktb6n9d30HQK0bBUMdqSaGKrhf3kA2lh8AfJXi9hcdwZgEBjAfBg8fufySJVPDBvMh8M+a3VdibUjtUdlvh7XySh8lNazbn+hppXwgH7RtWmOKDu2AEfN18Fsu9llxHp7xww1HwxqHhtZpi6GugaXc3UlXl2QP2ZmSg/1gs+uLGb6IiwoiIgIiICIiAiIgIiINb3tNuFfGPVGvrRrKy6XuN40tR2ZtJFNbaV9R7pN3r3SiZjMubuywh+NuBjOQsArOKqlq6y31kZjmjHeGMgtcORHNpGR0C+h0gFYu+0R0RaLv2bNQ6kbRUkVfZauhuAqBC0SyATCEsLwMn4ZjyJxyC1L8Gp12Q1gJ+YY6KDjtOc5OeXJQnOx7Yscw0cx9FKkccZ9emVsTG/O07h5KVK1kr56N7QQ9uQMp3jQOecg56KXXyiGWKrDjhvwu/qlB1PufvAdRSktnpx+jfn5meH1wqF9ou8Li6mqBET1aWnBVw1dGyd7ZIpcSs5tcOhCl+9SRjDow9wHRMFlRCstepaae5TRB02Yw1seM5HUn6r0WnhlqTnGcjJ/wD3gvO9S0801c2qDnPmc4Fv7AC7m663rLVRRw0VGwybQXzVDsMY7GSA0HLvv+CksiWL1MLGAvdtDY+W4kBo+pPJe39gPidBo/tV6cs9nubK6PVUVTZK2lpMyuLHMMrJDtGAI3xNcTnk3crL0h7PHtj8XGWy8V+laG02m5wx1EFddLvTsiZDI0Oa/uonPk5tIONmefNbBOxl7PDSnZbvk3EK+aoOqdY1FGaOKdtL3FLbo3/zogaSXOc7AaXuIO0EADJzm+tMZfA5APmooiyoiIgIiICIiAiIgIiICx57f0zIuybrre7G9lAwepNdBgLIZY1e0Se5vZT1Q1rsb6y1tIxnINdDyVnRqNrHYqyD0GAVSzOb8TgOR6KdUEGqlPL5zz+6p35xy8Rjn4roODZdwA6f8qbKBNT7HHIIIVK12HHlzBxz64VRFIDuj2gY5oKONzpKbYH4fCdmfMeCkSnu2EbuZ6Oz0KnTuEFXvc3DZBtPPkVKlo2veM/KTkHmlEmmoe+bLVSgHa3DCfE+a6bVkbKqvZQtaNsTJHOx5nP5AK65nCGj2RtwOXL7hW/QUjrpf5WjmZZhECfV2381Kj6FuHNKyi4f6ao424bBZ6KIDyDYGD8lcapbXSe4W2loh/68EcXT+i0D8lVLmoiIgIiICIiAiIgIiICIiAsY/aMSSs7Lt6ZH0ku1oa7ln4ffIz9ugWTix27f9E6s7LGrHNx/Jp7bUHPk2uhz/FWdGnaV/wCmc4jq4n7KXL8hIHToAoPefmz16+Kl5c5uSeoXQSXSBj85PMY6Lm6Ta5kzXc8cx5qnfI5xczxby6rmHd9TZ5F0fXzQVlRDFVxkOPX4sjqFTtlMTRFK8Hb+9SBK59O5ocQ9gyFTR5B76Rx29cHzS0VdXVDa7wDRkc/ULsuDdqfe9daboHNJdcb9QQDHU76qMcvxVq100lRIY4OZDSSF7L2WbFHWceOGNokAc2bVFukfkZBDJhIf8iz0b1h0+5UVAcxnzUVgEREBERAREQEREBERAREQF4p20Yqabst8R21cmxjbM6Rp/wDo2RjmD+8Ghe1rHvt83L/p3ZS1vguDqplFSjb+3WQg59MZVnRpnf8AASCc48FxDshwBI8Oii8jcSCefNcARvwH8l0FPK10bmyAehGMJG8QT7XcmzdeShUMLXHa4gO8D0UsuMsew4yPHrhBxeDBUmDvQzvfkceQz5KFXariBvZM14ABDWnw+qqomwXOE01U3EjOhB5/UKogZ7qwwl7nNHiR4p0UFvtxgglqaofG9pODzx6L2DsvXmOz9pDhlXyylsbNSUUZOejZH91/uLyusqGQwYIBLv1T4rsNA3uWwaw07f2OO+13Gjqxg+MVQx38GqX8R9CDRgAeXJRUGkEZByDzUVzUREQEREBERAREQEREBERAWJHtOL4y2dnGK17vjvGoaGn2+bYxJMf9ILLdYB+1lv0cOl+H2nO+DXVNxra54LsN2xwtjGTnrmU4+6sGtncT+t9MhSy5zcEEHac9FPZRVDxvYN4I6t+IfuUuSnla0tc0j6t6rWhMDNCXNaCeoXXwnDyw5buPJVsMgjdsfkZ5dOSpqqll3B8XxNPj0V0BCWyd42baQeWVPNXLncXcwFTs75rMTYyenPwXBzZDyaAf+Uoi4unkMs7s46BcIp+7Mzs9I5XN9CGk/kuBdNGMsicf3hQyWQS1D2AOfFJE36luD+ag+h/RVwN20fY7oXhxrLbS1G4HIO+Frs/vXdKxuBVWK7gnw/rQQe/0vapDg55mkjyr5WAREQEREBERAREQEREBERAVHdLPab3TOorxbKSup3cnRVMDJWH6tcCFWIg8n1J2Uezhqx7pL1wZ0s57vmfTUIpXn+1DtK83v3s4ezBeXF1Jp6+WfPT3C9TgD6NlLwsoEQYOX72U/DKs3DT3E7U9vB6Crp6arA9OTWE/irAvPsndTxF3/b3GO0zN8BWWWSI/cskd/BbIkV2jVlXeym44sdupNeaFqOuNxq4z/pldU/2WHaKafgv+gnfWuqR/srbEiaNT0Hsqe0LO7bUan0DC3PM+91Lsj7QZV8aP9kfe3Tsdrvi9b4KZrsuhs9sfK8jybJMWtb489h+i2Uomi2+HGhLVww0JY+H1iq66pt9goo6Cmlrpu9ndGwYbvdgAnHkAAMADAVyIigIiICIiAiIgIiICIiAiIgIiICIiAiIgIiICIiAiIgIiICIiAiIgIiICIiAiIgIiICIiAiIgIiICIiAiIgIiICIiAiIg/9k=',3),(201664,'data:image/jpeg;base64,/9j/4AAQSkZJRgABAQAAAQABAAD/2wBDAAMCAgICAgMCAgIDAwMDBAYEBAQEBAgGBgUGCQgKCgkICQkKDA8MCgsOCwkJDRENDg8QEBEQCgwSExIQEw8QEBD/2wBDAQMDAwQDBAgEBAgQCwkLEBAQEBAQEBAQEBAQEBAQEBAQEBAQEBAQEBAQEBAQEBAQEBAQEBAQEBAQEBAQEBAQEBD/wAARCAEsASwDASIAAhEBAxEB/8QAHQABAAAHAQEAAAAAAAAAAAAAAAEDBAUGBwgCCf/EAEIQAAEDAgUBBQUHAwEIAQUAAAEAAgMEEQUGEiExQQcTIlFhCDJxgZEUQqGxwdHwFSPhJDNDUmJygpLxohYlNLLC/8QAFwEBAQEBAAAAAAAAAAAAAAAAAAECA//EAB4RAQEBAQEBAQADAQAAAAAAAAABEQIxIRITQVFh/9oADAMBAAIRAxEAPwD6poiICIiAiIgIiICIiAiIgIiICIiAipcRxPD8IopcRxSthpKWBuqSaZ4Yxg9SVovP/tc5Py3I6jy9A2ulDtJqKp/cwjyc1vvvHThqsmjfyhdcL477V/aFj5e6hxmSipybtFFTCIWJts4gvJHxWv8AHO1XO9bVOmrMUzHVt2dZ887wTfyJHTkcbBX8pr6UXUV8sK7tUxOgnY5tZJSVLSC1z6x0coF9yBcO/gXd3s79qkmc8AZl3MFe+fHMOi1CWX3qumvZshPVzbhruvunqVLMVuFERQEREBERAREQEREBERAREQEREBERAREQEREBERAREQEREBERAVjzlnLAci4HPj+YKsQ08WzWixfK88MYOrj+G5NgFXY3jOHZewmrxvFqlsFHRROmmkd0aPLzJ4A6kgL5y9u3bBnPt6z87KuWHOpqWjG4eSIaCEnZz7bOldbgbuOw8LVZNFd26e0pj+fcXkw3DZ2kDxU1Kx94KRl7annYFxH3zueGgDZYVlzJddPI7G8xVL43P376dp7xwvezGm+gb3uRf4K65YyzkvJeHNnpxPX1bLO+1VMe7pOrg3gG9wL3IupmK45LiD23n2cQ3Tba45t+/oukmML3RyUkcbXU8RDdTGNe513OGtoBsfRVr6mN7vHHGBq0ggixsfrf0WIVGN0EYbSU1WwyNB/txuuLje1+Lj02uqrLuJf1yaqgjbJHDGxskshF2hnQ/E7j1PwVEc7YNgeZ8OpcIxPDaerqsQrYoKXUy7mkODnuBG40sa4kiyzzKWaavJub8PzHQai+jd3nd2AEkbiRJFt5s2/HosSy1RNx7Fp82yRubRQRvoMKY4+E7/3Zh53tpv18ZV5njZPKZojfU4WOnhoG1ievVYv1qPoBhmI0mL4dTYpQSiWmq4WTwvHDmOAIP0Kqlpj2Z85R4nlSTJ9XOPt2CuLomHl9K912keelxc0+Xh81udYUREQEREBERAREQEREBERAREQEREBERAREQEREBERAREQERQKDlT2xe0rGDp7O8p0zq+qhhNVPRxEB9RPpvGy5IAawEPNza7m+S5yyvhr8jZchwmolBxSbTWYpIACZamQan382t2Y3yDR5rO89YhNUdvWa8JxR/dVddDVOg7wc93OGkN/7THx0stV53xqbBqaZ2MPbDPSx93LccsbfQfK1rcfJbnyan94xzOnaHT5eirO7Dnvnqe9ijB8gN+Nt1r+LNOcszyH7Oyeng1DxR07nbehNm/jZaxzpnCfFq6So72URk+FoO+nofT4DhQ7IYqvN2fKLL+BYXU4hWzkvIkc4siY22qSQk2awX3J8wACSAsfyW+Nfmf26LydkbMuKPvFFMXP/AN7UVcQNup0t1W87LbFBliCKniyjgrnikZ/exSsJ0ukNvdB6E7hoHAufNXfAstzYdhrcMw2oY0tZpmrDEB3hItZg8vIceZV/goIKWkbQ0MbmtaTdz3XJcRYvedrk/ToLLpzufWLn9LdKWRNZSUdK2KJjWxNZHs2OJotpaDxccfAqimNRKXNZE7YAg2twNtrqrxTFsFwOF8mK4lHGWm+7tTpdtwG8n4C6tsGLYnjkcc+GUTqOklbZs8jbzOb5iM8X58R+SYsq65ZxbM+VsXpcewGrdFVUx1MOm4I4LXDgtI2I/wALtDs2z5SdoWWo8aipzTVMbzBV0xNzDMACQD1aQQQfI+d1w+MEi7traqqrKlzNy+pk1WPPDSAPkFszsa7Tx2UvqcPqcKlq8MxGVs0obKTNC4C2pmo2c233Tb0PRZsV1+ismVc55azpQf1HLmKRVcbbCRgu2SIkcPYd2n4jfpdXtZBERAREQEREBERAREQEREBERAREQEREBERAREQERWvM+O02WMvYjmCst3WH00lQ4F1tWkXDb+ZNh80FPm/OeXsj4UcXzFXtgiLtETB4pJpOjI28ucfw5NguV8+e0ln3NdTWYdgDX5bw2NzomGF2qqnA6ulA8HwZY/8AMVjOas25i7QcbZjeZKkySudaGGPaKnZe+hg8htc8nk+lmxCFkccjiPE5xvfrc8rc5/1NYxjWAYpmeDDcw4bUhuY8v1LpIjUPNqyKS7XwyHc2e02Dt7PY07i6s3bpliftD7Pn/wBJikpsfoYxOyjms184aCXQkg2cdzpLSQXAeay2sNRRtpJaR7opHuLXFpIvH1B9LAKdBVYq6ljwrEmwVcIIidPO3+5bQ15dxZ19Vri1vz1ksxNx89Mk9nOdu1XHX4DlPCHzTxOH2qaR3dU9I07XledmcGzfeJvYFdudjHZHlbsKw5uCl0eLY1icrXYriOnugSGlzY2NPETBcgHknURcgDN6CSnwejqcHyXgmFYdAHl8sndaGyTEXc8tYBqNyAXuNySqCLDNWFn+s1P2+oEzNb44ywFziSSGg20iwA1eXmVnnicr11rJJsfge0x0rpKks4ZGA8tb0BN9LB8T8laJ35lxBxgpHxYbA8EhkI1yPb0dqPS3W1z6Dc5DS0cFNRsibFG2DSHCMHZ3qdrHm/8Aw/FeZiCO+fIHSHZwaQbE8dPLr1W9ZYxhuTMKwyV9WWPqauQjVPUODnnfqbn87K/tp3CPQyLccgbbdb+Snshe5veDUQeLjcFe+7abF+kuvYab7/v8VFURpZpe70tA8NgWnc+d+ikaKgFwbHcCzXi1xv8Aqrs1olPdtuS4m4DQdh8/wUvuS99tOsgaLkltiPOyWL484FjuN5dxCPGMBqp6CtpztI031jktcDsWm3um4XU3ZP2w4d2g0rcPxBsVFjkTNT6YO8MzR/vI7726lvI9RuuXIoBFEGB7y5+rYNJLfX57KmopqjCq2nxTD6qamqIHiaOaM6XNcOHA8X+nlws3lXeaLC+yjPzc/wCWGV1QGMxGlIgrY2iw122eB0a4bgdDcdFmiwCIiAiIgIiICIiAiIgIiICIiAiIgIiICIiAtC+1BmmWOjoMm00xYKkfbam2+oNdaNp9Lhzj8At8SPbHG6R5s1oJJ9AuIc85vrc+43W5irbsEszo4GC4DIGuLY2+ptuTbkla5n1Ks9Ie9ja/gbDVbp/7Ua1l2BrQ0ix5PvH0HC90Zdo91zb8joDuOqmywh1ruIFwfXm/wXRlaMRi1U0IAaLMdpAO17cDqveA95UMr4XaDE6odHDdt2va1rWnUDzdwO6pcwzzRRllLZ0z3tjisLeNzg0G3zur9Q0kNDTQ0sHdsjhjawattVvPzPXcoLZV4dEwOc7DKdjXG4DHPDT8rgfVQ8DYaenZcGepe4RMbwGAAG3kDdVuISnutJkfe97h3Ub9fyVFgrTVVUlS65ZTt7iG4++TqkNviQLnyKC9ukdcH3jazjbqPyXgBrrl4IBOxaRv5bdFMlLi0+IFzWFoaSB8Aefoo08LidfhPh2AO9ztvYfh6dEHlrdLgJJCLi3i336fovLWlzRpNwCQW2O54O2/1VS3umlpD3B1vE0tuDvawPVTmQODfEWjQSDd17fMbEKKpmaTMQ5paWi+gOH16DhA12kxROMgkcGCxuHG+/PB+HmqoXleHgMcwXLR3ZsCPU7cLyzTJM5gJcAzbgc+v0VRF7NIsIiQSbufsGg+Q688qjrHRBtoYDpj9y+3zsfSx+a8V+NiGePB6LS+rcQZt9Wi/BJPTfj0XvvNMjwyIvcxo0kn73Nrnb1uousy7HM6nKWcqX7VPpoa8to6oFx0sDz4Hm/FnafkXLrVcJXZICJbuFgXBvSwNyD8iuu+ybNJzXkmhq55ddXTMFLU3O5ewCzj/wBTdJ+ZWLGmZIiLIIiICIiAiIgIiICIiAiIgIiICIiAiIglzloheXM1DSbt8xbhcKuZ3wcWR+ESvGgbaBqJI8zyu2c14mMGyziuKl1vslHNKD6hht+NlxJTTgPlpXgNlFn3vbkWJv144W+UqFOwtdINV2vPI/f6Kc2J0hBkNg21iXbqEd7ve3SQNrdLjqszwvs+xXGctRZiweWOokc6QPpXNs8ta4jwk+8fQ29LrpJd+MtdVlOybMGFQvaGl03euDN9mse4b9dwFn+TMpTZpxhtAC6Ojjb3lVK0e7FwALjknYfMrBNTnZzpKaSJzDFFOHNfy3S1rTcHfl/HoukOyzCGYZk+KteCZsScahziLHQPDGPoCf8AuV55/VxLcaO7U8Fp8vZjrqKgiMdJDpmiYRcMY5mqwJ53uPkrbg1E+lw2mpWucSIGveS3h5F3E/Ek8rJfaKf9mx4z3s1+HR9OSXOYPzCjgeAYzjk5oMIw2aaSO2t8QaGtBvu4nYD4n5K9TLhKtH2CN58Ya4M8Xv8AHN+iBjY5BocLnxb/AHRbcdFf8zZYxTK1VTUeKNibJLEJmiKXUA2+nxEDm4Ow2VocQ5vekmJzhvd4AAv6jbboFi/9VKmMbInyF+zzYNJ1C49L+SlOlEbGSQyNcHeLS03t8ipQlIbrLnO7skttYki17enz2VJUzSPs5xedDufT1SiplqGN0PmI0O3sbj6FU2MYzFguCT4oWguGprARbcgAbfj9FSfaS0Wc4MDzfe26wrPtXXYpPh+WKGRwlr65u4aRpjYwOe70A26IMnyaCMNlxaoGuSqJeXEXJP3b+XkP/ayaAa7CR79QN9Gna3X4D9vmrVEyGJsOG07CWQhpsJNr23vfrsfp8ldf9kwBzwCXeEOBIbe+1/gDukFLO4gkDS4F41EDcA9LfTzW2fZ1zSMOzRNgFQ94gxaK8Wo7CZguB8dOofRamq2SwtZI0N/unwtO22++4536qfguK1GC4hTYjTlzamlmbPG8O2Lmm4v6f5Us2LHcyKgwHF6XH8Gosao3B0NbCyZm/Fxx8jcfJV65NCIiAiIgIiICIiAiIgIiICIiAiIgIiINf9umKf0zs3xFgdpfXPio2n/reL//ABDlyDVVBhxGKVzg1rn904kbG9rbfGy6N9qDFO6wrBMIDzpmnmqnt8wxoaL/ADeVy9mZ7Yqd8jRYtufDuSRuAPounPjNZOy3kLGwAvsfOwW6Oxit77LVVRO1a6OtftbfS8Bw28rhy0jDMJ6eKpNiJWNeCRvYgGwPpcq85dfhIr3R43TYrUQSxlkbaGbRMZCRY26gi4t9F14uXWb4rc9UrMS7TcfxKka582HUojmijj4ZpjMj3eTr2uTyPguhcMgbS4Fh9MweGKkgYPkxq0Bl6jyTR19XWVtfnHCpqqGSN+qPVeAyuDGPJ3cdAbe/nYbLKY8aypHE1tJ2qZpp2taGsDoHuFugG/5Lf6kus4x7t6y4cfzLSQSTvp4WUkLpqoC4pWmoIbIRex8RYN9rkXvZb8wHCsPwPD4sOw2nbDBGBsOXHq5x6uPN1qIVuFOq5KqHticTOxscpq8NdIXxtJLWnUCLAuO1uVXVGYq6jpZKin7aI6mSNpfHAzDzrkIGzRcWvdP1DNWjtaxQ12dJ2xXMVBHHS8cuALnW+bvwWvK2qkppdUbi5pFgD0HHP8/JXOunnrJZJ5pA+R8jpX6/ec4nc8WuSrPiYa6ISklrodg3fw78Fcbd+tqeTF3SSPMjgA1u1gSATtb8FRzYkYmNaX+MusDrNiPiP4FLlYS4tex72NB2PIA8hb5qgqHMu4hoFr3c64JPre1kE+pxWJpc7xANsAABz81ZsvYkx+bquWop2udRYY10Mlx78krgW7j/AIYwb+SjK9r3OZEwh7iSRot8r+WyxcjEMA7SaeorI3CkxzDHUTWuJ0moid3sYPqWmUD1Citr0A1h8zyCXEklwLQbjoOvxVdLP9niL5Xve4m2pzefQelj8VR0NJOxkZqZrgt8Vh0G/wBOPovMczcTrtTnAxRvOjSdQBv6cbjj0Wr8RXuiDqb+8HMaWk8Hcb8flf0KoA0jx2tqFgAdttwfyVfLOXh8YkcWEC5JtcDztxt0F1QuMndNeHDSDcbXvf8AgUHTfs45lbimVKjBJJ9cmGzF0YJ37qTf8HB2/qtuLlTsAx5uC57hp6mVzIsShdSm/V5ILL/MAfEhdVrlZlbERFAREQEREBERAREQEREBERAREQEREHN3tTB8eP4LUTucKf7E9rPLX3ni+dtP4LnbHKiWrhdaJ7Yw47OFunlYXWe9tfafWZ0z1jGFYjDGMNwOWSgip2M/uwgPLTLIfvNkLQQ8WDSNJtydQYzmGTLFqPH5XPoZWF1JiJ4LT9yT/hd0v1t9enPjNZ1luQS4JQm4L2xNiNht4PDb4bK/RF8FQHMme1zHB7HhxBYRve/N/ULC+zvEocTwaTTIHmCctaQ7axAcPluVmTf7YAYGFzm3u4C/H5LURtDJOYM35r1UbO0DuK9jrikraNknes82OI8R8xa453V4q5M804xYT5ky44YO1stT32Gi/duZrBFm/EfELVeXsOq8bxmmw2jnEM8pc1sjiQ1ha0vvcC9/CePRVGNVeLU8rvtOOfb34jR07ppIpi/XHYOZHIermkC46FbnXxnPrYtZR5zpKJ+KYrhORjA1jXukqKcM5F9zbn0Fz5LX+YswTY6+lMuF4dRCG+oUVKIw6/3jvd23A9VDMFfj9VNTPzDWzVZkpoqmFr5dTQx4u0gN2aSPQHzVpbJfwud4QPCLWtttzdTq7cWTHrU1wPiAB4JNgfxCpJGFoewFpuC42OrY+V+Ttsphic9wLHNbqcC7UXG3psQDyVTVEbhKXvqLNbtfSNgN+pt+HVRVqqYJYpHNZs69+SX/APcqf7LT1L2xkHUd9/w33VfXDWy7n+JxsHAagPIbbeRVsbM0Oc18b3MIu1wFuPpc+pUFRHFDSl74Wt28AOnkjrv6j81rvtXopMUwJzKWSSCekkE8M0b9LmSs8TXNPQgrPZqiNkeltmjTuA2xHPP47WVgxaFlXSPjLGtbJsBxsRx6Da3qoutfdjXbLnTNuYMXyrmumpWSUVJBPTup4nB8xL9DyQTYct42F1u/Do30hEckA1OILrEA3ttfbjn8Vyf2hmfstzdhGecPjmHdytZUtYdLpKd4AlG3m03A8wF0LgGKUWJUUWJU2JOlpZo2TRy3LmvaRcEAci26S/6X6zpjY3u1zyOc0izWhzrX9fXj0Uqva+SNjXM7poG7Q3y4+vxVkjxGaqcI6eIuv4QdQAO/wVzkbLHQSCscxm5sATvt0Hn69FUV2AYjJhWLwYlTC8lLOyeNx2u5u4FuoNt7eYXctJOamlhqDGWGWNr9J5bcXt+K+f8A/X8Ogna7viXNAa1o3sOePouvOxTtRHaHhE9PWRsjr8PazXpaWiWI3DX6TwbtIIvbi3NljptspERYBERAREQEREBERAREQEREBERAWL9o+fsM7NssyZlxSmnqWNlZBFDALvkkdew9BsST6LKFo/2qqyqjyvg1DDTGWKavdLIQwOtojNhY9TrJ+RVk2lcnZ0xHCc5Y/U5kZ9vy9ibqqSemrSAGsEji4sJaSS3fhwF7DYLE8VxTHIw+lzS1lVSyt7ts8TBJA5oHlsRyeL9VsN2I4XO3uoqlkcw2DJGNY8fIgfXdYXmWIQRGSBj3xOBD2tZ4XH1HHzHkuuMKrskwKny9U4pHQBzKOtbFOxgfqjaRqBLCeB4htsNhsunsk11Xh9TlHCMOwyCelxeB1TXyvpmue+TW8Elx93uw0fX1C5O7MsTYMfkwmON7WPgkl7svuAQ5tyAdwN1vnCs85pwOkNBg+LT0tNr70BkbTZ17us5wJAJFyBsVeblSzWxcq4pitFjNNlyhoo3YQMJNS53cb96YnudNrt73eeC1/RUONVFJlzDG5iiwehq6yOjwuiaKmHXFCx9MZHuLeLuI03Kw3DM9ZpwyjlwylxesiphK9xZ3bTq13LgSRsDqJtwCo0me8wYbVvrNcM8j6aGmdDVQh8bmRC0d2gWu0DZ3Oxvdb/WpjNcy0+WaCcZkxbLhrYpYqKgpqBs7omQD7OJXk23uA4Bo9FUTdn2V6rEJpMNpsUnp4cKp8RbSQSh1ROZXutpL9gAGi4WJM7QpKuorJMy4TSYpSV74XSU73OhDZomhrXt5IJHPQq6zdoWB4zjEuI4lh1ThzvscNPTVWHztM1I5hdfRctDmOuAWniwS2GWMbzTheG4TiQo8HrKmSDS2UsqYnMlieeYpGkCzh5jYiyxys7yPxtka6xvq06gwHm5JsSsyz3myHMmKUtVQGbuaWkZTPnqiwTT2LiXuA8O99lgta/UHESFrv+s2uPT9Fi+tJM08kkbJXMLdDdiXgb/Afz0VuEcgn0nUS42JDRYNI22O3zVVBiRAOq5fcNLR4drb2/D8tl4m0yanah4fdubWPJNhsLfooKOfwMd3Wk8D/AtyrXK3SC7xCwcTvyNJ3Oxt8lcpnNsWMDWWuWH74PQk+e/Ct7Qx0pa0EtILSL+YPP7KDX3aZlKPMccMTmtuGAuJtsQB1+QC2P2ddjeJYH2DZNzjT4fXVtHVy4l/UG00TpDBpq5RC4htyGFgLbgWBA4upM9OH0sjySWCNr9hsQGg7+my7OyRgmNZY9nTDsLy20HF4stmWlAZe1TJEZB4ep1P46lZtz6s+uT8KzLgekQYe+GMHbS0cm3Hmp+JwivhbSCpEMViZH6r3A6bfH81jdEMaZSxU2DUGFxHSO+qq2oD+7I2No47ueb+en6qsblXDaeIYhm7MFTijtvDI0U9LH5AQtNnDj33OW9RPjxPLmG6xFiNNJO67WAMMlvPSG+8Vub2Z8Zwygzf9nqppoJMVo5IoBO0MMkjXNdpI6XAOkdbFaSqs3ZZo+7ijo5pL+53dM4Rmx5AFhYLJeyx+JY7n/ABT00sEcuI07g6W+ota8OPw2B24CzfFd3IoBRXNoREQEREBERAREQEREBERAREQFqr2kcuYfj3Zy+prKqsgkwusgqYPs0xj7xxd3ZjeRuWFrze1jsN+b7VWo/aQxynoso0uC63GpxGra9rG2/2cYLiTfpqLB81Z6VyfiGGRvDoxVNljA/2dUO/Zf4u8TeOhWuM10GJMppajB6p5DQQaR8mtpA6Ne7cX8jt8Vs/GK2qpoXTvfpiLiwCoh06nW2aHNJ/Vavzpibab/VS64jrMRewFwDvJ2wcNt9xuurCr7DaqbGJcYxd8bmNp9NDaVpY9sgOt7CDxYaONtwtu94WktD9LneIl1zt+m/5LEuzmNv/ANJ0NZG2K9Z3lQ50fD3OeRcH4NasrL42+Jzy0EgEubcfCysSkGsnRqJvs4W+9fy6/Be5g1j3CR5YQ3YX29CQPxRrWtcwDUWuva22n4W3slS0NqDEHNALiCf50KqjZHtcS/UW231DfSf15VYyXwjVbyALBcX2vfp81Rxs0udYOaHWLmnZoHR3G/F7fBTmF7DplY5zdy15HmOPP5cKRKlSuc0tBadzYgN6HqSPyXmoiZM3TKwMAOqxcBYcF1/mD5/mpzmB3dnWSPvbF1vQ/wCTsoywRtF5JPG6xvqtyOLWt/PJPVYnLPJTYmaXUX6ZNTbgghp636fpZXMmKWDuWStD9QYQdwW+qpczU58Fa0l7x4H3cBcX59f8qnwt7TGNBIAGzi4Dn1sp4JdRG0yaI3RiNztXIJ9PPgD8VTU/iqNLm+Fx0bjY7/Tz/BTax4dUPex3BsN+B5D1XrDojqa6x28Td77/ALlQTqShmrxT4c1virTFSsA3Li5wYL+ZufivoTRUkVDRQUMAtHTxNiYPJrQAPyXE/ZHg4xntTy1hwaHthr3VbzY2c2EGW5PXhuy7eHCx01HFHb5kqtwTtexrEaJ76eDExFXxBgbYuewBxDeDeRj7nzNzysPfFiVPHEcRraGfa0EclG6WQu66WtcB8eFnftPY5jtV2uVOGStqnYfh9DTRwupWt1t1t7x2x967j+AHRYTQCqbBJLhWNvqWuOmSnqWd1M0dQHC1jt12W54lWSXFYqWtkfWQRRgXtH/SJWPfuOHte8D5rYvYR2gYXTdpmE97RPkfVPNIwSRlrmOlOkObtyL/AEJ42WOmeVkYjYWxvJF43ci3Nj1P5rK+yGgOI9pWBUVazS2GuZO026saZBbzuQL/ABUvhHaCKCiubQiIgIiICIiAiIgIiICIiAiIggVxZn7NON5mzfX0eaZ2VNZQSSUj6anDbwta8+AMBB255N7grtM8Li3tcnjxPPuZa6kpWQsNe8PaxxaKkRtbGXuLCCT4D9AtcepWCYnh+EPp3U9O/u/DZ0Rldpeb/fZJcE+llqbP+FR1sP2SSuqqR7ASx9NUui0DpsCYyN+C1bic+lkpbSSFwc0ljJpRLE8f8jyLg/Hlc79sGLSZfrZ6CupfDKLxVEEel41bWsOfhyulZbx7K4Xx5EwKkdL3r4KQRPfpsXOa4gmw2BJF9lmUrbufJrdqIHvMIaAOd977BWDI/ZznHsxyzl7L2eR/92qMPbiL4W3a6mZNI8sieT99gA1W2vt0WQyuY92q5uT4eT+/5qyjy0Ray0k6OCL7j0sP3XioswC0ehwuWgk2/b04RxDZdLdYJPG468cbFep2uczWWBrCbgDcn/q63Q9Ric59nOAY4ixIbYkg7783XsEvkfLTyOL2h23Frnn/AApbI2XFifCdiRYX/T4AdFNc6UvuXN8Ny4ku3uOvl0N7IziIaWMOmNuoCxJfezj1twpbiW6S2NriwanFu9ib+m3+UdoJkkc9u5ILrXHG/At9UpxHG1ze8LwXamjTz6pWkmop4ammlhLiHSt0+HkWF+LbdPosPp6qWjdLTuiOtjjq3BBb528/ks1dJHp0uax5NwLne3XYbAcLG8z0ML6kV8DGuuNDwRwbbHf6fJZFr7xz3NtGHuc7WQPLzv05V5pGO3LtBa2wOoi3qL/nsrFFUFhALnA7XN7anevp81e6KRroG9255IBa5zRc+vy44QbQ9m2KKp7XWm3/AONhlTOwAbAuETCPLqfquu1yD7LlS13a9VsDdIdhE9tgLnvIiTt6WXXyx161HNvtSYJQUeYsv462buJsXjlw+VxF2l0QD4yR5+NzfotH1tNizXFs0kfdgWdK1vhtfqCOfQ+a3T7X2L4bWYjljKEgeKzTUYgHOs1mg6YwATy7UDe3AtfkLTEU+YKdohnw81ceklj4n+K1vUhb58S+qWow6hnAMAAlvYPjABJ+Z/my2h7N8EY7UIGVNS6odHTVDog6wDX6feA5vbV9Vq6tqZJyZJ8BxBotsQGDb46h+XKzv2fKbDqvtLoJ8SidhlNSF8lPJPUta+oqWgNaz4EuIAvd1jba6nXhHaCIi5tCIiAiIgIiICIiAiIgIiICIiCjxivbhWE1uJvALaSnknIP/K0u/RcNyyYs9/2yWkaXSvMriZHOOpx1G5AIvcldddtNW6j7L8wSMNnSUwgHr3j2sI+jiuNqhzqc626WWN7kEW9f/a6cRjqrPjpqsKpKmqgp3Ghe/XLTvFxA4n3mkfdN/kfQ7e/Zm7MqLtr7cosw4/StqsCyLHHiBhey8clYXH7Mxw6hrmvlsesbehVNjeOk008FS58okY4EPf7zbbgHr02K6e9irIVPlLsfZj/d/wCqzZWS4q57hZ3cX7uBp9O7Zq/7yna8rf7SsTGZywaa4BfhrmnfkNmJ3/8AJaj1gxyPifqBduA67nb7+v8ALLb/ALTgYcyYIHutegmA2696N1pmNxLToLzIzaxIAPw2V5vxLPqYZWGVgjcdDRe3Gn58fX6KdIwkEPN7uBDXdL33v0/gUgOAs1r2vdfxNv8At8ELS1l3OsXOsHF21weoWhCJ1pxISRFciwaBv1/ThTGOMrg5w06SAXHd1/L/ANeXzXkMeAwixcLgXG3PNuPqprgNWzQA0WaSTpDvwv1/dPBFzHuuHCS7tiB+p468KE0JZFZzQ0N5Zqvv5/D5r1DG54IcHEchm2w2226fy6kup3RnwtvYW0kDe+5A3/ZBJNbJ4muBAJ1BpbZzrfK/l+6p6mKGrhdFLqIlYSQeSbdeikTRzd8YZGhxcA4N0g3txc/XqpBcxt42CRrm3AFwBb/HwClGM1UM8M7mOjLjC/xgdPLn8FesPcJqdz3uI2vs4gNv0Nxa389FQY60TOZURMsGjQ9ocbHfYg+fQ/JTcKYH093WcXm1yLW36ee4UVsn2Zavue2ijjaT/qqasiO4P+71f/wF2suE+waqFF2zZfkaBd9VJC6wtYPikA/EruscBY69WOX/AG58IwzFcDyZrwcVGJU+LTTU1SCQ6KIQFsrPg7Uw282A9FoTA8NrHRaIaqvpQARoFU5oBHSzrj0Xa/tAYDRY12T5hqamlbLPg9FLitI8jxRSwsL7j4tDmnzDiFxBg2bK/EYIny5be+KZoAMVUO8LTwAL3HyV5vxKuVfUvY91KzMVZJLG3+65wjEcfHXRcm/zWf8AYJgNHiPahgwrsYqKt0T3VbDO8Wc6NjnNDWiw536nZYHVV2BUMURrsMp6CRouad+mR/GxAHX9lXdnTZB2g5dr8oGVtYK+EuD43HVeQX5tpDmkji1lbCPoCigOFFc2hERAREQEREBERAREQEREBERBqv2iIswVuTIMMwLB6uuZUVjHVRpojIY42AuF2tubF1unRcnYjIaWX7PUU7qaRn3ZmOa7nizgP1X0FVvxjL+B5gpnUmOYRRV8LhYsqYGyD/5Bb56z4lmvm3XYZiGZsWpMBw6Muq8SqoqSK3OuRwYPlvf5L6S4Bg1Hl3A8PwDD2aaXDaWKkhHkyNga38AtdYX7N3ZvgeeKHPGC01ZRy0Erp46Fs2ul70tLQ4NcC5ttRIAda9ttltPhTq6SY5v9qRzWZly853Wjn+gkb+60v9otAS0XNudZtYeQ5+S3P7V1mY1l55AP+kqRzv77OAtFsjqDUN0tDi2/HNj5dFrnxKuMM4BJD73G4cLnboFFsjnN1RP1Ntck7eth6k8fFSYg4PB0kOLbEb3bx0VYJWMNwQ59ti7n8OPxK0iDnu93Q9rH2303PHT4FTTNZr/s7nEbghzePW385svHhdGbyBoaAGl24J543BUWWOom1tV9nEAedrWQeDOYbPdKwGwAJPvgeXVe31Ej2ansGzdgAbcKNI9tnDVYO2BIAvx0P5/uotkeGgNLn2Gotb+QN79OArfopamJ7ZA9scgIaPCXX263/nCo6qnjIb/fYWtOqzdrEcEk78q41BcXgCwuRa7bW89zyqGdwdKG+54iA4ni30soLTNhBllc0zPc2x1EttqNvX9PIKVSB9MwQWbpjBALTubDclXR726r9609QWkgBp5sPP8AyrY0SeIna4tvsTf4An624WVXfszqxQ9oGWcQcQ3u8WpnE6ubyBp/Nd/hfOuinNBWQVdxanqmysI3IDXh4+Hl8l9EopGSxtljN2vAcD6HdZ6WLfmXDG41l3FMHewObXUU9MWngh8bm2P1XzlyrW4LS4e2mjhmje1vduayaRrhawI1FpO1jsCF9LCvm1PhkmE5rzDhTmBoo8XracNLTbwzvAG3onPpVxbUYdTNeaPCGuc51mutdzj5lxsfmVtz2WaV2O9oM1XV09o8IoH1DBsW99I8MafdFiGl9t1p6raWN7tj7NPia4Cx+i357IAaMYzGxoIDKWnAv5a3rXXiR08iIubQiIgIiICIiAiIgIiICIiAiIgIiICIiDnX2p4qZ+L5ddO5rT9mqQ3U6w9+NaQBo2ERwOY1wNrGTVuOt1ur2rm6sWy6C61qapN9RFvGzfZaIibLpDnTE3PJJvbp6H/C68+MX1Xag8ANlBNhbfZo8/4VOiDXSai4am3vuDd343Vr/uXLS8O2Ojwg/p5nqoOEkfdtc42DgTYC5v02/VXDV5jDXF5eGgt83Cw89jsfVRjGknSO72JJ0m1j5+vqVbIJyGCIu1X2JF9jzxfztv8AFRBeXEt1Oc53ALh1tt4uTyk1NXVwEbgBFpGm4AHw39OfgoSyWc54Ljf3bG4v6/orbHJUB3gqjZpL9J2IIPqComvxDVodOwi9wXAEtFr7Gyq6nd7MwgtDthqddl7gcXPPP0VHO18upriQ9zjcN2AN+PovL63EW+ICBhIBII3t0/FUMlZiIc1svdabk3JAseo39fj1UFTK1z4zoOzQ4m+33bWuPPyVDZ+hhBJ8O5OzQLcgDf8AgUmSumfFokfG1g3JuT034A+HzUxkr5B3eqMOsT7p1Afus1qV5ffuQHD/AGjLgW425/VfQHJdcMTyfgeI6w77Vh1NMSOpdE0lcAUjCZ3EAP8ADbkef8+q7a7BqwVnZLl12oEwU7qY26d3I5lvoAs0jP1o7MnsqZWxzM2KZnpMyYnRTYtVSVk8JjjlYJXm7i24BAvc2JNrreKKS4rQsfskZadpFXm3FZGjkMghZfz6FbI7O+ynKvZnDVNy8yqkmrdHf1FVN3j3ht9I2Aa0bnYAc7rMkTbUwREUUREQEREBERAREQEREBERAREQEREBERBzn7U2F4nNi2CYoyjldRRU0sRnDSWMlLwdJI90kWte17FaHZ4jqErZCRcAEEH1X0Ccxr2lr2hzSLEEXBCslbkTJWI6jX5Swecuvdz6KMk/O11qdZMZvOuGGNmY465SSN97G/pwoxNkB8N3FxAHh+i7LqexLssqiXPybRRk8mBz4v8A9HBWWr9m/s0qXaoqfFKU2sO5xB+3w1alr9xPzXKTWyABrGGzRax8r878fD815Gsx2bZ24uHA8bb/AD3+fRdNVfsu5QkDm0WYcZgB6OMLwD/4BWyT2VKQgiHPFSB0EtCx23ls8KzuJ+a57BkaA9xcNbbEXtzyLfJSy4Fjng6HtaL2sB52st8z+ypiJcXQ54gcdrF+HuBv5m0ippfZYzDqvDmzDQCN9VLJuf8AyV/cX82NCSPLyDJG0OO/o09Rt/NlQTRM120BxINxa1zvYroWb2U8yTN0nN2GDrtSyc+fKR+yRizm6Js7UbW+QoHu6WHLwpeouOdi1wLfCRbaztx8h+C9MDnkNFxpIt6+u/VdKU/sf0IIdV57qXbgkQ0DWbj4vP5LI8J9lPs4oSH4hV4xiJ2LmyVLYmE28o2g/ip+oY5QpYp3VsELGyPlkcI2RtYS55sbgDkldrdhWW8Xyt2b4dhuN0z6eqe+aoMD/eia+Qua13kbWJHS9lkGWez/ACXk5tss5aoaB1rGSOK8pHrIbuP1WQLFurJgiIooiIgIiICIiAiIgIiICIiAiIgIiICIiAiIgIiICIiAiIgIiICIiAiIgIiICIiAiIgIiICIiAiIgIiICIiAiIgIiICIiAiIgIiICIiAiIgIiICIiAiIgIiICIiAiIgIiICIiAiIgIiICIiAiIgIiICIiAiIgIiICIiAiIgIiICIiAiIgIiICIiAiIgIiICIiAiIgIiICIiAiIgIiICIiAiIgIiICIiAiIgIiICIiAiIgIiICIiAiIgIiICIiAiIgIiICIiAiIgIiICIiD//2Q==',5),(201665,'data:image/jpeg;base64,/9j/4AAQSkZJRgABAQAAAQABAAD/2wBDAAMCAgICAgMCAgIDAwMDBAYEBAQEBAgGBgUGCQgKCgkICQkKDA8MCgsOCwkJDRENDg8QEBEQCgwSExIQEw8QEBD/2wBDAQMDAwQDBAgEBAgQCwkLEBAQEBAQEBAQEBAQEBAQEBAQEBAQEBAQEBAQEBAQEBAQEBAQEBAQEBAQEBAQEBAQEBD/wAARCAEsASwDASIAAhEBAxEB/8QAHQABAAAHAQEAAAAAAAAAAAAAAAMEBQYHCAkCAf/EAEYQAAEDAwIDBQILBgQEBwAAAAEAAgMEBREGIQcSMQgTQVFxImEUFSMyQmKBkaGxwQkzUnKCoheSstEmU2PCJENzg6Ph8P/EABoBAQADAQEBAAAAAAAAAAAAAAABBAUCAwb/xAAwEQEAAgICAQMBBgQHAAAAAAAAAQIDEQQhMRJBUTIFEyJhcYEUM7HwBiRSgqHR8f/aAAwDAQACEQMRAD8A6poiICIiAiIgIiICIiAiIgIiICIiAiIgIiICIiAiIgIiICIiAiIgIiICIiAiIgIiICIiAiIgIiICIiAiIgIiICIiAiIgIrL4ocYuHfB2yfHuvtR09ujfkU8Hz6mqcB82KJvtPPoMDO5C0J40ftLuI9xq30HBuwUFgoQXBlbc2Nqat4HRxZvFHn+H2/VeuPBfL3WOnFslaeXSnmb/ABD705m/xD71xji7bvafLnVt54wXQsnI5RTU9NExh92I+inrb22O0zPeaSK1cV7vUNLjzxywUzw8e/MWwHXPuVj+Bv8AMf8ALy/iK/Dsei1j7HnajruMzLlojW9VSyaotDPhUdRFGIhXUuQ1ziweyHscQHcuAQ5pwMFbOKrkx2xW9NvL2paLx6oERFw6EREBERAREQEREBERAREQEREBERAREQEREBERAREQEREBERAWEe0Hxt1ZoTTd5i4aaepbnerdTOllmrZcQwNDC5xZG3LppGgfMJY3JHtE+ys3LFPGSwWWliptQx/BKesqagUkrHFrTWczTgYJ9t4DT0yeXPgNvXDFZvEWeeWbRXdXGbifxruuqdT12ptaasnvFymj55paiTnkcOrWMA2Y3GzWNAaNsBbV6a7BnD7iNoPTepbjrTV1rr7hbYKurp4nwSQGSRgcfZLA9uM4xz+C1N7VvC2PgpxfudLaqHkiv5ddLVVubltNRvJb3UWdu8Y8OaXfRaGY65XTXsyXuTUfZ90BeZA58tRYKVr3H+JjOQnPjktWhXJ67TT4Ur19NYtHu1z1z2EtO6Z0XeLtR8QrtVm0W6Wpioza4WCTu283KXB5I2B6Ba22ajs2noZJqJhhheeQ1E8mZJfdn6Iz4ALrBcrPBd6Oe21bcw1kT6eT+R7S0/gVzBuuh5LVfKy03OEQzWqrlo3B/wA2N8bywloP0jy5zud1dwxvfy8ZnflWODPFS9cLOIdo1vYKMVVVa5Hc9O9vIyWF7S2SJxG45mk+ZBAJG2F1m4Pca9D8adNQX7StyjFT3YNbbZZWGqon9C2RgJ2z0cPZcOnkuPck1LRtjorazljkBe+UjDnD9AfvKqWk9b6r4f36m1Roy91NquVI7minhdg48WuHRzD0LHAgjqF58riRmjceXrhzTj69nbFFqr2c+3PpPiXJS6P4lik0zqmTEcMxfy0Fwf4CNzj8lIf+W84P0XHoNqViXx2xz6bQ0K2i8bh9REXDoREQEREBERAREQEREBERAREQEREBERAREQEREBEUOoqKekp5KqqmjhhhYZJJJHBrWNAyXEnYADckoIitXX3FHQHDC2/GuutVUFohIJjbPJ8rL7o4xl7z/KCtdOIHai1dxG1DUaD7PckFNR0wxcNU1MPeNjaTjNOw7YODyucCXHJaABzqiWThZp6hrjqC8/CNQ36X2p7veZDVVMj/ABI58tjGejWjbzVunFnzfr+qvk5EV6r2rurO13xE1fDJT8B+FtZJTO9ll7vjBDG7P0o4S4A+rnH3tWHqPR3HzVPFCwa84paup68WutEwidVl7YYi13PHDFG0Rs5uhIxsN8rOYgdgADZuw9y9soQXiQ9RnZW6Upj+mFO+W1/MteO3nwvo9bcBKnV8cLfjXQkwuUMoG7qR5aypjJ8uUtk9YgssdkO21dl7M3Dqhr4zHMLJHM5rtuUSOc9v9rgvfFfRVfr/AEJdNDU13ntzLsxkT3xQiXvmc45oHAkAMeDhxJ+bzdeiyNQ0sdBQUttiIFNRQsgjAAGWsAAJxjc4z0A32C5imr+om+6elUnSteC4bRjx8XHyCwRxi7Ntm4mXuo1Nbb06zXKoby1DTTiWCocBjncAQ5riMAkE564zkrNTpy45Owbs0KBtgDOfFe1bTWdw82hms+zhxU0pN8NlsQu1NktEtpLqjlA6FzA0Pbn0I2WM62nqaCofRXGlmpp4yWujmjLHtPkQ4Aj7V1BjZ7Y8PRWbxF4O6S4n0Lo7/b4xVcpZFXsbioh8iHeI+q7IK968ifFkzGmkVki0Lf6ZtDG+KxXJzGxuirnOmoaxw6HvD8pA/O4cDgHzGy2b4GdqfXHC6th0LxIFxv1qhaA2KoDX3WhhHSSnkbhtfTgfRGJWjoDjlWqnELh5dOHOra/Sdyka+SkcHRyNHsTwuGWSNB6Ajw8CCPBRtP6zEFLDp3V1PJcrLG8OiLXEVVA7wkp5OrSP4enljovnuf8AZfKwTPI4lpvHvWe5/wBsz3P6TO/i0RHpnc4nOwZqxh5NYrPtMdR+8R4/WI18x7uwuk9X6Z11YqbUukb3SXW2VbeaGppZOdjvMHxa4HYtOCDsQCqwuY2gOJ2ueCl7h1DpzUNJWWq+Oa5ldMCLfdj0EVc1v7iowOUVDQDkYeHAEDfTg7xs03xgtE01BBLa71byI7pZqt7TUUchGxyNpIndWSt9lw8jkCnxebj5Ndx1P9xPxPU9TGomJ6mInp68jiX48/Mf3/X29p9pmGRURFcVRERAREQEREBERAREQEREBERAREQEREBERAWiPbH49XXWep28FNA1pltkcscFwfSSB3xhVvI5YOYdY2EgOGcF2c/MW7mpYJqrT1zpqer+CyS0c7GT83L3TjG4B2fDB3+xcyeyzo1101BLqaujD4NPRiGF3UOq3gtBH8rA53q5pV3hUrMzkt7K3IvMRFY92wnDvQ1v0DpqnsVG5slR+9rZx1nnIHM70HzWjwaB5lV28Xuz6etk14v1zpbfRU4BlqKmURsbk4AyepJ2AG5PQLzXXS12eOCa63CCkiqKmGjidK8DnmleGRxtHVznE4AH5AlaUcWuK114yaf0/V3CkpqKnj19JbqCljdkiFkEABc4/PeXSkk4AHMABjrYtb3VIp6pb0t6eRUdmMYXgx807w3oHuH4qJUB0NLJIz5wb7PqV1DzQ6Rgqawzn93AC1nvd0z+f3hT7pPDdS1HGyGlY1u2QD08/wD6wvZPXdS6W7eNQXOa7y2WzTU1IylbF8KrZoTMWSSYd3cbMhpc2ItkcXEgBzRynciQpqrWtFCaM3ugrGvJe2ouFI4VMLiAXRuERZFI1ri9rXYYQIyC1xALrZqdMw6mr7pcKq511HUwXe6UzH07ow6EmfkMjC9jjHL3MTGiRhDgwDCpto0jf9L3Kkt9s1bWXWSqioYae2SxuYGU9GxnIS9shEUTnNaaiXlLpA4sZ7Tt+Jmdu4iGUdG3+uu9PVUl3gjjuVpqBSVb4WkQTOLGvZLHkktDmPaTGSXRu5mHOA510MlI2G46KjadskNitcVuie6pkDnTT1Dmhrp53nL5C0bDJ6NGzWhrRs0KsNY/6TQF285mGp/bWsrae/6Z1FEA01lHPQyODckuieHt/tlP3LWZ7DnBBB953W5vbNton4eWa4AkOpLyGcw6hssDx+bAtOBEwZ5APefErQwTvHDnelxaF1odNTTWm80vxlp25fJ3CgeOYEHbvGDwePxx5gEZVsE2otDamtjtIamlhrH0z59HX1uJBURY5jb6kHaRp+iDuM7YzhYELmA/OBJ3G6yhw/rqrUGgL5puF5Nw07JHqCznOXMdG7MjW+49cfXK+S/xF9m1wzHPwfh3MRf43MxFb/rWZiLf6qbifEa+i+yOZOT/ACuTvqfT+3c1/SY8fFta8y6bcF+KVDxa0PRalgYyCs7tjK6madop+QF3LnfkOds79QdwVfi0h7L3EOi09xaobGypDLfryidV0secMa9wMzG+rZRUMHulHkt3eu4XPFyTmw1y2jW/+9f+/m45GOMOW2Os70+oiL3eIiIgIiICIiAiIgIiICIiAiIgIiICIiDGHaavs2nOAeurpTVJgnFlqIIXg4PeSju2ge8l+FqJ2TaijruGFRV0jml1Rdp5JMeBMUWB9wWZ+33qw2vh5ZNJxOAderiZ5hn50NOzmII8i98f3LWPsVwXK102raN1WwWmWuZJQ0krh37Hsy2V7QOsRD4wD1yCOm60uPTWCbfMqXInd9Nh75o3TGpa603PUFlgrqqxVBq7a+Uu/wDDTHHyjQCAXeyMEg4xt1Ki2bROk7RBHR2fSdnooIpXTRxwUETQyQ4y8ezs48rcu6nA8gq3FAJCD4Kq0tK1uCQvSNT2rzMvNPSljMkble3RtB6HPmFOOYAMBQXgLpzEpR+3QYXxkReogjL5PQqchpz9EBEzK0K3Q1XNeau52q/Ot8Fy5X1sAomTEztYI++ic84jc5jWB2WuBMcbgA4HNesmm7bZWSiiie6aoIfUVM7zJPUOGcF7zucZOGjDW5PKAqyIQF9AA3ISIhzMyhiJwGwA96+PcGZxuV9lmDQQFJTTZPXKDDHa8ka7g/OCRzRXKjmaPEjnLP8AvWjdzrn00TIomB8szuSNmcd4/wAc/VA3P3eK3i7Q9gueuLOdJWZvPWzU7q6GLmx3vwZzHmJuTjmdz7Z2y0eeRo66xXik1HcHX2ifRz0jvgsEDyD3cQAdzZGx5sh2R1yFcwT+H0+5+r5TQCnY588pkcBzyyO2Lj5e4eQHRXhwr1XBpLWlvvNxc4UTg+CsABce5kaQ7bxwcHHuVmXScGpgtMJ+eO+m9zB0B9T+AUVriHZx096jl8XHzcF+Nl+m0TE/vD14+e/Gy1zY/NZiY/Zc1LeKk3mnuFtr663SUE3PbJ4Zi2eia2Qvj5HDoWk59crqb2Y+J934r8JbfqDUbYzeqOaW2XGSJvKyeeEj5Zo8O8Y5j8dAXEDZcl6abEgcF0B/Z7a7p67TeodAyMqDVUVS26seQO6MUjWxloPXmDo87+B26KrzsNa4Y9MeHrgyTOT8Xu2+REWMvCIiAiIgIiICIiAiIgIiICIiAiIgIi+HYINBv2gF++EcSrRZmSEstlkEhbnYPmmeT+EbFafZVfKbHdXuhjbGy7Pja8NAI54Iy4Z69WtO3uVL7Zl7ZdeO+qOR+WUfwaiG/Tu4GZ/uc5VPs+RGPhmKmIcr5rvVyZ8SWtjaPyW7SuuPWGXlneSZbIUEoe1rT1A3VcgcC0K27DPHWRtqIzlskfOq/Tnbr0XjEdac2Tbnc3goLt/Be+YncHGV4J9/RS5eYwASVOxEYAz0Uq1udlMtGACT1QRHOGN1LzS7bFfZtnY8FLydCPJBAqKjAIBUq6QmFz/LdeZHc8b8E5apcg1FOyDOz3Hn9zBufw2+1TAtPWT5YWu1BTUz56u0tkq4YmDL5YjE5ssbR4uLDzAeLmNHisBdo20WW7WSz8X7G6F1BLAKGofGMNdDGHCnnHmHBrmZ8QGLY3UDZZIJ3QO5KhvykTm/RcPD0WvOqIKHXfCjWnD5k4jkskLrrHQwSNjqMQ5fHDEzGDAPlHOcTnJDRjYn0pb0WiUa21btD5KrvrrUNxNcHd4AerIRs0Ko/Z7l8hg7iMA8pc4AuI6dNgPcBgBHbZ/BXojUJe2vII3xus79kbiceHXGKz1lRK5tvuzviiuAOB3czmhjj/LIGO9AVgIHB8VULZVPhna5khY4EEOB3afAhcZKxkrNJ901n0zuHb8L6rH4J63HEbhXprWD5A+evoI/hWDnFQz2JQf62u+9XwvmLVmszEtaJ3G4ERFCRERAREQEREBERAREQEREBERAVPv96o9OWO46guIkNJbKSasn7tnM/u42F7uVo6nDTgKoK3+IL6aLQmopKyuqKKnZaawy1NOcSws7l+XsOD7QG42O/gpjudDklxM1r/iFqe7a6EJgbqCrkubIebm7tkvtsYXeOGkDPuWauz88f4VUn1bjXZx4e01asSOmoIQKeZtVQkeyGAc0XmGgbEfV2I8Ntlsj2cLlHU8NZGRyBzYbxVMJH1o4nYX0WSIikVZEzudtheG0xltlUC79xUSMHuBwcfirxpCT1Vi8LnuNBd3OI5G1bQ3Axj5MZ/RXrRH3qofknifIr4Tvkr74YXxEPcYydlHk9mLI8FBjH4qZ5Q6PHmEECd3tsP8AEMKBKeV4B2z+a+1OfgzXjqwqHU4khbK05OxUimynuqp7TsHBSQqXRsdBGMOe45J8Gg/qf9Km7i7DmTjr0VInYTK5zHHyB9ymBArC7vcE523WvGvIaLh3xZs+vpIcUYmNPcWgbPopgY5gf6XZ/pCz9NDUlxLn7ArFHG6wi7Wlzizm9nG6SmPLVzV1hfpfVF205I4P+LK2Wla4fSY1x5HD3FnKftVEd47EK7Ncw1NVR2LUlQCZa2iFFUuPUy0p7tjj73QdwfUOVpbE5wtCtvXWJRLyc9FEieWkOC8BpeeVjeYlfJJYIH9y95lmG/dRDJHr5fbhRI6C/s/OLtndYKnhLdayOG5Pq5a+1sdnNRGWAzMB6czS3mx4hxIzgrc1cx/2f8tsl4+UguNO19R8VVzqEB5xDKGt5nbbOJjMg32GfNdOFhc6sVzTr37aPHtM07ERFTe4iIgIiICIiAiIgIiICIiAiIgLDPa615PoDgTqGupKaqlqLoxtnifTluYTUZYZHZOS0N5shoLtxt1IzMtXO3NZ5dVaCqrTDbq6pns9IbxSRxScjZJ2HG3niPvcg+e269cFYtkrEvPLb00mXN24x000jqy3TMY8/OPLzNPuI2KqPCzV2obLri02qgurqSludwhhqoYpwYZuY8mXRu6O3ADuvTdWncHzVAdNRSPe9vVkh+Ub95B+0OwrXku1wpa+GZ9PF31PKyVhlg7zdrg4YIw9u48A9b2WetM2sOovCf4QNK1UtW0tlfXTB2W8p9lrWq+aI/NPuWO+CN/odT8KrNqW2tLKa6CapYw5y3Mrmlu/kWkfYsiUuMN9FURCoZ8fBQiTz7dAvYOd1D3MgCEJph9nBUeMgAZUuz5vqo7D7GUiUJeZnMyeL+oKTpJO8gdC455ein5cCZp8JG4VHDzT1TwDjf8ABTAlriCIgP4XZVMc/LQfEbKsV7e9ZO5gGBy8v6/n+CoBecEA9UhMdvMkmQWkq2dYUDbjapYgASWkD1Ven26FUu9kR217vF2w+7ddIYDdwiumvdF8SbpZmvkj0VS0dwpoWt5jLyF7ZQPf3Amdt1Iatdw9uNnZHu8V077G1qiZS65mkha+OqraaFzXDIcGxPJBHiPbWjPai4NP4M8Yrvpm1sAslU0XW2Oc7lbDSSudiNxPTkc17PRrfNRxc+72xz+z3yY9Ui8MTvfNL8mJjTw+Ij+e/wBT4fYvmaOjjbE9raeJxy2Ng5nyHz23J/8AxUu6sYWZop42R+NdUDDP/bZ1f6nb1Xuilog4upXz1D5Pn1Do3e16uIAx6bBXupeLaLsAxd7xzF6ZA8U9HbJYHOc0tDTO5jGgZ94P3LpwueXY3sdVZdMXTVDopIZ7nWRMpHEHPdQA+2CeoL3nB8eU4XQS2VUdbb6eqjqo6lskbXd6wYa843IHhvnZYvP7ybXeLP4ZhNIiKitCIiAiIgIiICIiAiIgIiICIiAsIcVXsueq62hlIMbKWOkIJ2w5hJH96zcsAajndX6qulQ0McHVz2Dm8Q0ho/0qzxY/HtW5U6ppyovNDGx7oyeV8D3Rh7DuC046j0Vuyl3e93VxiWMn52Mkeo8fs393irsv8RZX1ze4EQbVTARh/M0DndsHdQrUlk5JubJLfM9QfIj9VtZFOro52f6ZlHwM0TBGPZNqZIN8553vd/3LKdNg8vuCx7wghFNwo0TTYxy2Oi29Ygf1WQYOux9FU90JwnYheHHEjd/E/kvufZXg/vWnzKI9k4zHKDkKIw7Fp8VBYcD81EYcORDzKcwh2f3blRry+OklFXM7kh5C97vJoGSfuCrDDl00XmMhWZxbrXWzhpqK7gPLqG11MvsAl2BG4bAbk7roe9G6gi1Vpu3XsNDRcKVlQGg5A5s5H2HIUtUAwzPjP0XEBWlwBuQquEGjbg2YSiWgcC8O5gcTSDrk56eavO9R8s3fN6PGc+9PzT4nSmzPyepVLvzTLTxU7R1aT95U7I8+XQqQuUuZY2gZAAyftx+qT4Trtm3st2htu0VdKrlway7SHp1DI42/mCpTtQ9mLSPaA0rUVE1vazV1ropG2Ou717WiQHnbDK0ODZI3OGPaB5eYuGCr04HUbaThtbHgYNS+eoP9UrsfgAr8WVa81yTarSpWJpES4MXWSegIY6lzN3hi+VcGBjgcHmcfIg7NBJ8MdVsN2R+GQvuo6jW2qKT4ZaLXE6KnbUxd3BNVuAwWtePb7tuSSS4gub0KnO2Dwc0pwe41VQ0xE5tJfqT46ZEHNJo3SSSCSJhxlsfMwuaB0DsdAFstwl0/DpHhdp20cjWzst8c08kjuZ5kmzK7YAkYLyMZ8FtTk9WOLx7s28TWZquRslKSI6am5g3AAaDyD1ccZ9As+aBeH6QthDnO5Yi3Ljvs4jHptt7lgmJ7C3lZDUy/WLOUfis1cMXyP0jT8+ABLKGgHJA5z1+3KzuV9MLHF+qV2IiKivCIiAiIgIiICIiAiIgIiICIiDxLI2GJ8rzhrGlx9ButYLzfoLRYbpqatdyspoKmvkJ8mtc9bEazrfi/Sl2q/FlJKG/zFuB+JC077RF1jsnBS9wkgPuLILYwZwSZJG839jXq7w67mVPlT4hoTcakStMkgIe/LnDlPU7n8VaddIBI8jJPKRjxJ8ArrufLlwa1o9AvnDjRVy1/r+1adtVOZZqqqhp4hjZ00j+WMH3A5efIMK1M0+nuVenboxw6gdTaF0rSPbh0NloWOA8CIGAq9IOg2VHp7RDp6YaegmdLHamChjkPV7YvYDj68uftVYhwW5z6YVSs77cz50mQcgZ815xl+fIr74BGbu3C6Edh3BA8FEG4z5KGDtnK9Nz080cvJd3dXG7OzvZVu8Ro6Z2htRQVrA6nfbqhkjc4yCwjH4hV2sJDGyD6BVgdom6T2zhFfKmlldFLUtp6drmnBHeTMBx9mV1uI7lMRudLe4KOb/hja6RjAz4K+pg5GjAaWzOOw+1X3WNNTQ+bo91iXs13h920BcBJUd9Jb73PA87bc8UT8HHqVlmCTYsPQpM+qZmCY10t2cnKpdfLyxuePMfcMn/ZVi4xGGaRnQA8zfRUCVpqHiFm5llEY+8N/Nc71CW4PDug+LNC2CiIw6O3Qc38xYHH8SVcSg0dO2lpYaVnzYY2xj0Ax+ijLHnuWrHUOaXbeqJr12oGWZoa8Q0VpoQ1wyCJHFxH296tnXB3KYhKeVhLWhoDQADgAY6DC1r7UMT2dtelcRtLWWFzfZzkcsY8durStkw8gnm5s535gAfwW3H8qkfkzMv1y8GNoO5c8/WeSAsycLHc2kox5TzD+5YdkeeUgvIbjoNll3hI7m0oem1VKNv6VT5X0PTi/WvVERUGgIiICIiAiIgIiICIiAiIgIiILJ4u1vwfSRpQ4A1tTFDjzaDzn8GLRTtk6jbFbtMaUjkAMr5rpM3PgB3UeftdJ9y3L4y1oqLja7Owk9219Q9o83ENb+TvvXN3tKaodqbi7e3Qyh1NanNtUGDtiEYfj1kMi1/s+nW2fybbvph2488zxFDG6SR5DWtb4k7AfadsLdv9n5wQ5NVVWv7rTiSLTbDTxPLfZluczPlC3zEUR5R75AtYOFmk6m+Xh95bSuqTRyR09DAwfvq2U8sbR5kZz6uautHCLh9RcKuHVq0lEWulpITNXTNH76qf7cz/AH5cSB7gAuefl1+CHXHp6p2w9cHd5f69/wDHWTn+8qaiPs9VSKSqbXT/AAxpy2fM4zscPPMPwKq8ZIb0K6jqFafKO12RjK9tHtdVCaTsozRspTCJnIwV7YeZnTooYGW9V9hduWlHL7M3njczwIWB+2LdKuj4En4FO2Gae8UVKXvOA3Jeep6HYbrPhGOgWEu1NRMqOElxiewu+D3GjqWfOOMvLCfZIP00nt1X6oY57EzTFpnWFjmqWTTispK0ljsgc8T2H8Yxk5IKz8HFknN0ytZ+x7WPtuvbzanMeyO5WrnDC2THPDK07cxI+a93vWztdF3Uzh0GeYehSPCb+UjeIg+IVDRks2PoVTtCW/4117ZLZMwd2+vic4Hxa085/wBKrL+WWN0b/mvHKqDaKqez6ot9widyyUVSybOOnK7J/DP3qLd1nRXqY23MC+r40ggEHIO4X1ZDVc++1/axSdrzR1YW5Fwgs0m/Q8lXIw/6Qs3NcMHAb1+iNlYHbSs0h7QPCC7RtJNXK2lyP+lWRv8AylKyEYp2tLpZJAzxc8ho+/ZbGOd4afozM0aySlaiQg4Jwsy8IB/wkT51cp/BqwrUObn2SSPPG347rN/CVnJo2B38c8zv7sfoqvJ+l6cb6l5oiKiviIiAiIgIiICIiAiIgIiICIqPq67/ABFpyvubX8skUREXn3jvZbj7SFMRudQiZ1G5YE4v67pbFFqbX04EkVpgkdTN8HCIcjP88uAP5iuaN4rnVFZU19QRNU1U0ksjmNwZJHEucQPUn0W8faUD6Pgneqh79xV0AkGfoiqjBH34+5ag8KNMP1nxDtlBLH3kbHmuqvIQRe1y/a7lb7+Yrf48RjpLJtb1Tttb2POF4i1lYaWupGyDTlE+81xI9n4dLhsY9Wlxx/6QW89e9sVDUSPGWsieSPcGlY94F8PzorS8tbWxgXG9yNq6g+LWY+TYfeAST73FXrqqb4Ppm6z5x3dFOR/kKxs1/vMm2jir6MfbXC2gbuaMDAAHkAFVm9N1TbazETQR0wp9rtjlaLOlFad91NRO26+uylIzuAo3OYZuVx2d0Q2mhvnChSfJyNe3oVF3G49F5lbzx48UQjFwIysXdoqx1N94R6opKNjTUNofhEXMxrhzRPbJuCCOjT4LJcD+aPfq3YqTvNuju9rqrZL+7q4ZKd3o9pafzRMTqduffZ5rr/pvjZpSrrqQR0VVUyW+WSKNgaBUROjBJYBkcxZ1W99yYXMbKerfZOy0FmfX6fu7omydzUW6pPdvAwBJE/bP9TVvhYb5R6v05QahoXgwXSlZUt+qXD2m+odzD7FFfD0yedpd3zcY3Col4Y+GX4XCwEyNLTnwOFXHggnPVSNfEJYXMBwTu0+RUuW1um6xtx09bK9pyKmjhl/zMBVSVj8Fq+Su4cWrvjl9OJaY7+DJHAfhhXwsm0amYadZ3WJa29rG2iTXfBm8lrR8H1JU0nMfB0lKXt/uhBXh0DGkPkmM8o+k48xHp4BVfta0wlZwwne2RzY9dUrCIxl2XUtSBj7Qqawy9wx7u6qI3D2Xt9knHn5HzBWhx53jhQ5P8xTav5+Om6zvwuby6KoDjqZT/wDI5YLndFI9zadnNMNyyY4wPMY+cs38KZ5ZdF0rJmBropZo8Dy5yf1Xnyvpd8b6l4IiKivCIiAiIgIiICIiAiIgIiICtfiBp25aktMNNbZmB0FQ2d0Ttu9ABwM+Byc77K6EU1n0zuEWrFo1LTftOaS1BX8Gb/Z4rNWy14fS1TKdkLnPlEdTG9wAG7vZyduuFgrsm6Pr59WXWR1sqI5ZXUtqw+JzXh0kvPKMEAghjBnyBXTmenp6qMw1MEcrD1a9ocD9hVFj0NpSG6wXuGzRR1lM4uikY5zeUkEE8oODsT4K9Xm6pNdeVSeL31PSutAaA0AADYAK3+IMvc6LvD84zSub9+B+quFWnxSlEeiq6M/+c6KP75G/oFSpG7QtX6rLCMDSyNoPjuo4+bjxyoTevTovbpAwB52APXyWsyUaP94AT4qcqYu9gBHVu4KkXHD2vac+XvVRhmbygPGx2KDzSS97HyuG42OVFZs/kdupbl7mfmZu33KacO8aHt3IQQQ0xTuGcNfv9q9YyCF6kaHtDh1buNl5HXOFJDR/j9YZdOcUrzC6Nraa4SNr4SGbYlGXD/OHLIXZY1yWw1/D2tn5u55rhbsn6BIE0Y9HEPH8zlXO1bpmKth09qLkOGTyW2d7TuGyNL4z/mY778LXTSt1u2jdT0eraCF83xNV/LhnV0XSRpHgHMLhnpn0XOp8vfq0abxTtHek42KkappLf9lNUldR3Wgp7pb52z0tXCyeCVpyJI3tDmuB94IUGpblpUzOnnHbM3ACsbNpKroejqWvkyPc9rXfmSsnrC3Z6qgyqv1vI3cIJx9nO0/os0rMzRq8tHDO6QxtxxtFNdbNY55nt7y1XhlwhYRkue2CaMY9O9z9ixwcMmlbHjnf7To84EoA6jyeBj12z5q+uOUN3gNmultY2SISS0szHv5QC4AtIJ2z7LvXYLHTZjNy09a0vOfYeB3buYeH1Xj3bEdFc438tS5HeRBqqeKrPNBWMZLGctycPYfIt/RZv4TEHRVLlrmyiWYTc3/M5znHu6YWArgaJ07Y7jG1r3n5Orj9ku/mx0Pn4LN/BMXBukJYq93P3ddK2GT+OPDcH78j7F58nurvj9WZAREVJeEREBERAREQEREBERAREQEREBERAVkcXHuGmYYw3IkrIwd8dA4/mAr3UKopqeridBVQRzRu2cyRoc0+oK6pb02iXN6+qsw1vLeTdzHN9R/sosBp3kxucHBwx1GyzdVaA0pVZJtTIifGF7mfgDhUiq4R6dm3iqauM/WLHj8Wq7HKpPlRni3jwxR3Hd+wDkDpgKaglazYhxGPFpV/S8GqMg91dseQfTD8w4KQn4M17cmjvFG0+HNC8fk5d/xGP5czx8nwtb5Fw3C9xgN+a7by8lV38INbh2GX21FnvM7T+q+t4Sa3bkm72s+j5D+bFP3+P5ROC/wolXHUSwuZR1LYJMjEjow8YzuMZHXp7lSnW/UY5v8AiODcbH4ubkf3K8Rws1kz51XQv/lkx+bV5PDHWjnbGlaPMzNP/ap+9xz7o+6yR7MccSNLu1boi52EESVT4BNTOLetTFh8ZwPNzcY+stCtTajj09dqm3Vc7oPjWA1bndC0MHtM/mO4x/uunn+FGr3kF1XStI/6+Pyatatffs7OImstU1lwt+utM2u1z1Ms8UclPPUTND3ZwRhrcDoMFdV5FKRuJdxhvPUwtXsh69uGouHztP3trWTWyR0tuaG4PwB7zyM/odkD6rmrOUrgRgDr9yldB9iXWGib7SX5nEyjnMDHxTUzKJ7IqiNzccpy5xABDXDG4LR71lRvAu9vGJbzbgfqwvXnbNi31LqMV/hSOB9UKXXM1MTtV0EjQPMtcx35ZWwCxhonhHXaX1RBf6m7007IIpGCOOJwJLm46k9OqyeqWW0WtuFrDWa11KWuFtoLtSSUFzpIqmnlGHxStDmny2KtWr4U6ZqGPZD8IgY8AcgeHNAHQe0M7eqvNFxW9qfTLu1K28wxtUcFbfMHNZepWscMcrqdrv1V2aO0rT6PtJtNLVSTxmV0uXNDQ0nGQAOg2VdRTbJa0amUVx1rO4gREXDsREQEREBERAREQEREBERAREQEREBERAREQEREBERAREQEREBERAREQEREBERAREQEREBERAREQEREBERAREQEREBERAREQEREBERAREQEREBERAREQEREBERAREQEREBERAREQEREBERAREQEREBERAREQEREBERAREQEREBERAREQEREBERAREQEREBERAREQEREBERAREQEREBERAREQEREBERAREQEREBERAREQEREBERAREQEREBERAREQEREBERAREQf/9k=',5),(201666,'data:image/jpeg;base64,/9j/4AAQSkZJRgABAQAAAQABAAD/2wBDAAMCAgICAgMCAgIDAwMDBAYEBAQEBAgGBgUGCQgKCgkICQkKDA8MCgsOCwkJDRENDg8QEBEQCgwSExIQEw8QEBD/2wBDAQMDAwQDBAgEBAgQCwkLEBAQEBAQEBAQEBAQEBAQEBAQEBAQEBAQEBAQEBAQEBAQEBAQEBAQEBAQEBAQEBAQEBD/wAARCAC8ALwDASIAAhEBAxEB/8QAHgABAAAGAwEAAAAAAAAAAAAAAAEDBAYICQIFBwr/xABCEAABAwMCAwUGAgULBQEAAAABAAIDBAURBhIHITEIE0FRYQkUIjJxgZHBI0JiobEkM1JygpKisrPD0RUWQ0Rj8P/EABcBAQEBAQAAAAAAAAAAAAAAAAABAgP/xAAbEQEBAQEBAQEBAAAAAAAAAAAAARExAkFRIf/aAAwDAQACEQMRAD8A2poiICIiAiIgIiICIiAigSBzKobxf7Hp6lNdfrxRW2mHIzVlQyFg/tPICCvRWJBx64HVNW2gpuMmh5alx2tiZqCkc8nyAEnVXyx7JGB8bg5rhkEHIIQckREBERAREQEREBERAREQEREBERARFZvFPi9w84L6adqziPqSC00HedzFua6SWolIJEcUbQXPdgE4A5AEnA5oLyVr8Q+J+geFOnptU8QtVUFjtsAP6Wqlw6Q/0Y2DLpHHwawEnyWuvjj7TPiDqeaos/BW1jStqyWC51kbJ7jMPNrTmKD/ABu9QsPtS6n1brS9P1DrK/XO/wBdPI0zVVZUvnlDd2SAXE4H7LcD0Wp5/TY997TntX+I2urxV6O7PzZtGaehkfA69SsY+61wBILo9wcylYfDAdJ0O5vyrFav1RqfV9W6+621Jcr1WSncZa6skqZXHzL5XOd+BCs24cNNQ01zkfbBBWUpkLo5RM1rg0nkHtJyCr0sOhq8QNde63a1uCYqYbnfTccAJJRV01iN0o2VdK6ndC9xbKPeCXw4P6zCcnI5jGQfRZf9m7t+6u4HWug0BrKwVGqdG29jYKWWObFwoIh0YxzuU0Y8GvII5gOAAaMWu7no4G0lttUcEDD8rnAl583HqT9VRStuUkhfI4RkjmGHmVvJWdbwODvaU4NcdqQScPNZ0tVWtZvmtdR/J6+Dlk7oH4cQP6TdzfVenr55aapvNouEF2tVzqaKtpHiSCpgmdHNE4dCx7cOB9QVnh2VfaT3m2vptEdo2Y1lBubBT6qjZmaDwArGN/nG9MytG4dXB3NwxfOLrZUip7fcKC7UNPc7XWwVlJVRNmgqIJBJFLG4Za9jm8nNIIII5EKoWVEREBERAREQEREBERAREQW/xA1xYeGuir3r3U1Q6G12KilrqlzRlxawZ2tB6uccNA8SQtLPHTjxrXtB64qNY6tqZWU43NtdqbIXU9tpyeUbByBcQAXvxlzvQNA2L+0zvNda+zFU0dDV9y273y30NQ0HBli3OkLPX4omk+gWqYM2hgA6AAH8lvzPqVL7sk4aCDnKqIvh5tyMfxXJjQ4OkPLH8VyDSBjJ+60ie14DAS3JA6kdVD3hwB2u6/gpezwHorkpNK2yss1pZHeII75eKx0cVO+UOjjg5NaXhjS6N5fnk4/KM45qyai3ZJXBuXOaM+Geqkukj6ta6Q+G0LudS2e2WO/1lpoax9bFRyGEzSxCMue3k7ADiMbs4OeYweWV1rnGRoZHA8t/uhOCimDpHYFIzceTd7xn8ADhU09C+Jp2AYAwceahc7xQWyRkdRP+lPyxQNy9xPIBcmVlS+PfJCId3PZncR9T5/RQZZ9gXtYXrhbra28GtZ3CSp0bqKqbSUHeuybRWyuwwsPhBI8hrmdGucHjHxZ2uA5Xzw++VdBWw3Oie5s9HK2ojc04Iexwc0j1yAvoH0df4tV6SsuqIMd1eLdTV7MdNssTXj/Msep/Wo7hERZUREQEREBERAREQEREGCPtXtR+66D0LpVpBdX3ipuDhn9WCDYP8VQPwWu2nLJog9p5H4m/dZre1gqZHa10DSFx7uO0V8jW+TnTxAn/AAhYN2OoL6buz/4nyNz6YyF088HbMja3Bz69ULmZJwCAemVSull2gemfqod4cHx8Oq0yqgS45aduDyweYXaQ3a6twXXOoflu3Er+8BHkQ7IXQPe7IDepKlzXF9IwPkOG525H6qatjtKyva17p5GM3u5YZG1g5DwDQAOngFbF61DU7XNZ8I8PEqfV3RnOOR3Mc+nLC6OvqaXbvc8xF36zmF7T9wpSRR6YiNZeairrXbpoQNgPhnx/AfvVzTPcPk+Uktb6n9d30HQK0bBUMdqSaGKrhf3kA2lh8AfJXi9hcdwZgEBjAfBg8fufySJVPDBvMh8M+a3VdibUjtUdlvh7XySh8lNazbn+hppXwgH7RtWmOKDu2AEfN18Fsu9llxHp7xww1HwxqHhtZpi6GugaXc3UlXl2QP2ZmSg/1gs+uLGb6IiwoiIgIiICIiAiIgIiINb3tNuFfGPVGvrRrKy6XuN40tR2ZtJFNbaV9R7pN3r3SiZjMubuywh+NuBjOQsArOKqlq6y31kZjmjHeGMgtcORHNpGR0C+h0gFYu+0R0RaLv2bNQ6kbRUkVfZauhuAqBC0SyATCEsLwMn4ZjyJxyC1L8Gp12Q1gJ+YY6KDjtOc5OeXJQnOx7Yscw0cx9FKkccZ9emVsTG/O07h5KVK1kr56N7QQ9uQMp3jQOecg56KXXyiGWKrDjhvwu/qlB1PufvAdRSktnpx+jfn5meH1wqF9ou8Li6mqBET1aWnBVw1dGyd7ZIpcSs5tcOhCl+9SRjDow9wHRMFlRCstepaae5TRB02Yw1seM5HUn6r0WnhlqTnGcjJ/wD3gvO9S0801c2qDnPmc4Fv7AC7m663rLVRRw0VGwybQXzVDsMY7GSA0HLvv+CksiWL1MLGAvdtDY+W4kBo+pPJe39gPidBo/tV6cs9nubK6PVUVTZK2lpMyuLHMMrJDtGAI3xNcTnk3crL0h7PHtj8XGWy8V+laG02m5wx1EFddLvTsiZDI0Oa/uonPk5tIONmefNbBOxl7PDSnZbvk3EK+aoOqdY1FGaOKdtL3FLbo3/zogaSXOc7AaXuIO0EADJzm+tMZfA5APmooiyoiIgIiICIiAiIgIiICx57f0zIuybrre7G9lAwepNdBgLIZY1e0Se5vZT1Q1rsb6y1tIxnINdDyVnRqNrHYqyD0GAVSzOb8TgOR6KdUEGqlPL5zz+6p35xy8Rjn4roODZdwA6f8qbKBNT7HHIIIVK12HHlzBxz64VRFIDuj2gY5oKONzpKbYH4fCdmfMeCkSnu2EbuZ6Oz0KnTuEFXvc3DZBtPPkVKlo2veM/KTkHmlEmmoe+bLVSgHa3DCfE+a6bVkbKqvZQtaNsTJHOx5nP5AK65nCGj2RtwOXL7hW/QUjrpf5WjmZZhECfV2381Kj6FuHNKyi4f6ao424bBZ6KIDyDYGD8lcapbXSe4W2loh/68EcXT+i0D8lVLmoiIgIiICIiAiIgIiICIiAsY/aMSSs7Lt6ZH0ku1oa7ln4ffIz9ugWTix27f9E6s7LGrHNx/Jp7bUHPk2uhz/FWdGnaV/wCmc4jq4n7KXL8hIHToAoPefmz16+Kl5c5uSeoXQSXSBj85PMY6Lm6Ta5kzXc8cx5qnfI5xczxby6rmHd9TZ5F0fXzQVlRDFVxkOPX4sjqFTtlMTRFK8Hb+9SBK59O5ocQ9gyFTR5B76Rx29cHzS0VdXVDa7wDRkc/ULsuDdqfe9daboHNJdcb9QQDHU76qMcvxVq100lRIY4OZDSSF7L2WbFHWceOGNokAc2bVFukfkZBDJhIf8iz0b1h0+5UVAcxnzUVgEREBERAREQEREBERAREQF4p20Yqabst8R21cmxjbM6Rp/wDo2RjmD+8Ghe1rHvt83L/p3ZS1vguDqplFSjb+3WQg59MZVnRpnf8AASCc48FxDshwBI8Oii8jcSCefNcARvwH8l0FPK10bmyAehGMJG8QT7XcmzdeShUMLXHa4gO8D0UsuMsew4yPHrhBxeDBUmDvQzvfkceQz5KFXariBvZM14ABDWnw+qqomwXOE01U3EjOhB5/UKogZ7qwwl7nNHiR4p0UFvtxgglqaofG9pODzx6L2DsvXmOz9pDhlXyylsbNSUUZOejZH91/uLyusqGQwYIBLv1T4rsNA3uWwaw07f2OO+13Gjqxg+MVQx38GqX8R9CDRgAeXJRUGkEZByDzUVzUREQEREBERAREQEREBERAWJHtOL4y2dnGK17vjvGoaGn2+bYxJMf9ILLdYB+1lv0cOl+H2nO+DXVNxra54LsN2xwtjGTnrmU4+6sGtncT+t9MhSy5zcEEHac9FPZRVDxvYN4I6t+IfuUuSnla0tc0j6t6rWhMDNCXNaCeoXXwnDyw5buPJVsMgjdsfkZ5dOSpqqll3B8XxNPj0V0BCWyd42baQeWVPNXLncXcwFTs75rMTYyenPwXBzZDyaAf+Uoi4unkMs7s46BcIp+7Mzs9I5XN9CGk/kuBdNGMsicf3hQyWQS1D2AOfFJE36luD+ag+h/RVwN20fY7oXhxrLbS1G4HIO+Frs/vXdKxuBVWK7gnw/rQQe/0vapDg55mkjyr5WAREQEREBERAREQEREBERAVHdLPab3TOorxbKSup3cnRVMDJWH6tcCFWIg8n1J2Uezhqx7pL1wZ0s57vmfTUIpXn+1DtK83v3s4ezBeXF1Jp6+WfPT3C9TgD6NlLwsoEQYOX72U/DKs3DT3E7U9vB6Crp6arA9OTWE/irAvPsndTxF3/b3GO0zN8BWWWSI/cskd/BbIkV2jVlXeym44sdupNeaFqOuNxq4z/pldU/2WHaKafgv+gnfWuqR/srbEiaNT0Hsqe0LO7bUan0DC3PM+91Lsj7QZV8aP9kfe3Tsdrvi9b4KZrsuhs9sfK8jybJMWtb489h+i2Uomi2+HGhLVww0JY+H1iq66pt9goo6Cmlrpu9ndGwYbvdgAnHkAAMADAVyIigIiICIiAiIgIiICIiAiIgIiICIiAiIgIiICIiAiIgIiICIiAiIgIiICIiAiIgIiICIiAiIgIiICIiAiIgIiICIiAiIg/9k=',7),(201667,'data:image/jpeg;base64,/9j/4AAQSkZJRgABAQAAAQABAAD/2wBDAAMCAgICAgMCAgIDAwMDBAYEBAQEBAgGBgUGCQgKCgkICQkKDA8MCgsOCwkJDRENDg8QEBEQCgwSExIQEw8QEBD/2wBDAQMDAwQDBAgEBAgQCwkLEBAQEBAQEBAQEBAQEBAQEBAQEBAQEBAQEBAQEBAQEBAQEBAQEBAQEBAQEBAQEBAQEBD/wAARCAEsASwDASIAAhEBAxEB/8QAHgABAAEEAwEBAAAAAAAAAAAAAAIBAwgJBAYHBQr/xABPEAACAQMBBQQGBQkDBg8AAAAAAQIDBBEFBgcSITEIQVFhCRMicYGhFDJCkcEVIzNSYnKSscKipMMWFySztNMYJTQ4Q0VGU1SChIWUsvD/xAAcAQEAAQUBAQAAAAAAAAAAAAAABgECBAUHAwj/xAA8EQACAQIDBQQHBgQHAAAAAAAAAQIDEQQFIQYSMVGxE0FxkQciYWKBocEUI1JystEVM+HwJDQ1QlOS8f/aAAwDAQACEQMRAD8A2pgAAAAAAAAAAAAAAAAAAAAAAAAAAAAAAAAAAAAAAAAAAAAAAAAAAAAAAAAAAAAAAAAAAAAAAAAAAAAAAHD1XV9K0KwrarrWo2thZW0XOtc3NWNKlTiu+UpNJL3sqk27IN21ZzCmUuWTBvf/AOlT3T7vLi62d3T6XPbbWKGac72U5W+mUZru48esrNPP1FGP7ZgfvL9If2l95detTvt5l3s/p9VvhsNnKS0+Ci/supFyrS+NRm3w2S4iu/vGoL3uPlx87GPPExS9XXwN6Fe6traKncV6dKL76klFfMpQu7a5i5W1xTqpdXCal/I/OfLajWdpKzr6jd393UqPMri/vatWcn4tyk5P4nbd3GibRbS7Z6HsnsrqeoUr/Wb+jY0pWtacJJzkk5JRkuSWW+fRM30dkISp9p9o0/Lp+oxJZg1K258z9BGV1/mE0+jNI1Db3f1u4201fZrT99u19OGgX9Wxq1bTX7idvWnSm4tRjKTTWU8rywem6H23O09s7wv/ADiLVKMfrUtS063rZ/8AMoRn/aPeHo/x9el22HqRcXwvdX+TPJ5zRhLdnF3NtoNe+wfpL9roVKdHb/d5pepUsJSuNJuJ2tT3+rq8cW/LiiZL7ue2XuH3jSpWlHapaDqNVqKstbh9Fk5eEajbpS+E8+Rocdsvm2XJyrUW1zj6y+XD4mVRzHDVnaMrP26HuILdGtSuKca1GpGdOaUoSi8qSfemuqLhoDOAAAAAAAAAAAAAAAAAAAAAAAAAAAAAAAAAABQAqdc253i7D7tdGltBt3tRp+i2EcpVbusouo/1YR5yqS5/Vim/IxW7Sfb603Y+8vNh9zEbTV9Yt5SoXetVcVLO0qLk4UorlXqJ9Xn1cWse28pYC7YbbbW7wdbqbR7bbRX+talV63F5Wc5RX6sF9WEf2YpLyJvkexOLzNKtiX2cH/2fw7vF+RqMXm1Og3Cl6z+Rmvvc9JTRhKtpW5jZT12MxWr61Bxj+9TtotSfk5yj+6YX759/W87eHa3evbf7ZX2rytIuVra1JKna0q0uUOChBKnHHXOM8up1/hi1yPn65oVDX9KudJr1XRddKVOolnhmnlPHes93gzpeG2aweVUJfYaa7SztJ6yvbm+HwsjRTx1XETXbS9W/DuPA7uo5ylUuK0qlSTbk89W+rOCrlU5Lhjho7Pqe7nbWzrzpQ0OvdxTwqts1UhJeK55XxSZb03dbttqVZKrpX0Cn31LyagvglmT+COcVMDmEqvZwoy3vyvqb6NahGO85q3ijg2OoVWlzeEev7jNtdtth9pP8sdi1bWV9Stq1rR1O4tlWdp6yPDKpbqXs+uUW0pYfDxN9cHE2c3V6Lo6jV1Ss9Srx58M48NFPyh1l8XjyO5xhQhGNNRXDBYUUsJLwSXJE5yjZzEzhfMH6r/28b+Pd5X+BqcTj4X+548yHrIxWFKc3lybk3Kc5N5lKTfOUm222+rY46kl+i5PxLvHCH1Y8vcRcpT7+ROVFQSjHRLkam99SwqbhLjjxQl+xJo5NK6u6eV6xTT7pxTz8SiiyPu5+Za6afEOz4nrW6TtK70t0lzTp7L7TXNKwjLM9Mu83NjNd/wCbb/N++Di/Mzq3N9urddt5C30rbe6ttk9aquME69fisq0ny9is/qZ8KmP3maulJuWH9Xv8zl0blxxHu6Y8iL5xsll+bpznHdn+JaP49z+JmYbH18I7Qd1yfD+hvQoV6VzShXoVI1KdSKnCcZJxlFrKaa5NeZcNT+4LtU7fblr6hZUbyrq+zLmvpGj3NVuEY98reTz6mfu9l9671s73ebwtl96GydltlshqCutPvY8srFSjUX1qVSP2ZxfJr4rKaZx3Ptm8VkM12nrQfCS6Pk/7TJPgcwp41WWkl3HZQAR4zwAAAAAAAAAAAAAAAAAAAAAAAAAAAYQ9vjtRX2zdGtuS3f6lO31C6op6/fUJuNS3o1FmNrCS5xnOLTm1zUWl9p4zO2h1m02c0LUdoL/P0bTLSteVsfqU4OcvlFmkLaraLU9stotV2q1m4lXvtXvKt9XnJ5fHVk5Y9yzheSRNdicop5hi3iKyvGnbTm3w8rX8jUZvipUKapwesuh8qklGHsRSXLCXRB9fEQ5JolGJ2ymiLCK5lxJNYwRXJFU8GQkWsklFeJVSiui5lsF9yhJyb7yIBersFMeJJLLwkFzLkeS5FyQKKnl+1zEoxSbf2VnBNS7u8hV+o14tBrQomWVHHXm+9+ZOLaYinJ5fJFxKK5YPMrcu0ZtSMoew/vjvd328u22R1K6l+QdrKsLSrTk/Zo3j5UKy8Mv83LxUl+qjF6msvwR97Q72tY3VC8t5yp1bapGtTknhxlFqSa+KRq82y+nmWEqYWotJLyfc/g9StKvLD1FVjxRu1Knz9n9Rer6Hp+qtJO8tKNxy/bgpfifQPmdpxdmdBTuroAAoVAAAAAAAAAAAAAAAAAAAAAAAAPIe1zrlTZ3s27wtTpVXTn+RatspJ4ea0o0v8Q1AUFGcZuK5PBtN9IRffRey1tPaqWJX9zp9tHz/ANKpz/lBmqvQK/r6LhL60Xho61sBT3cFUnzm/kl+5Gc7d6q9iL8KE51FTpwlKUniMYxbbfgkubfkdq3kbtdf3Wa3a7ObTTtnf3Gm2upzp283ONGNeLlCDljDkopZxyy8JvGTtG57bjYbdjeXG1us6Pqes69GndWdjaQVKna0KVW2nT9fKpLMnVU5xwlHlGLecyWPk74d5tbe7tfDay40Wnpkqem2emxoQruquG3p8Cm5OMeb64xy8+pNqVbF1McqcadqKTvJ21lpZJcbLn39dVu0+y3r+ty9h0PHiMPu5k4xT7yWF7jeJaGPctYY4WXuHPeU4ELC5a4WMMuPHeUxzwetilykYpc2VckuZSTx0LcptC9kVtcuqSZGck8J8+8setl4okppvL5YTZY5XK7pd4vAlFLocehNyzLrlnKi/IqmUehOHKS5YPqWDTqJJdeR8qOW8nPtKihUhP8AVkmeU1c85K6Nze6a7d/uv2RvWsOtodjJrOefqIZO2Hn+4Cr67cpsRUz10O0X3U0vwPQD5exsdzE1I8pPqdCoPepRfsXQAAxj1AAAAAAAAAAAAAAAAAAAAAAAAMTPST6krbcbpemKS4tQ2it04v7UYUa0380jV/s7cRttZr6dVlh4VSnn7cOn3p8n8DYj6US+lR2Z3e2HFiNxql9Waz14LeKX/wBzWntHUr2delqdrNQr2tTjhJ9F4qX7LXJ/f3HYdj12GUQqr8Un87fQi+ZrtMVKD5I9BvoqNRteGTiNoWWrW+v6TbalbNx9YnGcG/apziucX7vmsPvKLC58yf4eanFSjwNJZx0fEkn4B+KKc/HAyzLuUsVz4lcrpkjl+eSEm/ACxOcku/7i3KRbnKSLTqNfWz9xfvFyiXZzSLUnkpx8/Itym+483K5VKwnPBxLi9dFwiubqy9XFZ8uvyLtSTw8s+Je1nPX9Kt4vpKrUkvJU2l82Yter2aT9qXm0j1hDeZ2m0hwUkn1OVHBZoL2VnByFhdeRnRV0eEmSiXaMllLzLTmorPEQhU58n3lJrQttc3BdljUfyr2e9hLzKb/I9Ki8eNOUoP5xPVTGz0f+0y13s/W2mSqJ1NB1O7scZ5qEpKtH5VWvgZJnzNnlF4fMsRTfdOXV2+RPMHLfw8JexAAGrMkAAAAAAAAAAAAAAAAAAAAAAAAwG9KRC9q1N3PFQn9DpvU+Gql7Pr36j2H58MW8eCfga7doI5i1KDaw0011TN+e1Wx+y23OkVNA2x2e0/WtNqtSla31vGtTcl0liS5NZeGuaPJdS7EPZW1fLvdzOirP/cVLih/q6iJ5km1mHy7ARwdam21fVW1u2+9rmafE5bUrV3WjJammnd5dSp295p0pZdGtGrHx4ZQkv6TtsecIPm8rJmN2z+yBuW3J7vbTeNur2budGvJapS0+8pflGvcUZ0KkKjTUaspcMlOMeaa5NrnlYw6i/wA1SXT83F/I6Vs3mNPM8Gq1K9k2teOnnzNDj6DoVnGRVYfMZfxDz3FOjySO5hFX7iMuhVrzINlwIT6Fprr4F2fQtvGeYLkW+nIjPmsE5EJMsZU4tflCU+XJczpttc3NXbq3nVb9U6FTGF9Xl0O616frYKn+u1H7zpGpK80/VXUlUSuKTfq6kVhuL7jSZtUcFCXcpJ+RmYaz3lzR6ZbZcE4xbWOpcfAuc/Vrn1lJI8unr+pVZKNWoquevFKX4M9V7OG7Wx3z74tlt3erQq0bPWbyVO7q2rSqwowpTqTcHJSSeId6fXoWz2ip06cpuOkU2/Ba8iiwcm0r6sszuLKEczu6C8vWxX4nHlf2MX/y+1S8qqf4mxyn6Lfs/JLj2k22ly54vbZf4BzbT0YXZut5xnXvdsrtReXCpq0IRfk+ClF/Mj0/SHgHwT8v6mWslr950b0YW0yry292YpVoVqMfoGoxcJcShOXrKUk/DKjH+FmeR0ndTuY3abk9CqbPbtNlbXR7W4qKrcyg5VK1zUSwp1as25zaXTLwsvCR3Y5XnuYwzXMKmMpx3VK2ngkvnYkODoPDUY0pO9gADUmSAAAAAAAAAAAAAAAAAAAAAAAAAAAY1+kLpU59mPW6s1zo6hp04Pwf0iK/lJmrpLHCvCEV8kbQ/SHS4ezFrazjj1HTY/3mJq7+3LuxyOz+jy/8Nnf8b6RIrna/xC8P3Kt8nyI9W+fUPwTHvOgmmK5eCD5kpN5IFbghN45YLbLlRFvo8Iqy5FHzXItyWOpcm888EJLKLWVIRpxuJxozWVLK+TOla6mq3BVlxOnmOX1O727TuaSa5cSydV2usqkdQm4ReJyyaXN4b1K6MnDO0rHwbKj6ytlrlEzR9GNss9X7QlTW3BcGgaBeXfE10nWnToQ+PDOr8zEG0tfV0FlYk2bKfRU7JQt9ntvttatuuO5vrPR6NTvUaFJ1aiXk5XEf4SEZ9P7NllV97svN/sbTCrtMRH++BnsADlBIwAAAAAAAAAAAAAAAAAAAAAAAAAAAAAAAADGX0iPPs16hD9fWdLj/AHhGr1PLk/Ftm0H0iH/NzuFj/rzTPlWz+Bq9g04Zx15naPR7/pcvzvoiKZ1/mF4L6hvJVPmyJX3nQDTiRCTw+ZKTyW5dzK9xVFZPl1LE8qTeC63yRaqPI7i4l1RBvAT5Yz5EZPvLXwAjU4KiqZXJ+BLV7KldNVJRTbSfItTaXtYbXLJ9S2XrrGDlzayveY9aHaLdYvutM6jO14K8IteypOT9yNtfo5dEWldl7Rr9wUZ61qepahLzzcSpp/w0or4GqvULdZcYL2pyVNfF8/kbg+xVZR0/su7v7aKx/wAXVKvvc7irL8Tme3MexwUYrvmujN9lD36rfs/Y9uABywkQAAAAAAAAAAAAAAAAAAAAAAAAAAAAAAAABjH6RF47OdzLw1rTv9ZI1ewf5tL4mzr0jlz6js7xpf8AidoNPpfd6yf9JrGaail5HavR+rZU/wA76RIpnOuJ+C+pFPPcVIEok+NS0JPC/mWpv7ibfPLZbm1hlQlYJrHToRnjHgINcPTvE+mSi4FS34oAYb5FtwRlFp4fNM+lpcuK0nB9YSa+GD57WXz7jlafJ0qk45SVSOeb5cmWvmUlqijpKV7TzjFCMq0/w+SZuL7Kdq7Ps47uaMur2etKj984cX9Rp3p+1aX94vt5jF+X1V+Jug7P1D6NuM3fUMY4dmNM/wBmgcz9ImmGornJ9DeZH/Mn4HfwAcnJKAAAAAAAAAAAAAAAAAAAAAAAAAAAAAAAAAYeekzv3S3T7K6XxYV3tLCbXiqdrWf82jXHUlmRn/6T+6cdC3c6dn9Pqt9W/goQj/iGv2ck2/idw2Fju5RB83J/O30Ijmzvin4LoOJvoiqeFkgljqG+7PcTa5rQ8NkZck0M8+ZSTwupcvaClPvKv3lum1llyQjwBallEkuL6pR8wspposBLnnDXQjXko5bp+sSpPMfe8L8CWVnPeQzx3PAn9dU4dP2kWzegRzo0vo+gypvLamofcmbq9y8FS3P7D00uUdm9MX92pmlvUYuNlRpd86s2/uwbp9zrT3R7EtP/ALO6d/s1M5l6Rv5FDxfRG7yF3nNs7gADlJJQAAAAAAAAAAAAAAAAAAAAAAAAAAAAAAAADAP0n18pa5u2sM/orbV7lr/48TBX4mZfpNruU96OyFpn2bfZy4qpedS6S/wzDJS6s7vsbHcyej8f1Mh2Zu+Km/DoXO7kUbznwKLoCWXMAo3zwUm8YKN9wlLKXmXriC3n22vEu5zHrzLT+uiaeMlYviA4txTz0KrmseHUpDGMPmQXs1MFrBcXXqW4vhvo+U4LH3E31x4lpSUr7lz4Wm/kWS5FUfc1WGby1tl+0/vbNzG4i4V1uV2Erp549nNOef8A08DTXeYlr1KPdShlm3rsr3jv+ztu9uW8t6Baw/hjw/gc29Isb4WjL3n0/objIX95Jez6nqoAOTEnAAAAAAAAAAAAAAAAAAAAAAAAAAAAAAAAANZ/pLbrj326NR4v0OzFvFL965uG/wADEVPkZSekfulV7QNGgubo7P2SfxnWf4mLSXcd92XjuZTQXu9SGY972Jn4k02n0K5zHJam/sxTyXHiMCRmEQk8ZZTieEUnL4FE8ov4NFbCXXOSUSEnjBVPxRdfUEvtJoSeZ5C5PAXXJRlCWcnHsF6y+nLD51eHn4ZL8k4rPeXNOjFV4S6tzS+ZbJa3K3smfZrvGqXNbHThpr/98DbH2L6zuOzDsBNvPDp06X8FxVj+BqaqtSvKVPq61w2/ckzav2G6jn2YdjoP/oVe0/uvKxz30hK+XU376/TI2uRO1dr3fqj3kAHHyVAAAAAAAAAAAAAAAAAAAAAAAAAAAAAAAAo+SbANUHpBLqVx2ndaoPpbaXptJfGjx/1mOqw1jvPcu25qMtR7T221V4ao1rS1XLup2lJY+/J4ZjvPoPII7mWUIv8ABHoiE4t71ebXN9RFRUuJ/Aq+cefiUpx4ub6IrLkuRvFwMVluTXeRyisk+Rbb9rHMvbLkSqYayFzjyGG4tN8yNPnHDLmwTfTJdi8R4sZyWEstRafNlxy5NLou8pcoxUeVLLwsfcTscxq05KX2lLOTj1XxU3j3HOtaUadpGvJNSdRQWfBLL/A8ZytxK20Od6zj1e2x0hKT/ss2q9hOuqvZx0Kkn+gvNQpvy/0mcv6jVHb1E7xTTzLhlwr4Y/E2l9gCs6m4CFNv9BrV9T+cJf1EG2/jfK4vlNdJGyyZ2xVvdf0MkwAcbJYAAAAAAAAAAAAAAAAAAAAAAAAAAAAAACjWVgqADXH22uy1vLqbztX3r7E7PXe0Gia4qdzd07Gn664sq8acYT4qUfblBqCkpRUsZaeMJvDavZ1qFadCtTq0q1N8M6c4tSg+9OPVP3o3yYydL263Mbq95cHHbrYPRtYm+Sr17VKvH92tHFRfCRP8m25ngaMMNiqe9GKsmnZ2XDR6PzRpMVk6qzdSlKzfczSdGm40sQkpS7+fMjKjNLMlyNoO0no5tw2sTnV0e82l0SUnmMLe/jXpx9yrwm/7R0HUvRe6JPilo2+LU6D+zG60inUXxcKkP5Exo7dZNUXrSlHxi/pc1ssoxUXwT+P/AIa+JQlOSUUQqUnLLUGpLqmupmlrfozN6drxS2f3i7MajGPSN1Qr2sn9yqL5nQdY7A/aa03idHZbStUpw77HVqDbXlGo4M21DafJq6tHER+OnWxjywOJhxg+vQxpg8cmGuCftfVZ63qnZS7Q2mTkrnc5tNLHV29p69ffTcj4V1uN3xWy4LzdLtnHHd+Q7lv5QNjDMMHUXqVovwkv3PF0qkeMX5HQ0o5zF5RF84vkd1/zQb1YrhW6zbHl3fkK6/3ZKluW3wVZfmd0m2c//Yrr/dlzxmG/5I+aHZz/AAs6K/B9WfRdWm7SjQhJcUJzlKOOmcY/kdw/4Ou/u7qRlbbmttZZffolwl84n1KHZg7RLxw7ltrmvGenyTX34MWpmGDUlerHT3l+5d2NVrSL8mee6XxTvpVZrEYQUY/vN5f4Gz70d9xKruQ1Ki1yo7RXKXnmjQf4mDuhdk/tHaheQt6O5/aCjKpLHHc06dCC98qk0kjZR2Wtz2o7kt0tnsnrlehV1e5uauo6h6iXHThWqYSpxly4lGEYRzjDaeORCtt8ywdXL1Qp1Iyk5J2TT4X10NjlOHqrE78otJI9dAByUlAAAAAAAAAAAAAAAAAAAAAAAAAAAAAAAAAAAAAAAAAABTCXRIY9/wB5UAFMLz+8Y9/3lQAUGF4IqACnCvBFQAAAAAAAAAAAAAAAAAAAAAAAAAAAAAAAAAAAAAAAAAAAAAAAAAAAAAAAAAAAAAAAAAAAAAAAAAAAAAAAAAAAAAAAAAAAAAAAAAAAAAAAAAAAAAAAAAAAAAAAAAAAAAAAAAAAAAAAAAAAAAAAAAAAAAAAAAAAAAAAAAAAAAAAAAAAAAAAAAAAAAAAAAAAAAAD/9k=',7),(201668,'data:image/jpeg;base64,/9j/4AAQSkZJRgABAQAAAQABAAD/2wBDAAMCAgICAgMCAgIDAwMDBAYEBAQEBAgGBgUGCQgKCgkICQkKDA8MCgsOCwkJDRENDg8QEBEQCgwSExIQEw8QEBD/2wBDAQMDAwQDBAgEBAgQCwkLEBAQEBAQEBAQEBAQEBAQEBAQEBAQEBAQEBAQEBAQEBAQEBAQEBAQEBAQEBAQEBAQEBD/wAARCAEsASwDASIAAhEBAxEB/8QAHgABAAAGAwEAAAAAAAAAAAAAAAIDBAcICQEFBgr/xABSEAABAwMCAwQHAwUKCQ0AAAABAAIDBAURBiEHEjEIE0FRCSJhcYGRoTJCwRRSYqLRFRYjNFOCkqOxtBckM0N0s8Lh8BglJidVY3KDpLLD4vH/xAAZAQEAAwEBAAAAAAAAAAAAAAAAAgMEAQX/xAApEQEAAgEDBAIBAwUAAAAAAAAAAQIRAyExBBIyQSJRE2Gx8DNCUoHR/9oADAMBAAIRAxEAPwDamiIgIiICIiAiIgIiICIiAiIgIiICIiAiIgIiICIiAiIgIiICIiAiIgIiICIiAiIgIiICIiAiIgIiICIiAiIgIiICLjOOqthxk7S/BTgLR9/xL13QW6qcwvhtsZM9dMAM+pTsy/H6RAb5kILoLgkDqVql4lema1RNf66l4TcMrZFYhKI6OsvTpH1r4x1kdFG8RsJPRuXYGM5Vjtc+k17SWs309PDrW7WagE3PVwWqWlo3zR4/ybJo6cyxb/e5nH+1S7ZG8vmHt+Scw9vyXz0W/tJ6srKOQat1DxEu9we6VwrmcQ7hA71ieQOjLXsPLt0xzY8Mqo0vx/1nRVVKZL1ru8ObR91URza9udPG6p5ye/YYHNcxnJhvdlztxzc2+F2KZcy+g/I8ThcrQ9bu1H2hbTdZbrpjjBrK0xGQPioDfqqvp4sADlArHylzep9fmO5WWfBL0rt0tFBT2Hj7oupu08byHX6xiKOR8ZOxlpHcrS4b5dG8A7eoD1TpzDndDZcitJwm7VnALjX3VPoLiPbKi4yAf811bjSVwJ8O4l5XO97OYe1XaBBUEnKIiAiIgIiICIiAiIgIiICIiAiIgIiICIiAiIgIiICIpFfXUVroqi5XKrgpKSkifPUTzyCOOKNoLnPe47NaACSTsAEE4kDqrMcce15wN4Axy0ustWR1V7azmZYrYBU17/LmjBAiB/Olcwe9YKdrf0j+ptcXCu0FwBulTY9MRl0E9/izHXXMDYmB32qeA+DhiRw3ywHBwbkqHyySTyvdJLK4ySSPcXOe49XEnck+JO5VldPO8ozbDMLjf6S3jVxJfPaOHbG6BskmWB1HIJrnK39KpIAi90TQR+eVhFrjUNwuEFZcq2snqaq4Td0+eeV0ksg3c8ue4lzicbknO67jmJyc9fFdLcrOy6UYonT91JHJzxvIy3OMEHG+CFbFYiNkYnM7vBB5+6fD6oJSwc7j9fwXoP3kXwSEO/JjG777ZQ4Y93X6LtqLRNspwH3MuqnjHql3KwfAbn4lcxlObRDzdshqq+VtPRwulkefVa0f8YHtVwLVZGW6IRFzXzOGZpR0z+a39H2+KqKKkpqZnJSUjKeM+EbMZ/b8VVnuwMOcQFKtMITOXH8G0BjBsPELn7RBxkb5C4L4W7NBPuUUY70+qMePTdd5cQOhAIeIxzMcHNPRzSPEHwPtV8+E3bb7R/B3uaWz68nvlngwBbL/AJroAwfda9xEsY/8MgHsVi3Ow7GdvxV+ez9wnpa+lfrfVdojqYpgG2mGojDo3AE805YdjuMMzt1d5Fdrp/kntcmcNhnZ37d9g4sWmJ3EXRNx0NVuADK2d3e2yqPTmjkOJIxn+UZy/plZS01VTVtPHV0dRHPBM0PjkjeHMe09CCNiPaFrIfSS55yDnGMk+C9dw34xa44UVjRYq7v7YX809rqSXU8mepaOsTj+cz4hynfo9vhO5Gr9thyLxvDDilpvirYBebFI6KaLDKyilI76lkI+y7HUH7rhsR5EED2SwzE1nEronIiIuAiIgIiICIiAiIgIiICIiAiIgIiICIiAsB/SwcUNR2Dh9pfh7YrqKW2anrqpl6Yw4kqY4I4nxwk/yRdJl48S1gO2Qc77hWMt9FNWP3ELC7HmfAfPC04+kn1Berp2hmWi5XMVFHbLDRvo4GnandUc8kxI/Oe8A5/NDB4K3Trn5ShafTFQO5nFxd1U1p8NlTgnoprCfA7q5FOz4BO5bI71m7jdTIWANL3Dqo8gHIzv5I4h7hoALJXDH3SVHEG5yxoafmoHuOM9FNi9iOo3EtGHOGVK2du47qOYZ3ULfYPog5DSAo2xEnqd0GR7SpjOYjfdIEVLbnV1XT0EIL5auaOBjR1LnuDR/as9KGhpqOKO3wNbDTUsbYIY4xgBjAGtA+AWJHAW0RXjipbDMwSR2qKa5PBGwMbcM/rHs+Sy4cSxgydwAtfT1xEyhd2YponxloAAaF7qbgVVUWrtN6Z1Pfaejg1RD3lHcKJv5RFzkerGc8mcksGRt67cZVvqGtLSxx+PtV8L5ef3c7O+mNVQyPdXaMvsdKZTsWsa/wBX4YMH9FT1ZtGMe9v+IViPbyeiZazgjc7JreOtqQI77WaY1TROx3cbo3NILMYJaYyZBzbhzNjglZwtcHNDmkEHcEeKxC42Wumnl4t2uHPJmx6tpm+HrN/J53D4O39yyT4U3d1+4baZusj+aSe1Uxkdnq8MDXfUFYOo+URf+fa+m2z1aIiyrBERAREQEREBERAREQEREBERAREQEREHmNe1boLZBTsz/DztDj4crRzb/HC0wdvCGsh7VGtDUyvkbI23SQ833IjQwcrR7AQfqtyPECcmpoafwax8hHvIH4FapPSUacdbuOdt1E2PlivunaYlwH2pKeSSJ3yaYvmFtrXGjEqZn5yxK3VTBHnCkxM5jk/BVrR3bOp3URySDt4BM7bqX8diuS4A48kB3XA8Cp8EZOAFTjBdkr2vDLTenNU6sobNqzWdJpW1Slzqm6VVO+ZsLWjOAxm5c7o3OBnGSAjqm0nw/wBZcQr3FprQ2mLlfbnM3mZS0MBlfyggFxxs1oyMucQB4ldHLSS0sr4J4jHJE90b2OGC1wOCD5EEELYVwa1t2c+E2nNHai0nqnS9LqfSmpJrVf54pnR1F/tE8rqZ9X6+7mhjqWrDOjDDKABjfGftjaU0ppvjzqCu0NfbRdrBqOT93aGa2VsVRDGZyTPDzRkgFswl2P3XNPiuROZwYxCxojOVPt9DcLtcaWyWaldVV9fK2Cnhb1e8+Z8ANySdgAT4KW5wawvcMAK/3Zs0E2jtsvEW6Qf43c2ugtrXD/JUoOHSD2yEEA/mN/SV2nTvthCbYjL33DTh5a+Gtk/IKdzKm41LRJcK3l3qJfzW+IjbkhrfaXHcr001bEeZ75AyKP7Tj0J8lQ6jvNLZ6J9VVTCNvKTk+wjp5n9q6q0tqbjTx111a6FrhzRwfyQPQEeLz9FuxFdoVxLvYK2ruMhZA3u4W7czvL/jw+ayD0qIqrsna6o2MGaO5smbvkkk0zsk/NWApw+VoZEwRQt6Y8f2lX+4ThtXwC4pWtoyYY46kj/ygf8A4iq9bxif1j90q8y73WMIrtTUsBBf++3hJPB5888LO+Yff6qun2XbmLnwTsDubmNP38B+EziPo4K3Mk8bK7s/agcwOjq6WSzTZ8WyU7Y8frFex7JcT7fw7uunpj/C2XUNfQuafDlLcLBq/wBPH89wtpyvYiIsi0REQEREBERAREQEREBERAREQEREBERBbzWsxlv7o/CGBjfnk/itfvpOrQJbJoK+iIZirLjQuf4gPhika33ZicVnpf6g1V/r5PzZTGPc0Bv4LD30idrFx4HR3BrOaSzX6iqQR4MkEkDv9a1en240Yj9GaN7talNgBT8g7FU0exzlT2krOmixj/8AFCRvud1MHtUJxnCOoRgeJyqyGYsALXEEqkAUbS4FIHbMrHY5efr1VNI4NccBu/wVM2R23MonSl++FJB2dgsNTrDUtr0pSOLXXSpbE94/zcXWR/wYHH4BZt0lLSW+jhoKCBsNNSxMhgib0jjY0Na0e4ALGvs0WMV+pb5qiVuGWuibSQu8pJnZd8e7jI/nLJGOYPiEjXZDt/Yt3TVxXu+0L84Wy4yV1Q2s0jFCSYp7yIJ2jclvdl4GPMujC9tZIn1EQnqXDA6MB293/HVeM4g007XwVjHuYaapbIw+zcHr5tcR8V7LTk2Lex5O3gM/aKnPlJHDu3y90wEgZPQeQV9ezO51xsPEnTUm7rhYO8a3xy1szPn67VYNu57+U5PUDzXbae1hqTSk9RVacvFVbZ6qIwTS08ga58ZIJaSQdsgdFDUr30msEWxK+ldciOzrw01cwkyaY1JFzu8WtbPJ+AYFd/gpTutvEDivagR3I1BFXxgEEf4xD3mR7Dt8lhC271j6MW91ZMaRri5sBmcYg4+IZnlz7cZV4ex1qx9m4n1WmHzYpr/RPaGZwO/g/hGH38hlCza+likzH6/vlOl/lEM3ERF5rQIiICIiAiIgIiICIiAiIgIiICIiAiIgtfetPXugq6mpfSSTRySPkEkILxgkncDcdVjT2rLLNq/hVqnS8bmmoqbdNLTscQCZoAJ2DB83QgfFZzLwvG2yUl54UawhlpIpJxYq90D3RguY8QPIIJ3ByPBa69VOO20Kp098xL5+wWvDXsPquHMPd4KYwZUqBwdTQOA2MbSPkP2qeweKOIlweqi+Kl5ycYR1Ma3O6mBnsSMbZUxuFKHEJYANgpcmzXY8sKocqKplcI3Bgy4ZAHiT4Iiyi7OdnFv4ZMq3x4lvFTPWOPiWA91H9Iyf5y95aKgupO7JOYyWfJU+ibZHYtPWiysGG0VHFTfzmsAd+tzFQUJ7mqqqfJ9WUn5r06R21iFNp3y6zXUQqKF8QGT3byMeYGVXaWldUW6B7Geq1gxkZAyqfUR5+UHccpyvGS2dkx7ltRO1mNmGUuaPcCeihbOcpVXHr77Z6IEV16oYD+a+dvN8gc/RdRNxB0pCSG3KSfH8jTvd9SAF5XTnDat1Vqa1aZtNTSMq7zVxUNM6bmZG2SRwa3nIBIGSMkArI20+je4pzyMF51ppSgiJ9d8P5RVPA9jeSMfrKi+t2TiycU7uFjX8U7HG7EFruUpz1PdsB/WJV7+yRYde8QeJNl1pp/SU9LpyzVpmqrvVTYgdhrg6GL1R3shDserkNzlxGwN8uG3o+eEGkaiK5a0rK7WdXEeYRVjRT0WfMwRnL/dI9w9iyboKChtdHDbrbRwUlLTMEcMEEYjjjYNg1rWgBoHkFl1eqzHbVZXTxvKeOi5RFjWiIiAiIgIiICIiAiIgIiICIiAiIgIiIC8/xBmZT6E1HPIAWR2mse4EZBAgeSvQLxXG2pNFwa15WtODT6ZukoPly0kpQfPlSH/FKf2xR/8AtCrGDI8lSUo5YIW+UbB9AqpowMLWqcuGPFSx1z1Ubzt7VLzugq4t27qPo7b3KCL7K5cdxlScROOyjsNKK3VVpoXtDmT19O1w9neNz9FJcV22hIxNxCsDT0NUHfJrj+ClXeYR9MxqN+YI5PM8y66pHcXmUbYlaHhTrRUd5bYDn/NjOPMKXeRy1VLVD7zeQr0lMuvvW7m+XKV0UbP4Xw6Fd3dXcxbgbYOV1EIAl2I6FQlKHreDZ/66NCZJH/SCgP8A6hi2vrVBwi5f8M+hwP8At63f3hi2vBeZ1nlC/S4coiLItEREBERAREQEREBERAREQEREBERAREQEREBW37Sc/wCTdnnidPkepo+8Hf8A0OVXIVpu1pUfk3Zj4py5G2kboN/bTvH4pA0MwtIDBjo0BTwcADKlgYcRnoo8ke1a1Tlx+ql5ycY6qIk4UDftDZBWxbjC5ePJQQnbzUT3eKkIXdNz4L0fC6Hv+I9jAGeV8zj8IZCvNOdtk9Mr2fBWET8SrZnfu4ap/wDUuH4qdN7whPtkhYp+WKSnJ3jd9Cq+5jvaAOG5jcD8F0sTzS3RzDsJBhd3BI2emlhPXBC9BTDpayTvA0jpy7rrmtxIQPzThV8gx6o6dFTsaO/wR4ZUXYel4RbcZ9EjYEX63f3hi2vhaoOEpxxn0afK/W0f17P962vheb1nlDRpe3KIixrRERAREQEREBERAREQEREBERAREQEREBERAVnO2JzHstcVA0ZP71Lj/qirxq0na35P+TFxTEmOX96Vz/u7l2Bofx6x9658MLkAg4XBK1KnBOApTTl6mOxjZSmn1kFbCo39eqgh8FHJ0UocSnNPKRvurgcAYO+4kQP691b6p/uyGt/2l4HbphXJ7PDQNfVL/GO2zAfGWJWaXnCNuJXvv0ZgqWzsGMEFVVvqgKhoJw2Vv1Ud/h7yFzgPDK6SmnLImOzvEQfgt0ypjd2lUzkke3GwcSqZrR3/AIbNyqusIkiEzerm5+KkQubkykbNjyVyUod1wlJZxl0efFt/t394jW2ALU7wleW8W9JT4GRf7e7f/SWLbEF5vWcwv0uJcoiLGtEREBERAREQEREBERAREQEREBERAREQEREBWT7akxg7KXFF4JBOm6pm36QDfxV7FZftnUzqvsr8UYWtJI01WSbfotDvwXY5Gi+THeO28VBn6KKUjnc7zcVLHValTl3TdSQcPwpkh2UkZDkFfCdlG87KTCR18FHIuw4g5vPZXP7PDOfWVyl3JjtuPnNH+xWvIJV2OzhHzamvb99qGID4y/7ldo+cI28V/axglicM+C8pyuhqnQnGDkbr1YJLuQ9MYwvPXmnMU4mAPtW2VMKmil76lMTjksJA+SkskDIpGkncNb9VKoJuWoLQcCRuQoqhvrHG2VFJ3HD+oNFr3TlaQSIbxQyfKojK22Dp8StQtlkdBebfO04MdXA9pz4iRp/BbegvP63mF+l7coiLEtEREBERAREQEREBERAREQEREBERAREQEREBWe7YNXFRdl3ilPL9n961wj+Loi0fUhXhWOPpDL3HZeyJr3L+V9who7dHv1M1ZC0j+jzLscktKT8gu+KltILspI7qT4qFnValSN+wUjo5TXnGVI+97UFbCcgbhTXHZSITsFNcdtl2HEB67K7vZtA/d6/Pxkikph85HfsVoScdFeHs2gm46hd5Q0o/Wk/YrdLzhG3C+VUe6fzDOCVS3OFtTT83mqysHeQZ8lRQPEkTondei3SpedieYahgJ+w/lPuK7KQZJ8faqa4Uw7wSN+IU2KcPHK/rjxUUuUyBxinjkGDyua4fAgrcCx3OwO8wCtP/ACnlJByQDgHxK290TnOo4HPbyuMbSR5HAWHrf7f9r9LhPREWBaIiICIiAiIgIiICIiAiIgIiICIiAiIgIiICw39KtWy0vZipoI3lrazVVuhkA+81rJ5MH4safgsyFhv6VenZN2YaeV3Wn1VbZG+8tmZ/Y4rteYJahHnK4ZkHK4efFRA/NalQd1ATjHvUYOd1C4IJ8JJCnHphU8J8Mqfn1coIXK8vZoGZ9RuIz/FG/SVWaI2xsr1dmZh5NRv3x39K35MkP4q7R84Qt4r15DuaN2Pcus9aGc52ycLsZfVkB9qoKwNMjiD7QtsqkidgcT7VRmAg+qeiq37Bpz1ClHH4LjsETTglx38lt/pf4vFj8xv9i1F2qlmrbhBSUzeaWaVkUbfNznBrfqQtu7dmgZ6bLB1s71hfpe0SIiwrRERAREQEREBERAREQEREBERAREQEREBERAWHHpVn8vZfibnd+qLaB8BMfwWY6w39KvAZuzDTvGcwaptz/mydv+0u15glqAeQFGwer0Ut+523U6P7BytSpwAoSpjN2HHVQ9c4QRRHfAVR91U8QIKqN8b9EEOSr5dmiLFqv8/Xnr4mD+bF/wDZWNIOd1kF2cqcxaNqqgj+MXGd39FrG/gVdoRm6F+F05QACc/NddUHJ5vLzVfUuJa7HVoK6ySTnAc3xW1Ukyber7VJ5+UgdfFRSEtKgc0P8dxuuJQni4TWiE3amDjNS1FG9gHXP5XCP7CVuAb0+JWnG63b9x6S1VT3NDanUFqo3ZH3Pylkj/1YiPiVuOb0+JXndZ5wv0o2coiLGsEREBERAREQEREBERAREQEREBERAREQEREBY39vfg5xG45cDI9FcMbbS190ZfKOvmp56tlP3kETZMhjn+rzczmbEjIzv4LJBEjYaB9c9mPj7w6EkusuEWqbfTxk89S2gdUU4x/3sPOzHvKtuyPu3mEFrnN2Lc7g+0L6P8Dyx7l4rWHBPhBxAbKNa8MdL3p832pay1QyS/CQt5h8CrY1ftHtfPyIuRpBafcpbG4by9Fuf1R6Nzspajc6Sj0bcrA93U2i7zxt+DJC9g+AVs776JPhLVOcdPcUNYW4Ho2pipKoD+rYT81L8kI9stVceTMAAqvk8Mj5rYjdvRB10T+fT/HWnkGMBtdp4tPzjn/BebqvRHcVAT+ScWNISDw7ygqo/wCwuXe+p2ywPc3YnP1WSvAukNNw4tcpH8ZNRP08534+gXv7n6JrtBU7TJb9aaCrT4M/K6uE/WAhXI0v2KOPmltJWmxTWK2VVRQ0rIZjRXmPu3PGclveBnn7FfoalItvKF6zjha2rkIeSDkcu4C67OAGlw6ZxnplXln7KHH7IjGhag+ZF0oyP9Yo6bsdcfKggP0rS04d1NTeYAB8GFxWr82n/lCrtt9LJuydnA+9SwwsdygEglZHUXYK4tVbeeuvelqXm6tdWVEpH9GID6rtI/R+63IHfa3043YbClqHY+eFGeo0o9pxS30w915caW2UemZ6ulFSyDVVvqjE52GvZES97XHwBaOX4rdLE9skbZGHLXjmB9h3WCl19HFqTUH7n0tw4jWWmp6W4U9ZI+G1yyvcyNxLmgOe0ZIOMk/NZ2gYGFg6i9dS2ayupExG7lERZ0xERAREQEREBERAREQEREBERAREQEREBERAREQEREBERAREQEREHGB5LlEQEREBERAREQEREBERAREQEREBERAREQEREBERAREQEREBERAREQEREBERAREQEREBERAREQEREBERAREQEREBERAREQEREBERAREQEREBERAREQEREBERAREQEREBERAREQEREBERAREQEREBERAREQEREBERAREQEREBERAREQEREBERAREQEREBERAREQEREBERAREQEREBERAREQEREBERB//Z',7),(201696,'data:image/jpeg;base64,/9j/4AAQSkZJRgABAQAAAQABAAD/2wBDAAMCAgICAgMCAgIDAwMDBAYEBAQEBAgGBgUGCQgKCgkICQkKDA8MCgsOCwkJDRENDg8QEBEQCgwSExIQEw8QEBD/2wBDAQMDAwQDBAgEBAgQCwkLEBAQEBAQEBAQEBAQEBAQEBAQEBAQEBAQEBAQEBAQEBAQEBAQEBAQEBAQEBAQEBAQEBD/wAARCAEsASwDASIAAhEBAxEB/8QAHQABAAAHAQEAAAAAAAAAAAAAAAMEBQYHCAkCAf/EAEYQAAEDAwIDBQILBgQEBwAAAAEAAgMEBREGIQcSMQgTQVFxImEUFSMyQmKBkaGxwQkzUnKCoheSstEmU2PCJENzg6Ph8P/EABoBAQADAQEBAAAAAAAAAAAAAAABBAUCAwb/xAAwEQEAAgICAQMBBgQHAAAAAAAAAQIDEQQhMRJBUTIFEyJhcYEUM7HwBiRSgqHR8f/aAAwDAQACEQMRAD8A6poiICIiAiIgIiICIiAiIgIiICIiAiIgIiICIiAiIgIiICIiAiIgIiICIiAiIgIiICIiAiIgIiICIiAiIgIiICIiAiIgIrL4ocYuHfB2yfHuvtR09ujfkU8Hz6mqcB82KJvtPPoMDO5C0J40ftLuI9xq30HBuwUFgoQXBlbc2Nqat4HRxZvFHn+H2/VeuPBfL3WOnFslaeXSnmb/ABD705m/xD71xji7bvafLnVt54wXQsnI5RTU9NExh92I+inrb22O0zPeaSK1cV7vUNLjzxywUzw8e/MWwHXPuVj+Bv8AMf8ALy/iK/Dsei1j7HnajruMzLlojW9VSyaotDPhUdRFGIhXUuQ1ziweyHscQHcuAQ5pwMFbOKrkx2xW9NvL2paLx6oERFw6EREBERAREQEREBERAREQEREBERAREQEREBERAREQEREBERAWEe0Hxt1ZoTTd5i4aaepbnerdTOllmrZcQwNDC5xZG3LppGgfMJY3JHtE+ys3LFPGSwWWliptQx/BKesqagUkrHFrTWczTgYJ9t4DT0yeXPgNvXDFZvEWeeWbRXdXGbifxruuqdT12ptaasnvFymj55paiTnkcOrWMA2Y3GzWNAaNsBbV6a7BnD7iNoPTepbjrTV1rr7hbYKurp4nwSQGSRgcfZLA9uM4xz+C1N7VvC2PgpxfudLaqHkiv5ddLVVubltNRvJb3UWdu8Y8OaXfRaGY65XTXsyXuTUfZ90BeZA58tRYKVr3H+JjOQnPjktWhXJ67TT4Ur19NYtHu1z1z2EtO6Z0XeLtR8QrtVm0W6Wpioza4WCTu283KXB5I2B6Ba22ajs2noZJqJhhheeQ1E8mZJfdn6Iz4ALrBcrPBd6Oe21bcw1kT6eT+R7S0/gVzBuuh5LVfKy03OEQzWqrlo3B/wA2N8bywloP0jy5zud1dwxvfy8ZnflWODPFS9cLOIdo1vYKMVVVa5Hc9O9vIyWF7S2SJxG45mk+ZBAJG2F1m4Pca9D8adNQX7StyjFT3YNbbZZWGqon9C2RgJ2z0cPZcOnkuPck1LRtjorazljkBe+UjDnD9AfvKqWk9b6r4f36m1Roy91NquVI7minhdg48WuHRzD0LHAgjqF58riRmjceXrhzTj69nbFFqr2c+3PpPiXJS6P4lik0zqmTEcMxfy0Fwf4CNzj8lIf+W84P0XHoNqViXx2xz6bQ0K2i8bh9REXDoREQEREBERAREQEREBERAREQEREBERAREQEREBEUOoqKekp5KqqmjhhhYZJJJHBrWNAyXEnYADckoIitXX3FHQHDC2/GuutVUFohIJjbPJ8rL7o4xl7z/KCtdOIHai1dxG1DUaD7PckFNR0wxcNU1MPeNjaTjNOw7YODyucCXHJaABzqiWThZp6hrjqC8/CNQ36X2p7veZDVVMj/ABI58tjGejWjbzVunFnzfr+qvk5EV6r2rurO13xE1fDJT8B+FtZJTO9ll7vjBDG7P0o4S4A+rnH3tWHqPR3HzVPFCwa84paup68WutEwidVl7YYi13PHDFG0Rs5uhIxsN8rOYgdgADZuw9y9soQXiQ9RnZW6Upj+mFO+W1/MteO3nwvo9bcBKnV8cLfjXQkwuUMoG7qR5aypjJ8uUtk9YgssdkO21dl7M3Dqhr4zHMLJHM5rtuUSOc9v9rgvfFfRVfr/AEJdNDU13ntzLsxkT3xQiXvmc45oHAkAMeDhxJ+bzdeiyNQ0sdBQUttiIFNRQsgjAAGWsAAJxjc4z0A32C5imr+om+6elUnSteC4bRjx8XHyCwRxi7Ntm4mXuo1Nbb06zXKoby1DTTiWCocBjncAQ5riMAkE564zkrNTpy45Owbs0KBtgDOfFe1bTWdw82hms+zhxU0pN8NlsQu1NktEtpLqjlA6FzA0Pbn0I2WM62nqaCofRXGlmpp4yWujmjLHtPkQ4Aj7V1BjZ7Y8PRWbxF4O6S4n0Lo7/b4xVcpZFXsbioh8iHeI+q7IK968ifFkzGmkVki0Lf6ZtDG+KxXJzGxuirnOmoaxw6HvD8pA/O4cDgHzGy2b4GdqfXHC6th0LxIFxv1qhaA2KoDX3WhhHSSnkbhtfTgfRGJWjoDjlWqnELh5dOHOra/Sdyka+SkcHRyNHsTwuGWSNB6Ajw8CCPBRtP6zEFLDp3V1PJcrLG8OiLXEVVA7wkp5OrSP4enljovnuf8AZfKwTPI4lpvHvWe5/wBsz3P6TO/i0RHpnc4nOwZqxh5NYrPtMdR+8R4/WI18x7uwuk9X6Z11YqbUukb3SXW2VbeaGppZOdjvMHxa4HYtOCDsQCqwuY2gOJ2ueCl7h1DpzUNJWWq+Oa5ldMCLfdj0EVc1v7iowOUVDQDkYeHAEDfTg7xs03xgtE01BBLa71byI7pZqt7TUUchGxyNpIndWSt9lw8jkCnxebj5Ndx1P9xPxPU9TGomJ6mInp68jiX48/Mf3/X29p9pmGRURFcVRERAREQEREBERAREQEREBERAREQEREBERAWiPbH49XXWep28FNA1pltkcscFwfSSB3xhVvI5YOYdY2EgOGcF2c/MW7mpYJqrT1zpqer+CyS0c7GT83L3TjG4B2fDB3+xcyeyzo1101BLqaujD4NPRiGF3UOq3gtBH8rA53q5pV3hUrMzkt7K3IvMRFY92wnDvQ1v0DpqnsVG5slR+9rZx1nnIHM70HzWjwaB5lV28Xuz6etk14v1zpbfRU4BlqKmURsbk4AyepJ2AG5PQLzXXS12eOCa63CCkiqKmGjidK8DnmleGRxtHVznE4AH5AlaUcWuK114yaf0/V3CkpqKnj19JbqCljdkiFkEABc4/PeXSkk4AHMABjrYtb3VIp6pb0t6eRUdmMYXgx807w3oHuH4qJUB0NLJIz5wb7PqV1DzQ6Rgqawzn93AC1nvd0z+f3hT7pPDdS1HGyGlY1u2QD08/wD6wvZPXdS6W7eNQXOa7y2WzTU1IylbF8KrZoTMWSSYd3cbMhpc2ItkcXEgBzRynciQpqrWtFCaM3ugrGvJe2ouFI4VMLiAXRuERZFI1ri9rXYYQIyC1xALrZqdMw6mr7pcKq511HUwXe6UzH07ow6EmfkMjC9jjHL3MTGiRhDgwDCpto0jf9L3Kkt9s1bWXWSqioYae2SxuYGU9GxnIS9shEUTnNaaiXlLpA4sZ7Tt+Jmdu4iGUdG3+uu9PVUl3gjjuVpqBSVb4WkQTOLGvZLHkktDmPaTGSXRu5mHOA510MlI2G46KjadskNitcVuie6pkDnTT1Dmhrp53nL5C0bDJ6NGzWhrRs0KsNY/6TQF285mGp/bWsrae/6Z1FEA01lHPQyODckuieHt/tlP3LWZ7DnBBB953W5vbNton4eWa4AkOpLyGcw6hssDx+bAtOBEwZ5APefErQwTvHDnelxaF1odNTTWm80vxlp25fJ3CgeOYEHbvGDwePxx5gEZVsE2otDamtjtIamlhrH0z59HX1uJBURY5jb6kHaRp+iDuM7YzhYELmA/OBJ3G6yhw/rqrUGgL5puF5Nw07JHqCznOXMdG7MjW+49cfXK+S/xF9m1wzHPwfh3MRf43MxFb/rWZiLf6qbifEa+i+yOZOT/ACuTvqfT+3c1/SY8fFta8y6bcF+KVDxa0PRalgYyCs7tjK6madop+QF3LnfkOds79QdwVfi0h7L3EOi09xaobGypDLfryidV0secMa9wMzG+rZRUMHulHkt3eu4XPFyTmw1y2jW/+9f+/m45GOMOW2Os70+oiL3eIiIgIiICIiAiIgIiICIiAiIgIiICIiDGHaavs2nOAeurpTVJgnFlqIIXg4PeSju2ge8l+FqJ2TaijruGFRV0jml1Rdp5JMeBMUWB9wWZ+33qw2vh5ZNJxOAderiZ5hn50NOzmII8i98f3LWPsVwXK102raN1WwWmWuZJQ0krh37Hsy2V7QOsRD4wD1yCOm60uPTWCbfMqXInd9Nh75o3TGpa603PUFlgrqqxVBq7a+Uu/wDDTHHyjQCAXeyMEg4xt1Ki2bROk7RBHR2fSdnooIpXTRxwUETQyQ4y8ezs48rcu6nA8gq3FAJCD4Kq0tK1uCQvSNT2rzMvNPSljMkble3RtB6HPmFOOYAMBQXgLpzEpR+3QYXxkReogjL5PQqchpz9EBEzK0K3Q1XNeau52q/Ot8Fy5X1sAomTEztYI++ic84jc5jWB2WuBMcbgA4HNesmm7bZWSiiie6aoIfUVM7zJPUOGcF7zucZOGjDW5PKAqyIQF9AA3ISIhzMyhiJwGwA96+PcGZxuV9lmDQQFJTTZPXKDDHa8ka7g/OCRzRXKjmaPEjnLP8AvWjdzrn00TIomB8szuSNmcd4/wAc/VA3P3eK3i7Q9gueuLOdJWZvPWzU7q6GLmx3vwZzHmJuTjmdz7Z2y0eeRo66xXik1HcHX2ifRz0jvgsEDyD3cQAdzZGx5sh2R1yFcwT+H0+5+r5TQCnY588pkcBzyyO2Lj5e4eQHRXhwr1XBpLWlvvNxc4UTg+CsABce5kaQ7bxwcHHuVmXScGpgtMJ+eO+m9zB0B9T+AUVriHZx096jl8XHzcF+Nl+m0TE/vD14+e/Gy1zY/NZiY/Zc1LeKk3mnuFtr663SUE3PbJ4Zi2eia2Qvj5HDoWk59crqb2Y+J934r8JbfqDUbYzeqOaW2XGSJvKyeeEj5Zo8O8Y5j8dAXEDZcl6abEgcF0B/Z7a7p67TeodAyMqDVUVS26seQO6MUjWxloPXmDo87+B26KrzsNa4Y9MeHrgyTOT8Xu2+REWMvCIiAiIgIiICIiAiIgIiICIiAiIgIi+HYINBv2gF++EcSrRZmSEstlkEhbnYPmmeT+EbFafZVfKbHdXuhjbGy7Pja8NAI54Iy4Z69WtO3uVL7Zl7ZdeO+qOR+WUfwaiG/Tu4GZ/uc5VPs+RGPhmKmIcr5rvVyZ8SWtjaPyW7SuuPWGXlneSZbIUEoe1rT1A3VcgcC0K27DPHWRtqIzlskfOq/Tnbr0XjEdac2Tbnc3goLt/Be+YncHGV4J9/RS5eYwASVOxEYAz0Uq1udlMtGACT1QRHOGN1LzS7bFfZtnY8FLydCPJBAqKjAIBUq6QmFz/LdeZHc8b8E5apcg1FOyDOz3Hn9zBufw2+1TAtPWT5YWu1BTUz56u0tkq4YmDL5YjE5ssbR4uLDzAeLmNHisBdo20WW7WSz8X7G6F1BLAKGofGMNdDGHCnnHmHBrmZ8QGLY3UDZZIJ3QO5KhvykTm/RcPD0WvOqIKHXfCjWnD5k4jkskLrrHQwSNjqMQ5fHDEzGDAPlHOcTnJDRjYn0pb0WiUa21btD5KrvrrUNxNcHd4AerIRs0Ko/Z7l8hg7iMA8pc4AuI6dNgPcBgBHbZ/BXojUJe2vII3xus79kbiceHXGKz1lRK5tvuzviiuAOB3czmhjj/LIGO9AVgIHB8VULZVPhna5khY4EEOB3afAhcZKxkrNJ901n0zuHb8L6rH4J63HEbhXprWD5A+evoI/hWDnFQz2JQf62u+9XwvmLVmszEtaJ3G4ERFCRERAREQEREBERAREQEREBERAVPv96o9OWO46guIkNJbKSasn7tnM/u42F7uVo6nDTgKoK3+IL6aLQmopKyuqKKnZaawy1NOcSws7l+XsOD7QG42O/gpjudDklxM1r/iFqe7a6EJgbqCrkubIebm7tkvtsYXeOGkDPuWauz88f4VUn1bjXZx4e01asSOmoIQKeZtVQkeyGAc0XmGgbEfV2I8Ntlsj2cLlHU8NZGRyBzYbxVMJH1o4nYX0WSIikVZEzudtheG0xltlUC79xUSMHuBwcfirxpCT1Vi8LnuNBd3OI5G1bQ3Axj5MZ/RXrRH3qofknifIr4Tvkr74YXxEPcYydlHk9mLI8FBjH4qZ5Q6PHmEECd3tsP8AEMKBKeV4B2z+a+1OfgzXjqwqHU4khbK05OxUimynuqp7TsHBSQqXRsdBGMOe45J8Gg/qf9Km7i7DmTjr0VInYTK5zHHyB9ymBArC7vcE523WvGvIaLh3xZs+vpIcUYmNPcWgbPopgY5gf6XZ/pCz9NDUlxLn7ArFHG6wi7Wlzizm9nG6SmPLVzV1hfpfVF205I4P+LK2Wla4fSY1x5HD3FnKftVEd47EK7Ncw1NVR2LUlQCZa2iFFUuPUy0p7tjj73QdwfUOVpbE5wtCtvXWJRLyc9FEieWkOC8BpeeVjeYlfJJYIH9y95lmG/dRDJHr5fbhRI6C/s/OLtndYKnhLdayOG5Pq5a+1sdnNRGWAzMB6czS3mx4hxIzgrc1cx/2f8tsl4+UguNO19R8VVzqEB5xDKGt5nbbOJjMg32GfNdOFhc6sVzTr37aPHtM07ERFTe4iIgIiICIiAiIgIiICIiAiIgLDPa615PoDgTqGupKaqlqLoxtnifTluYTUZYZHZOS0N5shoLtxt1IzMtXO3NZ5dVaCqrTDbq6pns9IbxSRxScjZJ2HG3niPvcg+e269cFYtkrEvPLb00mXN24x000jqy3TMY8/OPLzNPuI2KqPCzV2obLri02qgurqSludwhhqoYpwYZuY8mXRu6O3ADuvTdWncHzVAdNRSPe9vVkh+Ub95B+0OwrXku1wpa+GZ9PF31PKyVhlg7zdrg4YIw9u48A9b2WetM2sOovCf4QNK1UtW0tlfXTB2W8p9lrWq+aI/NPuWO+CN/odT8KrNqW2tLKa6CapYw5y3Mrmlu/kWkfYsiUuMN9FURCoZ8fBQiTz7dAvYOd1D3MgCEJph9nBUeMgAZUuz5vqo7D7GUiUJeZnMyeL+oKTpJO8gdC455ein5cCZp8JG4VHDzT1TwDjf8ABTAlriCIgP4XZVMc/LQfEbKsV7e9ZO5gGBy8v6/n+CoBecEA9UhMdvMkmQWkq2dYUDbjapYgASWkD1Ven26FUu9kR217vF2w+7ddIYDdwiumvdF8SbpZmvkj0VS0dwpoWt5jLyF7ZQPf3Amdt1Iatdw9uNnZHu8V077G1qiZS65mkha+OqraaFzXDIcGxPJBHiPbWjPai4NP4M8Yrvpm1sAslU0XW2Oc7lbDSSudiNxPTkc17PRrfNRxc+72xz+z3yY9Ui8MTvfNL8mJjTw+Ij+e/wBT4fYvmaOjjbE9raeJxy2Ng5nyHz23J/8AxUu6sYWZop42R+NdUDDP/bZ1f6nb1Xuilog4upXz1D5Pn1Do3e16uIAx6bBXupeLaLsAxd7xzF6ZA8U9HbJYHOc0tDTO5jGgZ94P3LpwueXY3sdVZdMXTVDopIZ7nWRMpHEHPdQA+2CeoL3nB8eU4XQS2VUdbb6eqjqo6lskbXd6wYa843IHhvnZYvP7ybXeLP4ZhNIiKitCIiAiIgIiICIiAiIgIiICIiAsIcVXsueq62hlIMbKWOkIJ2w5hJH96zcsAajndX6qulQ0McHVz2Dm8Q0ho/0qzxY/HtW5U6ppyovNDGx7oyeV8D3Rh7DuC046j0Vuyl3e93VxiWMn52Mkeo8fs393irsv8RZX1ze4EQbVTARh/M0DndsHdQrUlk5JubJLfM9QfIj9VtZFOro52f6ZlHwM0TBGPZNqZIN8553vd/3LKdNg8vuCx7wghFNwo0TTYxy2Oi29Ygf1WQYOux9FU90JwnYheHHEjd/E/kvufZXg/vWnzKI9k4zHKDkKIw7Fp8VBYcD81EYcORDzKcwh2f3blRry+OklFXM7kh5C97vJoGSfuCrDDl00XmMhWZxbrXWzhpqK7gPLqG11MvsAl2BG4bAbk7roe9G6gi1Vpu3XsNDRcKVlQGg5A5s5H2HIUtUAwzPjP0XEBWlwBuQquEGjbg2YSiWgcC8O5gcTSDrk56eavO9R8s3fN6PGc+9PzT4nSmzPyepVLvzTLTxU7R1aT95U7I8+XQqQuUuZY2gZAAyftx+qT4Trtm3st2htu0VdKrlway7SHp1DI42/mCpTtQ9mLSPaA0rUVE1vazV1ropG2Ou717WiQHnbDK0ODZI3OGPaB5eYuGCr04HUbaThtbHgYNS+eoP9UrsfgAr8WVa81yTarSpWJpES4MXWSegIY6lzN3hi+VcGBjgcHmcfIg7NBJ8MdVsN2R+GQvuo6jW2qKT4ZaLXE6KnbUxd3BNVuAwWtePb7tuSSS4gub0KnO2Dwc0pwe41VQ0xE5tJfqT46ZEHNJo3SSSCSJhxlsfMwuaB0DsdAFstwl0/DpHhdp20cjWzst8c08kjuZ5kmzK7YAkYLyMZ8FtTk9WOLx7s28TWZquRslKSI6am5g3AAaDyD1ccZ9As+aBeH6QthDnO5Yi3Ljvs4jHptt7lgmJ7C3lZDUy/WLOUfis1cMXyP0jT8+ABLKGgHJA5z1+3KzuV9MLHF+qV2IiKivCIiAiIgIiICIiAiIgIiICIiDxLI2GJ8rzhrGlx9ButYLzfoLRYbpqatdyspoKmvkJ8mtc9bEazrfi/Sl2q/FlJKG/zFuB+JC077RF1jsnBS9wkgPuLILYwZwSZJG839jXq7w67mVPlT4hoTcakStMkgIe/LnDlPU7n8VaddIBI8jJPKRjxJ8ArrufLlwa1o9AvnDjRVy1/r+1adtVOZZqqqhp4hjZ00j+WMH3A5efIMK1M0+nuVenboxw6gdTaF0rSPbh0NloWOA8CIGAq9IOg2VHp7RDp6YaegmdLHamChjkPV7YvYDj68uftVYhwW5z6YVSs77cz50mQcgZ815xl+fIr74BGbu3C6Edh3BA8FEG4z5KGDtnK9Nz080cvJd3dXG7OzvZVu8Ro6Z2htRQVrA6nfbqhkjc4yCwjH4hV2sJDGyD6BVgdom6T2zhFfKmlldFLUtp6drmnBHeTMBx9mV1uI7lMRudLe4KOb/hja6RjAz4K+pg5GjAaWzOOw+1X3WNNTQ+bo91iXs13h920BcBJUd9Jb73PA87bc8UT8HHqVlmCTYsPQpM+qZmCY10t2cnKpdfLyxuePMfcMn/ZVi4xGGaRnQA8zfRUCVpqHiFm5llEY+8N/Nc71CW4PDug+LNC2CiIw6O3Qc38xYHH8SVcSg0dO2lpYaVnzYY2xj0Ax+ijLHnuWrHUOaXbeqJr12oGWZoa8Q0VpoQ1wyCJHFxH296tnXB3KYhKeVhLWhoDQADgAY6DC1r7UMT2dtelcRtLWWFzfZzkcsY8durStkw8gnm5s535gAfwW3H8qkfkzMv1y8GNoO5c8/WeSAsycLHc2kox5TzD+5YdkeeUgvIbjoNll3hI7m0oem1VKNv6VT5X0PTi/WvVERUGgIiICIiAiIgIiICIiAiIgIiILJ4u1vwfSRpQ4A1tTFDjzaDzn8GLRTtk6jbFbtMaUjkAMr5rpM3PgB3UeftdJ9y3L4y1oqLja7Owk9219Q9o83ENb+TvvXN3tKaodqbi7e3Qyh1NanNtUGDtiEYfj1kMi1/s+nW2fybbvph2488zxFDG6SR5DWtb4k7AfadsLdv9n5wQ5NVVWv7rTiSLTbDTxPLfZluczPlC3zEUR5R75AtYOFmk6m+Xh95bSuqTRyR09DAwfvq2U8sbR5kZz6uautHCLh9RcKuHVq0lEWulpITNXTNH76qf7cz/AH5cSB7gAuefl1+CHXHp6p2w9cHd5f69/wDHWTn+8qaiPs9VSKSqbXT/AAxpy2fM4zscPPMPwKq8ZIb0K6jqFafKO12RjK9tHtdVCaTsozRspTCJnIwV7YeZnTooYGW9V9hduWlHL7M3njczwIWB+2LdKuj4En4FO2Gae8UVKXvOA3Jeep6HYbrPhGOgWEu1NRMqOElxiewu+D3GjqWfOOMvLCfZIP00nt1X6oY57EzTFpnWFjmqWTTispK0ljsgc8T2H8Yxk5IKz8HFknN0ytZ+x7WPtuvbzanMeyO5WrnDC2THPDK07cxI+a93vWztdF3Uzh0GeYehSPCb+UjeIg+IVDRks2PoVTtCW/4117ZLZMwd2+vic4Hxa085/wBKrL+WWN0b/mvHKqDaKqez6ot9widyyUVSybOOnK7J/DP3qLd1nRXqY23MC+r40ggEHIO4X1ZDVc++1/axSdrzR1YW5Fwgs0m/Q8lXIw/6Qs3NcMHAb1+iNlYHbSs0h7QPCC7RtJNXK2lyP+lWRv8AylKyEYp2tLpZJAzxc8ho+/ZbGOd4afozM0aySlaiQg4Jwsy8IB/wkT51cp/BqwrUObn2SSPPG347rN/CVnJo2B38c8zv7sfoqvJ+l6cb6l5oiKiviIiAiIgIiICIiAiIgIiICIqPq67/ABFpyvubX8skUREXn3jvZbj7SFMRudQiZ1G5YE4v67pbFFqbX04EkVpgkdTN8HCIcjP88uAP5iuaN4rnVFZU19QRNU1U0ksjmNwZJHEucQPUn0W8faUD6Pgneqh79xV0AkGfoiqjBH34+5ag8KNMP1nxDtlBLH3kbHmuqvIQRe1y/a7lb7+Yrf48RjpLJtb1Tttb2POF4i1lYaWupGyDTlE+81xI9n4dLhsY9Wlxx/6QW89e9sVDUSPGWsieSPcGlY94F8PzorS8tbWxgXG9yNq6g+LWY+TYfeAST73FXrqqb4Ppm6z5x3dFOR/kKxs1/vMm2jir6MfbXC2gbuaMDAAHkAFVm9N1TbazETQR0wp9rtjlaLOlFad91NRO26+uylIzuAo3OYZuVx2d0Q2mhvnChSfJyNe3oVF3G49F5lbzx48UQjFwIysXdoqx1N94R6opKNjTUNofhEXMxrhzRPbJuCCOjT4LJcD+aPfq3YqTvNuju9rqrZL+7q4ZKd3o9pafzRMTqduffZ5rr/pvjZpSrrqQR0VVUyW+WSKNgaBUROjBJYBkcxZ1W99yYXMbKerfZOy0FmfX6fu7omydzUW6pPdvAwBJE/bP9TVvhYb5R6v05QahoXgwXSlZUt+qXD2m+odzD7FFfD0yedpd3zcY3Col4Y+GX4XCwEyNLTnwOFXHggnPVSNfEJYXMBwTu0+RUuW1um6xtx09bK9pyKmjhl/zMBVSVj8Fq+Su4cWrvjl9OJaY7+DJHAfhhXwsm0amYadZ3WJa29rG2iTXfBm8lrR8H1JU0nMfB0lKXt/uhBXh0DGkPkmM8o+k48xHp4BVfta0wlZwwne2RzY9dUrCIxl2XUtSBj7Qqawy9wx7u6qI3D2Xt9knHn5HzBWhx53jhQ5P8xTav5+Om6zvwuby6KoDjqZT/wDI5YLndFI9zadnNMNyyY4wPMY+cs38KZ5ZdF0rJmBropZo8Dy5yf1Xnyvpd8b6l4IiKivCIiAiIgIiICIiAiIgIiICtfiBp25aktMNNbZmB0FQ2d0Ttu9ABwM+Byc77K6EU1n0zuEWrFo1LTftOaS1BX8Gb/Z4rNWy14fS1TKdkLnPlEdTG9wAG7vZyduuFgrsm6Pr59WXWR1sqI5ZXUtqw+JzXh0kvPKMEAghjBnyBXTmenp6qMw1MEcrD1a9ocD9hVFj0NpSG6wXuGzRR1lM4uikY5zeUkEE8oODsT4K9Xm6pNdeVSeL31PSutAaA0AADYAK3+IMvc6LvD84zSub9+B+quFWnxSlEeiq6M/+c6KP75G/oFSpG7QtX6rLCMDSyNoPjuo4+bjxyoTevTovbpAwB52APXyWsyUaP94AT4qcqYu9gBHVu4KkXHD2vac+XvVRhmbygPGx2KDzSS97HyuG42OVFZs/kdupbl7mfmZu33KacO8aHt3IQQQ0xTuGcNfv9q9YyCF6kaHtDh1buNl5HXOFJDR/j9YZdOcUrzC6Nraa4SNr4SGbYlGXD/OHLIXZY1yWw1/D2tn5u55rhbsn6BIE0Y9HEPH8zlXO1bpmKth09qLkOGTyW2d7TuGyNL4z/mY778LXTSt1u2jdT0eraCF83xNV/LhnV0XSRpHgHMLhnpn0XOp8vfq0abxTtHek42KkappLf9lNUldR3Wgp7pb52z0tXCyeCVpyJI3tDmuB94IUGpblpUzOnnHbM3ACsbNpKroejqWvkyPc9rXfmSsnrC3Z6qgyqv1vI3cIJx9nO0/os0rMzRq8tHDO6QxtxxtFNdbNY55nt7y1XhlwhYRkue2CaMY9O9z9ixwcMmlbHjnf7To84EoA6jyeBj12z5q+uOUN3gNmultY2SISS0szHv5QC4AtIJ2z7LvXYLHTZjNy09a0vOfYeB3buYeH1Xj3bEdFc438tS5HeRBqqeKrPNBWMZLGctycPYfIt/RZv4TEHRVLlrmyiWYTc3/M5znHu6YWArgaJ07Y7jG1r3n5Orj9ku/mx0Pn4LN/BMXBukJYq93P3ddK2GT+OPDcH78j7F58nurvj9WZAREVJeEREBERAREQEREBERAREQEREBERAVkcXHuGmYYw3IkrIwd8dA4/mAr3UKopqeridBVQRzRu2cyRoc0+oK6pb02iXN6+qsw1vLeTdzHN9R/sosBp3kxucHBwx1GyzdVaA0pVZJtTIifGF7mfgDhUiq4R6dm3iqauM/WLHj8Wq7HKpPlRni3jwxR3Hd+wDkDpgKaglazYhxGPFpV/S8GqMg91dseQfTD8w4KQn4M17cmjvFG0+HNC8fk5d/xGP5czx8nwtb5Fw3C9xgN+a7by8lV38INbh2GX21FnvM7T+q+t4Sa3bkm72s+j5D+bFP3+P5ROC/wolXHUSwuZR1LYJMjEjow8YzuMZHXp7lSnW/UY5v8AiODcbH4ubkf3K8Rws1kz51XQv/lkx+bV5PDHWjnbGlaPMzNP/ap+9xz7o+6yR7MccSNLu1boi52EESVT4BNTOLetTFh8ZwPNzcY+stCtTajj09dqm3Vc7oPjWA1bndC0MHtM/mO4x/uunn+FGr3kF1XStI/6+Pyatatffs7OImstU1lwt+utM2u1z1Ms8UclPPUTND3ZwRhrcDoMFdV5FKRuJdxhvPUwtXsh69uGouHztP3trWTWyR0tuaG4PwB7zyM/odkD6rmrOUrgRgDr9yldB9iXWGib7SX5nEyjnMDHxTUzKJ7IqiNzccpy5xABDXDG4LR71lRvAu9vGJbzbgfqwvXnbNi31LqMV/hSOB9UKXXM1MTtV0EjQPMtcx35ZWwCxhonhHXaX1RBf6m7007IIpGCOOJwJLm46k9OqyeqWW0WtuFrDWa11KWuFtoLtSSUFzpIqmnlGHxStDmny2KtWr4U6ZqGPZD8IgY8AcgeHNAHQe0M7eqvNFxW9qfTLu1K28wxtUcFbfMHNZepWscMcrqdrv1V2aO0rT6PtJtNLVSTxmV0uXNDQ0nGQAOg2VdRTbJa0amUVx1rO4gREXDsREQEREBERAREQEREBERAREQEREBERAREQEREBERAREQEREBERAREQEREBERAREQEREBERAREQEREBERAREQEREBERAREQEREBERAREQEREBERAREQEREBERAREQEREBERAREQEREBERAREQEREBERAREQEREBERAREQEREBERAREQEREBERAREQEREBERAREQEREBERAREQEREBERAREQEREBERAREQEREBERAREQEREBERAREQEREBERAREQEREBERAREQf/9k=',8),(201697,'data:image/jpeg;base64,/9j/4AAQSkZJRgABAQAAAQABAAD/2wBDAAMCAgICAgMCAgIDAwMDBAYEBAQEBAgGBgUGCQgKCgkICQkKDA8MCgsOCwkJDRENDg8QEBEQCgwSExIQEw8QEBD/2wBDAQMDAwQDBAgEBAgQCwkLEBAQEBAQEBAQEBAQEBAQEBAQEBAQEBAQEBAQEBAQEBAQEBAQEBAQEBAQEBAQEBAQEBD/wAARCAEsASwDASIAAhEBAxEB/8QAHQABAAAHAQEAAAAAAAAAAAAAAAEDBAUGBwgCCf/EAEIQAAEDAgUBBQUHAwEIAQUAAAEAAgMEEQUGEiExQQcTIlFhCDJxgZEUQqGxwdHwFSPhJDNDUmJygpLxohYlNLLC/8QAFwEBAQEBAAAAAAAAAAAAAAAAAAECA//EAB4RAQEBAQEBAQADAQAAAAAAAAABEQIxIRITQVFh/9oADAMBAAIRAxEAPwD6poiICIiAiIgIiICIiAiIgIiICIiAipcRxPD8IopcRxSthpKWBuqSaZ4Yxg9SVovP/tc5Py3I6jy9A2ulDtJqKp/cwjyc1vvvHThqsmjfyhdcL477V/aFj5e6hxmSipybtFFTCIWJts4gvJHxWv8AHO1XO9bVOmrMUzHVt2dZ887wTfyJHTkcbBX8pr6UXUV8sK7tUxOgnY5tZJSVLSC1z6x0coF9yBcO/gXd3s79qkmc8AZl3MFe+fHMOi1CWX3qumvZshPVzbhruvunqVLMVuFERQEREBERAREQEREBERAREQEREBERAREQEREBERAREQEREBERAVjzlnLAci4HPj+YKsQ08WzWixfK88MYOrj+G5NgFXY3jOHZewmrxvFqlsFHRROmmkd0aPLzJ4A6kgL5y9u3bBnPt6z87KuWHOpqWjG4eSIaCEnZz7bOldbgbuOw8LVZNFd26e0pj+fcXkw3DZ2kDxU1Kx94KRl7annYFxH3zueGgDZYVlzJddPI7G8xVL43P376dp7xwvezGm+gb3uRf4K65YyzkvJeHNnpxPX1bLO+1VMe7pOrg3gG9wL3IupmK45LiD23n2cQ3Tba45t+/oukmML3RyUkcbXU8RDdTGNe513OGtoBsfRVr6mN7vHHGBq0ggixsfrf0WIVGN0EYbSU1WwyNB/txuuLje1+Lj02uqrLuJf1yaqgjbJHDGxskshF2hnQ/E7j1PwVEc7YNgeZ8OpcIxPDaerqsQrYoKXUy7mkODnuBG40sa4kiyzzKWaavJub8PzHQai+jd3nd2AEkbiRJFt5s2/HosSy1RNx7Fp82yRubRQRvoMKY4+E7/3Zh53tpv18ZV5njZPKZojfU4WOnhoG1ievVYv1qPoBhmI0mL4dTYpQSiWmq4WTwvHDmOAIP0Kqlpj2Z85R4nlSTJ9XOPt2CuLomHl9K912keelxc0+Xh81udYUREQEREBERAREQEREBERAREQEREBERAREQEREBERAREQERQKDlT2xe0rGDp7O8p0zq+qhhNVPRxEB9RPpvGy5IAawEPNza7m+S5yyvhr8jZchwmolBxSbTWYpIACZamQan382t2Y3yDR5rO89YhNUdvWa8JxR/dVddDVOg7wc93OGkN/7THx0stV53xqbBqaZ2MPbDPSx93LccsbfQfK1rcfJbnyan94xzOnaHT5eirO7Dnvnqe9ijB8gN+Nt1r+LNOcszyH7Oyeng1DxR07nbehNm/jZaxzpnCfFq6So72URk+FoO+nofT4DhQ7IYqvN2fKLL+BYXU4hWzkvIkc4siY22qSQk2awX3J8wACSAsfyW+Nfmf26LydkbMuKPvFFMXP/AN7UVcQNup0t1W87LbFBliCKniyjgrnikZ/exSsJ0ukNvdB6E7hoHAufNXfAstzYdhrcMw2oY0tZpmrDEB3hItZg8vIceZV/goIKWkbQ0MbmtaTdz3XJcRYvedrk/ToLLpzufWLn9LdKWRNZSUdK2KJjWxNZHs2OJotpaDxccfAqimNRKXNZE7YAg2twNtrqrxTFsFwOF8mK4lHGWm+7tTpdtwG8n4C6tsGLYnjkcc+GUTqOklbZs8jbzOb5iM8X58R+SYsq65ZxbM+VsXpcewGrdFVUx1MOm4I4LXDgtI2I/wALtDs2z5SdoWWo8aipzTVMbzBV0xNzDMACQD1aQQQfI+d1w+MEi7traqqrKlzNy+pk1WPPDSAPkFszsa7Tx2UvqcPqcKlq8MxGVs0obKTNC4C2pmo2c233Tb0PRZsV1+ismVc55azpQf1HLmKRVcbbCRgu2SIkcPYd2n4jfpdXtZBERAREQEREBERAREQEREBERAREQEREBERAREQERWvM+O02WMvYjmCst3WH00lQ4F1tWkXDb+ZNh80FPm/OeXsj4UcXzFXtgiLtETB4pJpOjI28ucfw5NguV8+e0ln3NdTWYdgDX5bw2NzomGF2qqnA6ulA8HwZY/8AMVjOas25i7QcbZjeZKkySudaGGPaKnZe+hg8htc8nk+lmxCFkccjiPE5xvfrc8rc5/1NYxjWAYpmeDDcw4bUhuY8v1LpIjUPNqyKS7XwyHc2e02Dt7PY07i6s3bpliftD7Pn/wBJikpsfoYxOyjms184aCXQkg2cdzpLSQXAeay2sNRRtpJaR7opHuLXFpIvH1B9LAKdBVYq6ljwrEmwVcIIidPO3+5bQ15dxZ19Vri1vz1ksxNx89Mk9nOdu1XHX4DlPCHzTxOH2qaR3dU9I07XledmcGzfeJvYFdudjHZHlbsKw5uCl0eLY1icrXYriOnugSGlzY2NPETBcgHknURcgDN6CSnwejqcHyXgmFYdAHl8sndaGyTEXc8tYBqNyAXuNySqCLDNWFn+s1P2+oEzNb44ywFziSSGg20iwA1eXmVnnicr11rJJsfge0x0rpKks4ZGA8tb0BN9LB8T8laJ35lxBxgpHxYbA8EhkI1yPb0dqPS3W1z6Dc5DS0cFNRsibFG2DSHCMHZ3qdrHm/8Aw/FeZiCO+fIHSHZwaQbE8dPLr1W9ZYxhuTMKwyV9WWPqauQjVPUODnnfqbn87K/tp3CPQyLccgbbdb+Snshe5veDUQeLjcFe+7abF+kuvYab7/v8VFURpZpe70tA8NgWnc+d+ikaKgFwbHcCzXi1xv8Aqrs1olPdtuS4m4DQdh8/wUvuS99tOsgaLkltiPOyWL484FjuN5dxCPGMBqp6CtpztI031jktcDsWm3um4XU3ZP2w4d2g0rcPxBsVFjkTNT6YO8MzR/vI7726lvI9RuuXIoBFEGB7y5+rYNJLfX57KmopqjCq2nxTD6qamqIHiaOaM6XNcOHA8X+nlws3lXeaLC+yjPzc/wCWGV1QGMxGlIgrY2iw122eB0a4bgdDcdFmiwCIiAiIgIiICIiAiIgIiICIiAiIgIiICIiAtC+1BmmWOjoMm00xYKkfbam2+oNdaNp9Lhzj8At8SPbHG6R5s1oJJ9AuIc85vrc+43W5irbsEszo4GC4DIGuLY2+ptuTbkla5n1Ks9Ie9ja/gbDVbp/7Ua1l2BrQ0ix5PvH0HC90Zdo91zb8joDuOqmywh1ruIFwfXm/wXRlaMRi1U0IAaLMdpAO17cDqveA95UMr4XaDE6odHDdt2va1rWnUDzdwO6pcwzzRRllLZ0z3tjisLeNzg0G3zur9Q0kNDTQ0sHdsjhjawattVvPzPXcoLZV4dEwOc7DKdjXG4DHPDT8rgfVQ8DYaenZcGepe4RMbwGAAG3kDdVuISnutJkfe97h3Ub9fyVFgrTVVUlS65ZTt7iG4++TqkNviQLnyKC9ukdcH3jazjbqPyXgBrrl4IBOxaRv5bdFMlLi0+IFzWFoaSB8Aefoo08LidfhPh2AO9ztvYfh6dEHlrdLgJJCLi3i336fovLWlzRpNwCQW2O54O2/1VS3umlpD3B1vE0tuDvawPVTmQODfEWjQSDd17fMbEKKpmaTMQ5paWi+gOH16DhA12kxROMgkcGCxuHG+/PB+HmqoXleHgMcwXLR3ZsCPU7cLyzTJM5gJcAzbgc+v0VRF7NIsIiQSbufsGg+Q688qjrHRBtoYDpj9y+3zsfSx+a8V+NiGePB6LS+rcQZt9Wi/BJPTfj0XvvNMjwyIvcxo0kn73Nrnb1uousy7HM6nKWcqX7VPpoa8to6oFx0sDz4Hm/FnafkXLrVcJXZICJbuFgXBvSwNyD8iuu+ybNJzXkmhq55ddXTMFLU3O5ewCzj/wBTdJ+ZWLGmZIiLIIiICIiAiIgIiICIiAiIgIiICIiAiIglzloheXM1DSbt8xbhcKuZ3wcWR+ESvGgbaBqJI8zyu2c14mMGyziuKl1vslHNKD6hht+NlxJTTgPlpXgNlFn3vbkWJv144W+UqFOwtdINV2vPI/f6Kc2J0hBkNg21iXbqEd7ve3SQNrdLjqszwvs+xXGctRZiweWOokc6QPpXNs8ta4jwk+8fQ29LrpJd+MtdVlOybMGFQvaGl03euDN9mse4b9dwFn+TMpTZpxhtAC6Ojjb3lVK0e7FwALjknYfMrBNTnZzpKaSJzDFFOHNfy3S1rTcHfl/HoukOyzCGYZk+KteCZsScahziLHQPDGPoCf8AuV55/VxLcaO7U8Fp8vZjrqKgiMdJDpmiYRcMY5mqwJ53uPkrbg1E+lw2mpWucSIGveS3h5F3E/Ek8rJfaKf9mx4z3s1+HR9OSXOYPzCjgeAYzjk5oMIw2aaSO2t8QaGtBvu4nYD4n5K9TLhKtH2CN58Ya4M8Xv8AHN+iBjY5BocLnxb/AHRbcdFf8zZYxTK1VTUeKNibJLEJmiKXUA2+nxEDm4Ow2VocQ5vekmJzhvd4AAv6jbboFi/9VKmMbInyF+zzYNJ1C49L+SlOlEbGSQyNcHeLS03t8ipQlIbrLnO7skttYki17enz2VJUzSPs5xedDufT1SiplqGN0PmI0O3sbj6FU2MYzFguCT4oWguGprARbcgAbfj9FSfaS0Wc4MDzfe26wrPtXXYpPh+WKGRwlr65u4aRpjYwOe70A26IMnyaCMNlxaoGuSqJeXEXJP3b+XkP/ayaAa7CR79QN9Gna3X4D9vmrVEyGJsOG07CWQhpsJNr23vfrsfp8ldf9kwBzwCXeEOBIbe+1/gDukFLO4gkDS4F41EDcA9LfTzW2fZ1zSMOzRNgFQ94gxaK8Wo7CZguB8dOofRamq2SwtZI0N/unwtO22++4536qfguK1GC4hTYjTlzamlmbPG8O2Lmm4v6f5Us2LHcyKgwHF6XH8Gosao3B0NbCyZm/Fxx8jcfJV65NCIiAiIgIiICIiAiIgIiICIiAiIgIiINf9umKf0zs3xFgdpfXPio2n/reL//ABDlyDVVBhxGKVzg1rn904kbG9rbfGy6N9qDFO6wrBMIDzpmnmqnt8wxoaL/ADeVy9mZ7Yqd8jRYtufDuSRuAPounPjNZOy3kLGwAvsfOwW6Oxit77LVVRO1a6OtftbfS8Bw28rhy0jDMJ6eKpNiJWNeCRvYgGwPpcq85dfhIr3R43TYrUQSxlkbaGbRMZCRY26gi4t9F14uXWb4rc9UrMS7TcfxKka582HUojmijj4ZpjMj3eTr2uTyPguhcMgbS4Fh9MweGKkgYPkxq0Bl6jyTR19XWVtfnHCpqqGSN+qPVeAyuDGPJ3cdAbe/nYbLKY8aypHE1tJ2qZpp2taGsDoHuFugG/5Lf6kus4x7t6y4cfzLSQSTvp4WUkLpqoC4pWmoIbIRex8RYN9rkXvZb8wHCsPwPD4sOw2nbDBGBsOXHq5x6uPN1qIVuFOq5KqHticTOxscpq8NdIXxtJLWnUCLAuO1uVXVGYq6jpZKin7aI6mSNpfHAzDzrkIGzRcWvdP1DNWjtaxQ12dJ2xXMVBHHS8cuALnW+bvwWvK2qkppdUbi5pFgD0HHP8/JXOunnrJZJ5pA+R8jpX6/ec4nc8WuSrPiYa6ISklrodg3fw78Fcbd+tqeTF3SSPMjgA1u1gSATtb8FRzYkYmNaX+MusDrNiPiP4FLlYS4tex72NB2PIA8hb5qgqHMu4hoFr3c64JPre1kE+pxWJpc7xANsAABz81ZsvYkx+bquWop2udRYY10Mlx78krgW7j/AIYwb+SjK9r3OZEwh7iSRot8r+WyxcjEMA7SaeorI3CkxzDHUTWuJ0moid3sYPqWmUD1Citr0A1h8zyCXEklwLQbjoOvxVdLP9niL5Xve4m2pzefQelj8VR0NJOxkZqZrgt8Vh0G/wBOPovMczcTrtTnAxRvOjSdQBv6cbjj0Wr8RXuiDqb+8HMaWk8Hcb8flf0KoA0jx2tqFgAdttwfyVfLOXh8YkcWEC5JtcDztxt0F1QuMndNeHDSDcbXvf8AgUHTfs45lbimVKjBJJ9cmGzF0YJ37qTf8HB2/qtuLlTsAx5uC57hp6mVzIsShdSm/V5ILL/MAfEhdVrlZlbERFAREQEREBERAREQEREBERAREQEREHN3tTB8eP4LUTucKf7E9rPLX3ni+dtP4LnbHKiWrhdaJ7Yw47OFunlYXWe9tfafWZ0z1jGFYjDGMNwOWSgip2M/uwgPLTLIfvNkLQQ8WDSNJtydQYzmGTLFqPH5XPoZWF1JiJ4LT9yT/hd0v1t9enPjNZ1luQS4JQm4L2xNiNht4PDb4bK/RF8FQHMme1zHB7HhxBYRve/N/ULC+zvEocTwaTTIHmCctaQ7axAcPluVmTf7YAYGFzm3u4C/H5LURtDJOYM35r1UbO0DuK9jrikraNknes82OI8R8xa453V4q5M804xYT5ky44YO1stT32Gi/duZrBFm/EfELVeXsOq8bxmmw2jnEM8pc1sjiQ1ha0vvcC9/CePRVGNVeLU8rvtOOfb34jR07ppIpi/XHYOZHIermkC46FbnXxnPrYtZR5zpKJ+KYrhORjA1jXukqKcM5F9zbn0Fz5LX+YswTY6+lMuF4dRCG+oUVKIw6/3jvd23A9VDMFfj9VNTPzDWzVZkpoqmFr5dTQx4u0gN2aSPQHzVpbJfwud4QPCLWtttzdTq7cWTHrU1wPiAB4JNgfxCpJGFoewFpuC42OrY+V+Ttsphic9wLHNbqcC7UXG3psQDyVTVEbhKXvqLNbtfSNgN+pt+HVRVqqYJYpHNZs69+SX/APcqf7LT1L2xkHUd9/w33VfXDWy7n+JxsHAagPIbbeRVsbM0Oc18b3MIu1wFuPpc+pUFRHFDSl74Wt28AOnkjrv6j81rvtXopMUwJzKWSSCekkE8M0b9LmSs8TXNPQgrPZqiNkeltmjTuA2xHPP47WVgxaFlXSPjLGtbJsBxsRx6Da3qoutfdjXbLnTNuYMXyrmumpWSUVJBPTup4nB8xL9DyQTYct42F1u/Do30hEckA1OILrEA3ttfbjn8Vyf2hmfstzdhGecPjmHdytZUtYdLpKd4AlG3m03A8wF0LgGKUWJUUWJU2JOlpZo2TRy3LmvaRcEAci26S/6X6zpjY3u1zyOc0izWhzrX9fXj0Uqva+SNjXM7poG7Q3y4+vxVkjxGaqcI6eIuv4QdQAO/wVzkbLHQSCscxm5sATvt0Hn69FUV2AYjJhWLwYlTC8lLOyeNx2u5u4FuoNt7eYXctJOamlhqDGWGWNr9J5bcXt+K+f8A/X8Ogna7viXNAa1o3sOePouvOxTtRHaHhE9PWRsjr8PazXpaWiWI3DX6TwbtIIvbi3NljptspERYBERAREQEREBERAREQEREBERAWL9o+fsM7NssyZlxSmnqWNlZBFDALvkkdew9BsST6LKFo/2qqyqjyvg1DDTGWKavdLIQwOtojNhY9TrJ+RVk2lcnZ0xHCc5Y/U5kZ9vy9ibqqSemrSAGsEji4sJaSS3fhwF7DYLE8VxTHIw+lzS1lVSyt7ts8TBJA5oHlsRyeL9VsN2I4XO3uoqlkcw2DJGNY8fIgfXdYXmWIQRGSBj3xOBD2tZ4XH1HHzHkuuMKrskwKny9U4pHQBzKOtbFOxgfqjaRqBLCeB4htsNhsunsk11Xh9TlHCMOwyCelxeB1TXyvpmue+TW8Elx93uw0fX1C5O7MsTYMfkwmON7WPgkl7svuAQ5tyAdwN1vnCs85pwOkNBg+LT0tNr70BkbTZ17us5wJAJFyBsVeblSzWxcq4pitFjNNlyhoo3YQMJNS53cb96YnudNrt73eeC1/RUONVFJlzDG5iiwehq6yOjwuiaKmHXFCx9MZHuLeLuI03Kw3DM9ZpwyjlwylxesiphK9xZ3bTq13LgSRsDqJtwCo0me8wYbVvrNcM8j6aGmdDVQh8bmRC0d2gWu0DZ3Oxvdb/WpjNcy0+WaCcZkxbLhrYpYqKgpqBs7omQD7OJXk23uA4Bo9FUTdn2V6rEJpMNpsUnp4cKp8RbSQSh1ROZXutpL9gAGi4WJM7QpKuorJMy4TSYpSV74XSU73OhDZomhrXt5IJHPQq6zdoWB4zjEuI4lh1ThzvscNPTVWHztM1I5hdfRctDmOuAWniwS2GWMbzTheG4TiQo8HrKmSDS2UsqYnMlieeYpGkCzh5jYiyxys7yPxtka6xvq06gwHm5JsSsyz3myHMmKUtVQGbuaWkZTPnqiwTT2LiXuA8O99lgta/UHESFrv+s2uPT9Fi+tJM08kkbJXMLdDdiXgb/Afz0VuEcgn0nUS42JDRYNI22O3zVVBiRAOq5fcNLR4drb2/D8tl4m0yanah4fdubWPJNhsLfooKOfwMd3Wk8D/AtyrXK3SC7xCwcTvyNJ3Oxt8lcpnNsWMDWWuWH74PQk+e/Ct7Qx0pa0EtILSL+YPP7KDX3aZlKPMccMTmtuGAuJtsQB1+QC2P2ddjeJYH2DZNzjT4fXVtHVy4l/UG00TpDBpq5RC4htyGFgLbgWBA4upM9OH0sjySWCNr9hsQGg7+my7OyRgmNZY9nTDsLy20HF4stmWlAZe1TJEZB4ep1P46lZtz6s+uT8KzLgekQYe+GMHbS0cm3Hmp+JwivhbSCpEMViZH6r3A6bfH81jdEMaZSxU2DUGFxHSO+qq2oD+7I2No47ueb+en6qsblXDaeIYhm7MFTijtvDI0U9LH5AQtNnDj33OW9RPjxPLmG6xFiNNJO67WAMMlvPSG+8Vub2Z8Zwygzf9nqppoJMVo5IoBO0MMkjXNdpI6XAOkdbFaSqs3ZZo+7ijo5pL+53dM4Rmx5AFhYLJeyx+JY7n/ABT00sEcuI07g6W+ota8OPw2B24CzfFd3IoBRXNoREQEREBERAREQEREBERAREQFqr2kcuYfj3Zy+prKqsgkwusgqYPs0xj7xxd3ZjeRuWFrze1jsN+b7VWo/aQxynoso0uC63GpxGra9rG2/2cYLiTfpqLB81Z6VyfiGGRvDoxVNljA/2dUO/Zf4u8TeOhWuM10GJMppajB6p5DQQaR8mtpA6Ne7cX8jt8Vs/GK2qpoXTvfpiLiwCoh06nW2aHNJ/Vavzpibab/VS64jrMRewFwDvJ2wcNt9xuurCr7DaqbGJcYxd8bmNp9NDaVpY9sgOt7CDxYaONtwtu94WktD9LneIl1zt+m/5LEuzmNv/ANJ0NZG2K9Z3lQ50fD3OeRcH4NasrL42+Jzy0EgEubcfCysSkGsnRqJvs4W+9fy6/Be5g1j3CR5YQ3YX29CQPxRrWtcwDUWuva22n4W3slS0NqDEHNALiCf50KqjZHtcS/UW231DfSf15VYyXwjVbyALBcX2vfp81Rxs0udYOaHWLmnZoHR3G/F7fBTmF7DplY5zdy15HmOPP5cKRKlSuc0tBadzYgN6HqSPyXmoiZM3TKwMAOqxcBYcF1/mD5/mpzmB3dnWSPvbF1vQ/wCTsoywRtF5JPG6xvqtyOLWt/PJPVYnLPJTYmaXUX6ZNTbgghp636fpZXMmKWDuWStD9QYQdwW+qpczU58Fa0l7x4H3cBcX59f8qnwt7TGNBIAGzi4Dn1sp4JdRG0yaI3RiNztXIJ9PPgD8VTU/iqNLm+Fx0bjY7/Tz/BTax4dUPex3BsN+B5D1XrDojqa6x28Td77/ALlQTqShmrxT4c1virTFSsA3Li5wYL+ZufivoTRUkVDRQUMAtHTxNiYPJrQAPyXE/ZHg4xntTy1hwaHthr3VbzY2c2EGW5PXhuy7eHCx01HFHb5kqtwTtexrEaJ76eDExFXxBgbYuewBxDeDeRj7nzNzysPfFiVPHEcRraGfa0EclG6WQu66WtcB8eFnftPY5jtV2uVOGStqnYfh9DTRwupWt1t1t7x2x967j+AHRYTQCqbBJLhWNvqWuOmSnqWd1M0dQHC1jt12W54lWSXFYqWtkfWQRRgXtH/SJWPfuOHte8D5rYvYR2gYXTdpmE97RPkfVPNIwSRlrmOlOkObtyL/AEJ42WOmeVkYjYWxvJF43ci3Nj1P5rK+yGgOI9pWBUVazS2GuZO026saZBbzuQL/ABUvhHaCKCiubQiIgIiICIiAiIgIiICIiAiIggVxZn7NON5mzfX0eaZ2VNZQSSUj6anDbwta8+AMBB255N7grtM8Li3tcnjxPPuZa6kpWQsNe8PaxxaKkRtbGXuLCCT4D9AtcepWCYnh+EPp3U9O/u/DZ0Rldpeb/fZJcE+llqbP+FR1sP2SSuqqR7ASx9NUui0DpsCYyN+C1bic+lkpbSSFwc0ljJpRLE8f8jyLg/Hlc79sGLSZfrZ6CupfDKLxVEEel41bWsOfhyulZbx7K4Xx5EwKkdL3r4KQRPfpsXOa4gmw2BJF9lmUrbufJrdqIHvMIaAOd977BWDI/ZznHsxyzl7L2eR/92qMPbiL4W3a6mZNI8sieT99gA1W2vt0WQyuY92q5uT4eT+/5qyjy0Ray0k6OCL7j0sP3XioswC0ehwuWgk2/b04RxDZdLdYJPG468cbFep2uczWWBrCbgDcn/q63Q9Ric59nOAY4ixIbYkg7783XsEvkfLTyOL2h23Frnn/AApbI2XFifCdiRYX/T4AdFNc6UvuXN8Ny4ku3uOvl0N7IziIaWMOmNuoCxJfezj1twpbiW6S2NriwanFu9ib+m3+UdoJkkc9u5ILrXHG/At9UpxHG1ze8LwXamjTz6pWkmop4ammlhLiHSt0+HkWF+LbdPosPp6qWjdLTuiOtjjq3BBb528/ks1dJHp0uax5NwLne3XYbAcLG8z0ML6kV8DGuuNDwRwbbHf6fJZFr7xz3NtGHuc7WQPLzv05V5pGO3LtBa2wOoi3qL/nsrFFUFhALnA7XN7anevp81e6KRroG9255IBa5zRc+vy44QbQ9m2KKp7XWm3/AONhlTOwAbAuETCPLqfquu1yD7LlS13a9VsDdIdhE9tgLnvIiTt6WXXyx161HNvtSYJQUeYsv462buJsXjlw+VxF2l0QD4yR5+NzfotH1tNizXFs0kfdgWdK1vhtfqCOfQ+a3T7X2L4bWYjljKEgeKzTUYgHOs1mg6YwATy7UDe3AtfkLTEU+YKdohnw81ceklj4n+K1vUhb58S+qWow6hnAMAAlvYPjABJ+Z/my2h7N8EY7UIGVNS6odHTVDog6wDX6feA5vbV9Vq6tqZJyZJ8BxBotsQGDb46h+XKzv2fKbDqvtLoJ8SidhlNSF8lPJPUta+oqWgNaz4EuIAvd1jba6nXhHaCIi5tCIiAiIgIiICIiAiIgIiICIiCjxivbhWE1uJvALaSnknIP/K0u/RcNyyYs9/2yWkaXSvMriZHOOpx1G5AIvcldddtNW6j7L8wSMNnSUwgHr3j2sI+jiuNqhzqc626WWN7kEW9f/a6cRjqrPjpqsKpKmqgp3Ghe/XLTvFxA4n3mkfdN/kfQ7e/Zm7MqLtr7cosw4/StqsCyLHHiBhey8clYXH7Mxw6hrmvlsesbehVNjeOk008FS58okY4EPf7zbbgHr02K6e9irIVPlLsfZj/d/wCqzZWS4q57hZ3cX7uBp9O7Zq/7yna8rf7SsTGZywaa4BfhrmnfkNmJ3/8AJaj1gxyPifqBduA67nb7+v8ALLb/ALTgYcyYIHutegmA2696N1pmNxLToLzIzaxIAPw2V5vxLPqYZWGVgjcdDRe3Gn58fX6KdIwkEPN7uBDXdL33v0/gUgOAs1r2vdfxNv8At8ELS1l3OsXOsHF21weoWhCJ1pxISRFciwaBv1/ThTGOMrg5w06SAXHd1/L/ANeXzXkMeAwixcLgXG3PNuPqprgNWzQA0WaSTpDvwv1/dPBFzHuuHCS7tiB+p468KE0JZFZzQ0N5Zqvv5/D5r1DG54IcHEchm2w2226fy6kup3RnwtvYW0kDe+5A3/ZBJNbJ4muBAJ1BpbZzrfK/l+6p6mKGrhdFLqIlYSQeSbdeikTRzd8YZGhxcA4N0g3txc/XqpBcxt42CRrm3AFwBb/HwClGM1UM8M7mOjLjC/xgdPLn8FesPcJqdz3uI2vs4gNv0Nxa389FQY60TOZURMsGjQ9ocbHfYg+fQ/JTcKYH093WcXm1yLW36ee4UVsn2Zavue2ijjaT/qqasiO4P+71f/wF2suE+waqFF2zZfkaBd9VJC6wtYPikA/EruscBY69WOX/AG58IwzFcDyZrwcVGJU+LTTU1SCQ6KIQFsrPg7Uw282A9FoTA8NrHRaIaqvpQARoFU5oBHSzrj0Xa/tAYDRY12T5hqamlbLPg9FLitI8jxRSwsL7j4tDmnzDiFxBg2bK/EYIny5be+KZoAMVUO8LTwAL3HyV5vxKuVfUvY91KzMVZJLG3+65wjEcfHXRcm/zWf8AYJgNHiPahgwrsYqKt0T3VbDO8Wc6NjnNDWiw536nZYHVV2BUMURrsMp6CRouad+mR/GxAHX9lXdnTZB2g5dr8oGVtYK+EuD43HVeQX5tpDmkji1lbCPoCigOFFc2hERAREQEREBERAREQEREBERBqv2iIswVuTIMMwLB6uuZUVjHVRpojIY42AuF2tubF1unRcnYjIaWX7PUU7qaRn3ZmOa7nizgP1X0FVvxjL+B5gpnUmOYRRV8LhYsqYGyD/5Bb56z4lmvm3XYZiGZsWpMBw6Muq8SqoqSK3OuRwYPlvf5L6S4Bg1Hl3A8PwDD2aaXDaWKkhHkyNga38AtdYX7N3ZvgeeKHPGC01ZRy0Erp46Fs2ul70tLQ4NcC5ttRIAda9ttltPhTq6SY5v9qRzWZly853Wjn+gkb+60v9otAS0XNudZtYeQ5+S3P7V1mY1l55AP+kqRzv77OAtFsjqDUN0tDi2/HNj5dFrnxKuMM4BJD73G4cLnboFFsjnN1RP1Ntck7eth6k8fFSYg4PB0kOLbEb3bx0VYJWMNwQ59ti7n8OPxK0iDnu93Q9rH2303PHT4FTTNZr/s7nEbghzePW385svHhdGbyBoaAGl24J543BUWWOom1tV9nEAedrWQeDOYbPdKwGwAJPvgeXVe31Ej2ansGzdgAbcKNI9tnDVYO2BIAvx0P5/uotkeGgNLn2Gotb+QN79OArfopamJ7ZA9scgIaPCXX263/nCo6qnjIb/fYWtOqzdrEcEk78q41BcXgCwuRa7bW89zyqGdwdKG+54iA4ni30soLTNhBllc0zPc2x1EttqNvX9PIKVSB9MwQWbpjBALTubDclXR726r9609QWkgBp5sPP8AyrY0SeIna4tvsTf4An624WVXfszqxQ9oGWcQcQ3u8WpnE6ubyBp/Nd/hfOuinNBWQVdxanqmysI3IDXh4+Hl8l9EopGSxtljN2vAcD6HdZ6WLfmXDG41l3FMHewObXUU9MWngh8bm2P1XzlyrW4LS4e2mjhmje1vduayaRrhawI1FpO1jsCF9LCvm1PhkmE5rzDhTmBoo8XracNLTbwzvAG3onPpVxbUYdTNeaPCGuc51mutdzj5lxsfmVtz2WaV2O9oM1XV09o8IoH1DBsW99I8MafdFiGl9t1p6raWN7tj7NPia4Cx+i357IAaMYzGxoIDKWnAv5a3rXXiR08iIubQiIgIiICIiAiIgIiICIiAiIgIiICIiDnX2p4qZ+L5ddO5rT9mqQ3U6w9+NaQBo2ERwOY1wNrGTVuOt1ur2rm6sWy6C61qapN9RFvGzfZaIibLpDnTE3PJJvbp6H/C68+MX1Xag8ANlBNhbfZo8/4VOiDXSai4am3vuDd343Vr/uXLS8O2Ojwg/p5nqoOEkfdtc42DgTYC5v02/VXDV5jDXF5eGgt83Cw89jsfVRjGknSO72JJ0m1j5+vqVbIJyGCIu1X2JF9jzxfztv8AFRBeXEt1Oc53ALh1tt4uTyk1NXVwEbgBFpGm4AHw39OfgoSyWc54Ljf3bG4v6/orbHJUB3gqjZpL9J2IIPqComvxDVodOwi9wXAEtFr7Gyq6nd7MwgtDthqddl7gcXPPP0VHO18upriQ9zjcN2AN+PovL63EW+ICBhIBII3t0/FUMlZiIc1svdabk3JAseo39fj1UFTK1z4zoOzQ4m+33bWuPPyVDZ+hhBJ8O5OzQLcgDf8AgUmSumfFokfG1g3JuT034A+HzUxkr5B3eqMOsT7p1Afus1qV5ffuQHD/AGjLgW425/VfQHJdcMTyfgeI6w77Vh1NMSOpdE0lcAUjCZ3EAP8ADbkef8+q7a7BqwVnZLl12oEwU7qY26d3I5lvoAs0jP1o7MnsqZWxzM2KZnpMyYnRTYtVSVk8JjjlYJXm7i24BAvc2JNrreKKS4rQsfskZadpFXm3FZGjkMghZfz6FbI7O+ynKvZnDVNy8yqkmrdHf1FVN3j3ht9I2Aa0bnYAc7rMkTbUwREUUREQEREBERAREQEREBERAREQEREBERBzn7U2F4nNi2CYoyjldRRU0sRnDSWMlLwdJI90kWte17FaHZ4jqErZCRcAEEH1X0Ccxr2lr2hzSLEEXBCslbkTJWI6jX5Swecuvdz6KMk/O11qdZMZvOuGGNmY465SSN97G/pwoxNkB8N3FxAHh+i7LqexLssqiXPybRRk8mBz4v8A9HBWWr9m/s0qXaoqfFKU2sO5xB+3w1alr9xPzXKTWyABrGGzRax8r878fD815Gsx2bZ24uHA8bb/AD3+fRdNVfsu5QkDm0WYcZgB6OMLwD/4BWyT2VKQgiHPFSB0EtCx23ls8KzuJ+a57BkaA9xcNbbEXtzyLfJSy4Fjng6HtaL2sB52st8z+ypiJcXQ54gcdrF+HuBv5m0ippfZYzDqvDmzDQCN9VLJuf8AyV/cX82NCSPLyDJG0OO/o09Rt/NlQTRM120BxINxa1zvYroWb2U8yTN0nN2GDrtSyc+fKR+yRizm6Js7UbW+QoHu6WHLwpeouOdi1wLfCRbaztx8h+C9MDnkNFxpIt6+u/VdKU/sf0IIdV57qXbgkQ0DWbj4vP5LI8J9lPs4oSH4hV4xiJ2LmyVLYmE28o2g/ip+oY5QpYp3VsELGyPlkcI2RtYS55sbgDkldrdhWW8Xyt2b4dhuN0z6eqe+aoMD/eia+Qua13kbWJHS9lkGWez/ACXk5tss5aoaB1rGSOK8pHrIbuP1WQLFurJgiIooiIgIiICIiAiIgIiICIiAiIgIiICIiAiIgIiICIiAiIgIiICIiAiIgIiICIiAiIgIiICIiAiIgIiICIiAiIgIiICIiAiIgIiICIiAiIgIiICIiAiIgIiICIiAiIgIiICIiAiIgIiICIiAiIgIiICIiAiIgIiICIiAiIgIiICIiAiIgIiICIiAiIgIiICIiAiIgIiICIiAiIgIiICIiAiIgIiICIiAiIgIiICIiAiIgIiICIiAiIgIiICIiAiIgIiICIiAiIgIiICIiD//2Q==',8),(201698,'data:image/jpeg;base64,/9j/4AAQSkZJRgABAQAAAQABAAD/2wBDAAMCAgICAgMCAgIDAwMDBAYEBAQEBAgGBgUGCQgKCgkICQkKDA8MCgsOCwkJDRENDg8QEBEQCgwSExIQEw8QEBD/2wBDAQMDAwQDBAgEBAgQCwkLEBAQEBAQEBAQEBAQEBAQEBAQEBAQEBAQEBAQEBAQEBAQEBAQEBAQEBAQEBAQEBAQEBD/wAARCAEsASwDASIAAhEBAxEB/8QAHgABAAAHAQEBAAAAAAAAAAAAAAMEBQYHCAkCAQr/xABFEAABAwMDAgQDBAgDBgUFAAABAgMEAAURBhIhBzEIE0FRImFxFCMygQkVFkKRobHwUmLRFyQzcoLBQ1OissIlNGNzkv/EABwBAQEBAAMBAQEAAAAAAAAAAAABAgMEBQYHCP/EADcRAQABAwMCAwUECQUAAAAAAAABAgMRBCExBRIGQVETYXGBkUJiocEUFSIyM4Kx0fCSotLh8f/aAAwDAQACEQMRAD8A6p0pSgUpSgUpSgUpSgUpSgUpSgUpSgUpSgUpSgUpSgUpSgUpSgUpSgUpSgUpSgUpSgUpSgUpSgUpSgUpSgUpSgUpSgUpSgUpSgUpSgUpSgUpSgUpSgUpSgUpSgUpSgUpSgUpSgUpSgUpSgUpSgUpSgUpSgUpSgUpSgUpSgUpSgUpSgUpSgUpSgUpSgUpSgUpSgUpSgUpSgUpSgUpSgUpSgUpSgUpSgUpSgUpSgUpSgUpXxSghJUo4A5JNA7d6ZHz/hXN/wAU3jx1bdb/ACdKdH7w/ZdNxXFMfriEUibdXAcKLK1f8FkEEAp+8VjdxwK0uv3UrXN0uv60ues7/KnZ3pffush11JOT+IubvfkEA4HY8VcLEO+Nfa5JdAP0gfV3pXLiWnXVzc1vpYOBpxqW5m4Rm92MsyFcrI/wOFQOMAorqV0+6gaU6oaRt2t9FXZu42m5teay8jgg5wpC0nlK0kFKknkEEVMEwuOlKUQpSlApSlApSlApSlApSlApSlApSlApSlApSlApSlApSlApSlApSlApSlApSlArCnjJ6iO9NPDrq68wbh9juc+KLRbVgjeZMkhsbfmlBcXxyAgn0rNdcy/0pvUFy89Q9MdNYcrcxYoK50lsJPwSZA+Hdzg/doGOARuPfdVhYaV326oUtPkFryo6AhBUQrcQFgDKfpxwFf5s81absolZW4oqClncUcjOTzjtnv3598HFVDU04NKQELOUJWlauMr3cpJHfGF+px8qt1UxKVpKFE+xT3x64xz/AAx27nGa1K4VaNcXWlp3OfEVgn37dwTyf3ecexrbXwPeKZ3oTrgad1Jc1K0JqN9Kbj5pKhbZB4RMTzwnnDgHdGFd0DOliJn36W9yVNk54Hyz6eo5Pc1V9N3U/bXmXlEtFZQkjsk/kMe/95qck7v0Zx5DEthuTGeQ6y6kLbcQoKStJGQQRwQRyDUSuU/hJ8dt96LIiaA6niXedEoQERpDafMm2nPYIGfvWBz93+JI/BnGyummjeo+heoWmm9YaL1TbrvZ3EbzKjvApbAGSHAcFtQHdKwCPUCpMYZXHnFWvrDql026fp3a417p+wkjKUXG5MsLX7BKFKClH5AE1jW+WbUfWYG4XnW2pNN6UkcwLPYJZt0iZH/dfly0jzx5gO5LLSmwlCk7ypRITM6A6G9HemklVw0f07ssG4LO5y5OR/tM9w/4lSnit5R+e+rFLPdC4Lf1307qParQ2ltYamaX+GRDsb0eKr5pkS/JaUPmlRFXLatQ6nnSB9u0d+roxHd65NOO5xwNjQUnv/n/AI1MJloUApSyo+5Oaxj1s8TXSPoTBX+2+pWf1q4ytyNZ4yVPy3iE5G5tAJaQTgb17RzxmmF5ZV09qrTmrIr0zTd8g3NqNIciSFRJCHgy+2ra40soJ2rSRgg1VciuC2r+sl5vd6k3PTFthaJZnhP2u36T862xJa0FSkuOtNuYUsbsZBA4HAOc3V0y8a3iK6Zlm32nqTc5MJBG2NdsTmAPRP325SUnH7qk496TS1h3ApWmHhW/SNaZ626shdLde2FrT2q5e5mO/Hf3Q5chIz5YSr42VqHKQStJxgKyQDud35rKPtKUoFKUoFKUoFKUoFKUoFKUoFKUoFKUoFKUoFKUoFKUoIE2ZGt8N+dNfQzHjtqddcWcJQhIJUo/IAE1wt659QZPU/rFqPW0t5SzdZ7z7IIB2xwrawnnsEoQjv8AMetddPF9qp3Sfh71dIjPFqTcYotbJBwcyFBtX/oK64tTkKRqN6M+8UuFsOoBAKQn2+vy9qtPLUbQsTWc1wTSEkMKbUFBOcbRnjGfzwO+CBxVBD5XhRCcL5I9z7e39arWv0FuUl0pCQ7kIOMc5Bx/DHPr3q2i4SRgEfy/v+dWeU4TYkFyUHEkpKAACc8Y9exx9OKmbVKU00uSlSVZUpSh+97HPPoCfTt9ao5d2IcXjlJx3/vI/L2qq2i1XS6pTGhNbg2lIW66dqG/XlR+p4GT3OKguXTt3WWg1KJUkqJ5J7Y/PP8Afb12R8Hg0i31Dk601/1Jj6V0jYmPMuCF3Fcf9cLVw3D8ts75DZ5U4kJUNqcHhVa62a0R2VCLbIr1zlozvWWtkZs45yc4Pp3yT7Diq4xp+8SnEqut1+zjjEeASnjngrPOOfT/ALVuJJdRtVfpBvDbpsuoi6iu97UhexJgWtSWnD7pW8WwRnjIHofQVj6L+lC6ZSrum3Dp5qFLLiwhtQnRw+o47BtQCSc57L7Y98VoXMi2TRsZb6UI+0MvBl0r+9W6tSAtLKFE5KsHcrnAGBjJq1NS9Q31obtkGGhMg4Qvyk7lqJB/eP4SfXGO3ApM4ZiIb0eIH9Irdbkl/S3QlT9piuM7X79NZCZalKAymOjJS1jON53KJyU7eCdGLvqp2ZJfuN3ujj8p93zJD77ynXXVHuVKOVKJPc5z86oL1u1Kw+wb9bJLcaQNwTHyXCD69ueOcVdmoYytU35F7uca0RWokNiKzGtNvbiN7W043KQgbUuKJKlnBJUT2HZmZWNl7dF+lLPVtu+u3fXELRkK1292XCduENx526SUkbYsZsFIcXlTe5IVuSHEnaQazken3gz6eaTeh9TtRSbtqCchvzrdppxm6S4CcAqjqnrT9nbcSvKA60pJ2YSpJWkrVrW3frpaLHK09EvcyBaJryXn4IlupakPp4CloB2rXtVtBI7cVbf6/TLfWxZYy5KkFSFOuqKG0EdxwOTweBSfeMh2vqHpXQHWqB1a6aaHatrFjnidZ7bcJLk9LASCkBxe5BXzlWBgJUfh4Arp/wCFHx46T69yWtIaujQtOasez9jZQ8r7NcQBylor+JLo7+USSRykqwQOfPRTww/7V9Dai1pqLWTFgVZZTTKUXNlyBBSgNoddcelrR28pXw+Xu2kpKgEqBrOz3gi0va7paL70h1Zqi03uG2zeLfc5aY9ws32hpaXGEurG174ikFJQlSVJORnkVmYjyM+Tp9StatP+Nnp/pfQ6nvENNj6J1vaVNxrxY2mXpHmuLWUtSYW1KjIjOgBaVpJCASlZBSazF0u6xdNutGn/ANpummrId7goX5bxZJS6wv8AwOtKAW2eOAoDI5GRWRedKUoFKUoFKUoFKUoFKUoFKUoFKUoFKUoFKUoFKUoNWv0gtyeT0qtGn4ak/abnd96ArslLTK1KcV/lSFZ+ZwO5FcqbhpiOpZaiSnGVtqJZePxLCs91Z/Fuzz75/h0N8fWrm5OubTpmPJQ5+rLYS4hLhJbcfWFKBT2BKG2jnvg+1aL6htqmJBkMHg88H+/epHOV4hYd40/Knsri3rTRnNJIw7BeySR6gKIUPpz9TVsOaJsYdKP1fqUHjKAyVZ4HYhH17n2q/lT3UH4lEbVEgfX1qKbu+WtqXiAokqxxzWt5MrKh9PIqeWtLTXQOd1yk+SjPHdOcnn5H5irg/ZZTKGxdp7LjLYym3wU+WzjvtWo/iB+QTU6qYtw5U4Tg55715ceUc55JPvV3REeucPyUtRUMxY7ScIaSkICE98Y9KlkXhtCwY7Tr20Z+7bKwPlketeXXmckrbQo/NIJqH+sAkgJPB4wOKsRgTV4fRfmnGSlp1CkNtrivnyy2tCTsW2SDtcyc5+Z9MiqbZ9Bt2aCLwGWTNExpENLqC+22pRJW/IXwDgfClIATkjg4NVJiRFlqSiawhe34hkAkHGBj1zg1NIYXEhPwEFUy1Sy2hcdbxSpkIIXv8zOVAFIO3/U1UWjqLUstrUVzsb14lyhAnOocXIc3FSv/ADBjACT3SBxtIxmqC/qaSp/ybNFddb34ekJQFgDuSE5woj5HHH8LsudsN/ZhIcESaIm4Mz3WR56myeEHtlKTnAVnHyqu2G26O07bZ07UDEiQzAjLkIiRsBchQxnco8JHOSeTwcA4puqW0PdNCWWdGn6wtTd6zGfbtjkR0tyQ840vy3HU8oWQvA2qwtIO4DCQFQelOnNNP6st8DqHfU2TT0f7y4yG0F55xCBuLbSEhRLiyNgChgFWTkA1Zn7Uxn1GaHEMsyFq2pZ4Scdkp9TgHv39ajs3K7ywo2yxrUFcpXJOxJ5znH4v7+VPiOmNk8TXRO+3W4Wm7dQNLtaP+xxIlqtkuzzG1pLalF1T63kKQsFQBQkZUAEq/wCMsKauuZ4jOhduns2ljWrE9woAQiztJkoaSc8FSSG0njhKSfoeHF8srfBvTr6EXaemKwpXP2dIAAIP41KPAB9gc8VJ3Sx62E523T3IbscHehTjXmhxB7KJ4xnHI9D3omHWa7PdHetVpCZtgsep40FS44NzYKHoiyAVNKS5scZJGCULIzweeDWKZPSXS/hn6kaY67aDvd30fp2Lc2mtWW+IpTrD9sXwS2y6oKcbC9gWlCnglJLiQgo+LTfw+dZNc9HtVMTpkpVws7e1vyUPqEhyMVErZHPKclSkBZIbXyBhSgdhtU+OG2XrTl809b+k7oYukJ6Iozbmlbb29JT9+3HQwHEgnO1W/t39akxk4dUtPajsWq7JD1Hpq7RrlbLgyl+NLjOBxp1B7EKH8/UHg1Uq4AaU6ka90ZLts3TmubzbXrWv/cnIkx1tLKjyrCQrb8R5UMEK9c11i8EXiqk9f9ESIOvLlZWdY2mUqKtll5DL9xYShKhKEbukElSTsyklORtBxWZjCtnaV8719qBSlKBSlKBSlKBSlKBSlKBSlKBSlKBXh11tlpbzqwhCElSlE4CQO5r3WKvFBrZWg+h+qLuw95cqRF/V8Yg4PmPny8j5hJWfyoObvXHqI71C1tftcFZ8q5XaV9k3IA2xWlBhkZHf4GknPzNYscujUtJZdT2Hqcmo78lMrSLDjQOWJUplY9Rl0qz/AAUKsp+atpwBR5ByaR71lGvMNKVqWkYB7DFURwFKykfXiqu5MS8gJWcZGO/YelU95tO07lI45JJAA+dbRLBZHJPB7/WvvmqUMJVkHkntisp9LvDX1P6rFqda7SLTZl7lKut2C2Y5QgArLaAkuu7QUlWxJCUqC1EIyobf9K/CB0o6eBqbebedW3lCkJMi7MpUwhaslCUREr8vcoEbQpalLwlyM8pQ8umTLTPpn4cOrHVlKZth0+YdoUApV2ua/ssQJUSEkKXgrCiClKkgoKsJKkk1vH0g/R4dCoNmed1rdbprC6KSWJGFuW1uA6RylLKSHUuD0Lqj7hODWYEPrUWfJOT955RBJJOMO7SlGc44WUN5xxJjH/iV8YkuxXW5USQqM9GY3tvNLCC3Hz6EeYgM/L76L7GMe05Zy028QX6PPXOhVyNSdHTK1dYUpU67BVtFziJHO0ITgSU49UAL45Qe9akNz5MdxcV9tSS2vasKGClY4IIPII9Qea6ga68ffS3p9GetrTn7X35negM2N1KY6XUnBTIeUVIZVn0bU+COUk9q0G6+daHuumtF61naN09p9wo2pbtkbDzue65Eg4VIXxwopGOwqxs1nLHEtsFf2y3KCHTkuhecPnbhI7/Dj3Fe7bfDaZzMt9hxpxh0YUUFSCQMk+vw+nNSv2xhAzuB54x61MNyIz6MIT37jHetZEnHtGmJE526WyFASZCi6PJbSnGT6ADgZ+QqtQoEV59QdcQww0hTzzqwdrTaE5Uo8c4APH5VS34MZ4+YuM2pZI+IgZ4ORz3r1GE+3b3orrrqFfB5ZIUo7yQrJJ/DtJ49sipwinp1XBnhbrJTCjj4k7juO30ye2T6gevFUkauiTH/ALBbY7051xxOV+WducjKt3sO/wCXrVRXovS8p1EqLBLTZJUhlLqlMgn/AApJ4Hy7VVGtNh7EWBBAHGEpHbtjt88VdzhkPTPh16g6j0rM6hXjUdvsmmIkF6e7OaaS86602OQ2jdhKvwDK1JCCpIV8S20LwebXcpSx5l5uDhUrDbbZCcnONu1I5Ucjt3z2rIsW/Xqz2ufoy8z5SrNcHUuzobEhSCp1slTZUgEIJSScEgEZqnaO1N+xOqIGsLZBiF+0yPtcVEzcWgsE7CrapJVtIGCFA5A5phWw+iPAVbpOkokjXWs77Cvz+HXWoZQW4qVAFLJS6gK80Z+InjPCQQMmm33wY9UdLum49Ndbwr89EWHIkWWyqFKChjb5byFbUuexyjPvVkSfGb1hfkpZj6sYKwraGYNnjhCckfCQUEBIzwjO3uSnPNW3qLxQ9WpEGRYNT6qv3kz2VtOpchtJ8xtXBCVJRwMZ/ARisY94zTpL9Ib4mOnlkmaOmyoN1mxVmMl2/oEyVDU2rC0+c2tIdzgj41Lx/iNbCeHz9Jm7qK7Mab64aZi29p95EcagtSFiMwtWdv2hlRUUJP8AjSogDkpAyRzK/X2n5RS2HG2HfRKwWsgHjAPHA+VSdrf1Lp28O3qy3AXSJJJLzTStpx6AgHHw8YAPYelJgfo7QtLiQtCgUnkEeteq5T9B/wBIxqzpfFh6f1wiZqyxsthsocKUzIqQBgNvKOF45BSsnOAQU5IG+3QHxVdJvEZGlJ0PcZMa6QEhcm03JtLMtDZOA6lIUpK288bkk4OArGRnOMDMVKUoFKUoFKUoFKUoFKUoFKUoFagfpHdQORNBab0607hM6e9LcT8mmwlP83f5Vt/WiP6SKYF3jSluUFfdW+S8SBx8biR/8KSsctDtOyvMN6sy1gF0JmNkY5KfgWPc8FB/I1a1zWGn15UMJyT9B/2qrp3wNTQnUBZ8x1bCgnHKVpIwc+mQD+VUq8hxi4Imx3VNOMuBxpacbkLScpUM+oIyOPSiMj9MvDv1W6nKYkWfTzlttbu3bc7m2tlhQUVAeWjHmPklDgCW0ncpBQDv2pO3fSnwp9M9ACNdLrHTq6+p8tbciajfGaWRvSWGEBQ9NyFkOOFKA435m16Om2vDd4m4HU2EzorXs+Mxq5pBSy46UhN2ZCUpJG8hPmBKUJWlRSlYSjKkFDTzWfbpd7daIUq6X2exCix0uKlSJjwbaQNwLhcW6Bxu2lfmAfFtU6llzbLXtnOVWbfSAkhQISlnarcEgAElkp2LAAzny9i0gHP2Z0ZVFrzJlsRIr0uc+zGjR0P+e46Uobbb/E8FEo2BPq4ny9vq7FbP3ta3dQ/G704sK34WhIcnVlxQXU/aUkx7eFqA3L85WVvBXIUUJO4pw4qSkhdaodR+tfUfqo+f2y1Ct2ClwOMWqKjyILGPwpS2DlYTzt8wr25ITtBxUWIluB1Q8Z/T3SC37TomMNYXLGxbzLu23NFKT5e54lf2gJVjCW1O7U8tPtY2DU/qV1+6odVFvtaq1VIFukLDxtEFSo8EKSCAooyVOLwSCtxS1K9SeKxst1bhwk9hxUxabDeL7cY9os1ul3CfMWW48WIyp555WM7UoSCpRwCeB2BqyqA7PPCUcJSOABwPlivsKHfdRTo9ntFulTpspe2NFisqefdV7IQkFSj9Aa2g6W+BXUV48u89U70jTtvSht8wIjzTk1bSzhKluqywwlWQUOErbUcoUttVbfaB6T9PelsNdu0Xo+HbnCoRn3/IUuW85wry3FuqDm4kBQZWttwHmO64MJqZ9DLT/of+jz1z1DkMyeomoIuj4bqEyWoZSJNxlMEZ3ttghtKfQkqUUnIUkEYrKXWD9GY7aLObv0P1JLu0iO0C7Z7yttL0ggcll9KUp3E5OxYA9AoVs5v87aMl3zpBIHxLK5CRyePLWt5PunyZqf3kPjkxrx1/0l0xtyZvUzVtujQVJKmnZElBmLSFbSW0JAMsBRAO1CHk/vNE5NOUzLkNqGw3/SF4k6f1TZZ1puUI7JEOawpl5s+m5KucHHB7H0JqVbU26jkApxtIPrxzW1/i+8V/SrrjbntM6a6VNT5MRRagarujhjymG++6O038e0n9x5W33Rk1qU2koyCoYqxM+a7PDifsCw6kgRnFAAf4Vk8JQlI4TgevY1cNnvUyC/8A/TpCo7ryFtpfbQlTjKiCAtG4EAgkHken51S0lLiCN4HGMD29qk0MS7atJty2ggBKUsuZ2pAPJBHOf5VrhJjK1JFm15YZr9tmpjTV7tzclD4U06Fc7zn4gfUjvmp5Gkn55S/eZL0twDcpAJS3nv8AgH19auNV/lKeH260NrT5mMtPZIRzzhQGT8hxUxF1PAUEtyLfIjhRPJSFpSB2JKSeT2AA4xTb1FERaIkIJ2RmmikhQ2oAwQeDU+m7QLWt2NqCAu6xJTSwY6nNqm1kHa4lZBIOfQ9xnGDVxWZyyXqWy3HnRkvqw75ZUA6gfNB5T+fYirb1h071Bpi6EWu7K1DAkEubXk7HW1qzkFQyFd/xYBP86mMbmXjT3U3UulNNStL2Fi2xGp7ilTJC4Tb8l7IwEFbgUEoCewCcevc1SNN2jUGqbh+qtL2KXdpoT5imIcNT5QnvvUlIwkf5lYTUgdN3VctLtwcDTQXlUVpCglQ9lKGFH8sVkOy9R9X6XtbVn07qSZYrfGcW81Ggp8tpDqvxOL3E+aoZJBcCin0IFZyqbuPhp65wtPPalOjG0tMI815tcpKnktjkrDaM7sADhJJwDxnird6bPa86daxsWtEXibBuEWYl63PW14NhawM7cjJIUk8pUMLSSMEE1EkajmzZCX7reb3c3dpDi5lzcdCweScg5GSD2JHPAAr3B1YbU6qTarZGjOZ3BwNBTiVHA+Fasrz+fpWcrDrz4e/GForrBGZsuoko03qhKQFRJLgSxJOOSy4eM/5FfEPTdWwmc1wXg67vtwS7DJcW1JwiSvH4W8/Fz7kfDxzye2M1tj0V8dWvNFSI9tvxF5saCEGHIcJdZR7NOnJTgdgrcn6VEdOKVZ3TLqxonq3YE3/R11RIQMCRGXhL8VZGdriM8fIjKT6E1eNUKUpQKUpQKUpQKUpQK0G/SJu/aNaWaKkcsWQL799z7n+lb81oj+kbtLluvmndXPDEJ23OxHFeiS0tS/8A2r/lRYaDPMNy75GaIymMFTFnvjGUoBx2JUcj/kNU67RyVqCgR9ex/OrhgRVtQlSX28PzwmS5znCSPhR/0pI/Mn3qVkxt4Lf4vaiLHX9piPNyIcl2O+y4h1l5pZStpaSClSSOQQR3FVrU/ULXeuzHVrnV9yvv2Xb9nblO/dM4GBsaSAhOASBxkAkDA4r5Ot/BUE98VRHmlIPbkfzrUCKFlfwgcVPWqy3O+3Ji02a2ybhOkqCWIsZsuOuEkJ4SPmQMnAGRk1R4kpLE9n7cw+5DSsF9thaUPLR6hC1ApQr/ADEEfL1HRvw2ah6I3bTgb6PWmLbJG0C4QljNwC9pB81xSVreGCpO8JXlJ2OMyEDehhM4YU6XeCPUV18q79VbgdPwsLWq2RVhU5aUY8wOubVIjbMlK8JdWyoJLqEtneNs9BdNtC9M4C7ZozTUS2pWGm5D4bzJlKOFI81xS96iogKSguj4vjiPqyWquFhxvYlQUkJCWnErSvASlPDSgQ5wE9kK83COzMkD/d6ourtZ6R6eWv8AXWstRwbJAbU41vlrDeVKIK20NhAUoqyCtCGsqB3ORXOXaYTK5kPLLyFNpX5gecKFIKivziPvNpSkKLhGd5Q2HSOJEV0fGbc1r1I0T0zsIv8ArG+RLbE+zqRFaBR5ktHOWY7Sd4dSVZBQhL0fcfjajHkal9V/HDe7kJFl6T2oWuKtvyFXe4tJdkuJSRt8qOorbDeMgB7ftyFNoYIxWs171FfdT3V+/wCo7zPu90lrK3ps6Qt95aj3O5ROM4HAwOBxxReWzvVLxyamvSHbX0wtAsEMgsLudxbRIlyY4HwoDKitDKefwOLkbCAWy32Gs1/1TedRXV6+ajvM67XJ9KUOzp8lciQ4lIwkKcWSogDgDOB6VTlF51Jxn4ec+lZE6W+G7qZ1fU3K09ZzDtJKwu7TwtEXCOFqbCUlyQEcbwylZQOVYHNFwxq9cB2HHv8ASr46bdEurHVp4HSWl3zADqGpF1mrEWAwV/hK314SM+mM5PAycCt2+k/g26TdPkR7rqGN+1V4aaTLMieB9lZAwQ80yjzEbAofDI/3lkgkOpb9Ngo5bjIaajNCOiNHK2kNI8pLMc91IDfmeWyfdrz4av3kNek3Mw1ctf6LS/fso89d+rkNnVO0LYjx7epduSf8LrisOqyOykpAHfCq1e6s9EOqXRK5t2vqNpl2A28otxZzLgdhy8c5aeTwe/4VbVD1FdWbLerlZChq1uoEbyvOERxBLBa/8xKGystI/wDyxi6x6qbb9Mf9ZPGD4arNpqfpnWpY1bJdUY0zTcBDNwJVtzlboV5CU9sL3hQPoFAgXgzlyp2NLOCB8+OTQQkOFIRgHOM55q4upV70DqHU7s3proGTpSzlWW4ci6qmuc+5KQEjtgAqI7bjwRSYQJ27wAB659f9K1EJMpJ7TrMtCkSGg4hRwoLSDmo8eTqDT6g/bLtMaWU+WEqWH2wj/CEOBSR9QAfnVcYjqfCNqAU4ynHPH+nNT7Gl3pSiSlR4/IdjVwmVsytb6ikFoPW6yhSUFClmCVF303KCllOfoAPlVLF+vaQ02JaU+RkpLcZlJOf8RCPi/POKyIrpy+8Eg4UThIS2gk7vb61TLvoSNbfLNyuUGCVk7RJlNtHjGeFKBwMjnt/Sk0yRMLIXdZzoS29LfWlDnnJSVkAL9xjGO3btXxNwAUF+Q3uCt4Kk7vi9+c81UZ8LS8XeWtUQpKk4AEZLroWD3IKU7cfmM1TXRZUuyG2ZMt5LaMsOJjhtLq8diFK3JHzwfpWJhUc3p8oCVPEBPZI7D6D0qPG1B5KtwcJI9+4qleVFUkYSpOW+fMczhf0A5H5g19ZatjQV9pLj6toACT5YHvyDnn61lWT9GdXtVaZlod0jdJkK9J2qhvxHS2pCgoHKiOA33Ct3BBI5zit8ui/jzWt1mxdXYqHUEhCbzBawU/N1od/+ZHP+U1zYi6nTCaMe2w2IbajlQaQE5PzPc1PQdWPtLDnnoByODRcu71iv9l1Pao9709dI1xgSkhbMiM4FoWPkR6+47j1qoVyK6DeKHVXSS9Jk2iclUB9Y+2W95Z+zyUj3T+6vvhaefqOK6JdGfFV0p6zx0x7VeWrZefOcjqtkxwJWpxBwfKXwl0cj8Jz7gEGplGY6UpVClKUClKUCsFeMzpWrqn0Qu0SNGVIl2fFzbZQQFPNt8vNjPGS3uIHqQBkZzWda+KSFApUMg0HEqXapDodXFebkJQSQps5ITnupPdPp3FUR6KtKviTggfkK268Z/hXtelNSs646ZrFsTcgt9yB5haaQ8FfGGF/uA5B8tR2jJ2lI4rVR1y9xZRgX6zyFPDP/ABG/KeI90qHwOf1P+I1im5TNXbnf0durRX6bUX+2eyfPG3/SiSIW8/hyFe9W5NgqQ6ApAAORxV+pTAfBS3KGM/8ADeHlOJOfUK7/AJGqTdLWptwhSCCn0IxmuSJdXCy3LYFAKwAe/wBaiWqbe9LXVi+6fuMiBOjH7t+OvaoDOSk+hScDKTkHHarjRBQvASB715dtCx+6OflTKYyy5E8cXVhGlhaHLDaV35JI/Xq1K7kEF0Rx/wCL2+MrycfEVp+7rCOo9Rak1ld13/Vd7l3a4qBSHpS8+UkknY0gYSy3kkhtsJQM8CozluKPi2cg81JSmls/EkAgVc5SIwgpi7hz9auPRPTvVnUK9J09o3Tsy7TSpKVpYbJQySCR5q+yMhKikH4lYISFHirk8P2jtCdStXKsmutYGxBogxrejCH7n7pS+o+W2OR8Od6sEbmshwdCdJ6Y0zomxt6a0nZIlttkdCh9mabG1QASVlzeBvOAgqU53wlTnkLCZSy5YV6PeDzRukUs6h6jvw9T3EITIRFBSbWwgkAK+P4JCdwIDj3+7r3FCvs7gFbJIDUZv7E3GQyhpbUcN7FJDa0D7pvYpSFBaRjYhampKBjyXpCcAy4dWHQ7uWXfNC0q3LK/NWnGdxIX5i04G7IdWMA/bk81hvq54otAdKC9YrURqDUcdCo4tkFxKWoySfiQ89tLbSc5JYSkgkELiNK+KmGczLN70lmO0uVIfSy2h4vOOuObUofAyVlX3WHgO6h9mlY/Eh/1146meN7p/pVLtt6fxFauuTbziw+hZYtrMhJA8wupShTpOTh6Ohh3IwsrzmtQ+qvW7qB1akFWsrykwEtpaatELe1b20JOUgNKUorweRvUoJP4AgcVjqRPIH4iRjvmi4ZY6j+Inqx1RQ/E1Pq15m1vuh5VotiRFhlwZw4pKficc55WtRKvXNYyXOabSEDalI7JAwB+VUKTc1JBCeSexqnOS5TzqW0BSlLPw/Orsq5V3dhshSTkj2OaixtSxWvhU6lJGc5z2/L++9W8xYZ8nCpLvkpJIUk/ix8vz96q0Sx2+KEuFsOuhGwuODJx9O1XKYV+NrqOw0Swy9KWGvMQGU/CVeg3Hgdh/P5VHPUfVhWlFujRoSS1hS3R56w4e6gOE4+Rz2GapjbTCSjAAAOO9T0dpjG7gJI3AjGfmMf32q5kxCUl3zWt1KTN1LdHkJQWwht9TSAD3+FvaDnt9OM4qms2EhYWGUFa/wB7GVH5Z71etviRZGxPCVK7gH58H6Zxz6Z+VTUm46LtanWpdzY85p5LK2WUl11Kjg42oBOQO+cY/lVx6mfRZCbUtSTtyrB/lUU2GUEj7oFX8gPrV1Std2SIHWbPpOZMcQAll6W6hhtSu5VtTuWADnGeTgdu1UyVrXV76VN29i3WpGNqFxYgW8j3Idd3cn3CRj0xUxBmVIb0rfZISqNb5Du47QEoJyfbt3qHJ03d4zbrsqN5CGDtcLqko2n55INRJbepLsNtyutylJUCdjspZQe5/Bnb7+lSP7OKZwpUZCD6HYMiszAhvQmmQ4FXOItbeCEtOF3d24SUAgnn396giOrGftBRlOcufDhXtwSfzqZXbXhwe3sahiA+VFJQ4rHrtxis4VN2961wXvMlvyJSQrhtKvKQRjGDglR7+hFXtZuosaKlqNGbEJlnAbbbbBaSB7Afh5rHK4D6SQpB+WU9s1BMd9KgUbwfkKkwOh3h88c9+0omLYdcyHNQ2UYQlfm+ZMioHbYtXLiQP3V8jHCh2rfnRWudK9QrCxqTSN5YuMF8fjbV8TavVC0nlCh6pIzXASBcplvWF+d5O07txVtIx61nnoV4ldf9Mb/HnaRmpSXnG0TQ+oCLIYSsFaVIPK1FO5IKRkbsgjmpvC8u0FKx70Z626O62abF700+WpTOEzbe6oF6Ks+hx+JJwdqxwfkQQMhVUKUpQKUpQYc8VWlF6l6UTpTWwKs5M1wrOPuAkh3B+QIV/wBNcmNeqnswXUOuOKMd1SMZ/CR6g+n5V29vFsh3m2S7TcWQ9EnMORn2zwFtrSUqT+YJFcxeuPgT6yW/VL1j6daeOo7HKIVCuKpTLP2dvPDcneoELSP3gCFDkc5A8vXaeqq5TcpjPq/SfBPXLGl017RaiuKc70zM4+MZ/LzaUPa21JEWELmNy0IOA1KbDo+m7v8Azrc3XPgK6xWG1m/aK1Pbr5EDCH1RWkutv7SkKI8k7gojJ/ASeOBVW6Vfo3bTa50e9dc9RP3JxtaXBZrMFNxcgg4ekHDix7hCUf8ANW+sZbzQACCkDGMemO1du3TXFO8vmOrajSXL8VWaImPPmM/TDjRPsOurQtX2mFCmbSQfJeRnI/y5Sr8sVR3tVXO3ny7ja3I5yAAsLH/uGP51u145ukcW0XWH1OscIsxL2tUa6htv7tqYBlDxxwkODIJ9Vp91VpFdVLaJ2Ppx9a6s6y7brm3XEbPp7XhXp2v0dGu0d2qmKuYnFWJjmPL/AM3e061jbimbbFAAZUpK08D55NTTFz0zePu4txZQ6rgNOKCVZ9h71s5+jSsESRq/XusJzMKQhi3Q7Shp5oOKBddLqlYUCNpDQHvnFb+q0D0q1XDci3/pzpWel4FDiZFmjL3JPfnZn8xXetV99MVS+J6no6dFqarFM5iMb4w4wzNNEZJbyMhQwcYI5BGOxB5BHb0rPHRzxVX/AEQuLpvqcZl5syAEs3dtO+ZDSj8AdA+J9IJ4UkeYnkjkldZu6/eAHVbmp16m8Ny9MxLG5GbD+lrjKfY2PpzuXHfV5iQlYKfgVtCSDg4PGumtuhfVbp3DbuPUfptdNPRi6W/ta1NSIm//APeypSEg+m4pz6VzZefVbxHdnKsdYPFLr3Vrj9n0M7J0vp9SFseY2Ai4y21fiKlgn7MlXq22cqBy4pavirXd4qSClCAkAlWBxye5+Zz/ABrIE21LWkbkZJBGas+8NM20B2USjeopQgDK3FD91KR+I8dqsMKA+hZJQkHmpB9tLa9pdG9WQEAEqJ9sDt9aqEkS5CviCorRJBSMF1XqDnsj6DJ+dQwlmMFJZQlG45UQOSfcnuaZwJVu2qUve992jOUpBBXn69v61NNpiw0qSw2lGe5A5V9TUu7KUBj2/LtVNlz1EEJOD3+VI2FWcuKUg8gVJuXxKMjITj09qpIamy1hDTZJVgjAOB39u1VCPpgLwqe6Rn90Hke3bj+vpVz6Dz+0KjlLZWs+oSkn2/vn5VUGv2kklfktNRwFJKVPE8p78J7j1/pU0yxBhEFlltKgNoXtG4j616Nx+LaOMng/3/SrvKYe2LL5pUmfcX3klYdSjfsSkj0AHp37n1qvW+2QWm0JajpBWeQAE5P94q3DcUo43DGQSD2x7VNtXtKTkOJweCEq7cenPzBH0FXByvCHboq152J2pHoPxHHGefWq1brHEW3nYhZz3PKU8jmrFh6sjxHEPKcbIDg5OQORwPp65zkeo9aqtu19IcEk2e2Pz3WXUsqTkNpTyQolSvQcjOMj2NajDO7IcPSC5gSgMFtJOQMAqPAPt7fnxVQT0qVKV5YaSSr4iAAdoHz/ADH98VbUK+9Sbo1NZi3K12NTzqfs5ZjmU+22DyNyiEbjg5+E4/nU07o266kenL1Dqi93FqSjY+05NU21tHGA2jagJOecj15rW3om6aueidJafCjqLVtqt4SjzC1IltpcSjPfZndg/IVak26dJ4oSI+o3rkHUlTZhQnnRke52pCSfn/L1uuH0o07EVuTCbaeCPLCksgFQGMAqxnP515k9PI0YbmkIU2DkcpKc/L3z7jjtmmJMsYy9Y2NxLaLRo+4OcKDpnSENYODtKQjeTzg4OMZIq35Eq/SQkLVFi7FH4Y7G0qB9FFe7t7jBNZauGkYbYV5EZRcwVBXl42H2x7YB75x71QZdqcfQWXkoS6jGCgDBAPb5Hv8AwrExLWWMjBSnaVAqWnjLitx9+Cc8c1GjvOMlJCyffBNVa52x6Is72ztyQpPzHeqU4wpKieCPfPFcUxhpm7oH131R0t1XB1BZppTIYO1xtZJblMkjc04PUH/sCOQK7AdKup2nOrmi4OtNMvZYlJ2vMKUC5GeA+NpfzBPf1BB9a4NxHihzcFFPOSfY1tz4KPEU90w11Gt16mqTp++uNw7mhSvgacJw1JHttJwr/KT8qzwsburVK+JUFJCkkEHsRX2qhSlKD4eRUF2OlfdOaj0oKJKssd45U0CfpUJ60oPKU4/Kq8Ug+leVNA+lTENd0sW9VunP+0DpzqXRKlISb1bnozSl/hS9jc0o/RxKD+VaBRv0dPWm4OJ/XmodL2ps/i8t16Uoe+AlCQf411KXHSocgVKPW5C8gJHPyrhuaei5PdU9np/XtX02zVYsTERVOd4zvxt/nk1K8Ofhca8O8W9FnU0u9zL99n+1LXHSw035O/aG0gk8+YclSj2Has42xx+K9yDg1ecizJP7v8qp7tl2q3BNckUdsYh59/VV6q5N27OZlS5d8lsSPKbUAkAHt61FavCJrS4VwbakRpCS08y6gLQ4gjBSpJ4UCDyDxUOZal71KCTUguI60rgHvmriXC1466+CONPamar6DOMwpZCnV6ZkqxEePciK4T9wo+jaiWyeAUVoXd9MPWWbLYvEeaLuwsszTNa8uQ04k/E0ts/8IA/ujj15zk9lIMxxKAhWSRxWJPEP4a9M9dIIvEVTdq1XEa8ti4BPwyUDs0+P3gP3VHlOSAcHjUsxT3VYmcOTU2GrceOPxJqjyUKztCcqOayn1K6b6r6d36Rp3U1mejz2FlIbCch75ozgK7g8c4PbGCcTyjJfcUiaksAbVCOlXKCP8Su5PoQMD61YqiY2Suiqie2qMSkiEvLwykvHAPwH4e+MKV6H5c1Hj25pOHJBQSM4SnPAPpu4J/hXtCwlHltkJAGAAMAf6VCXJS2jK8e/eqynUuNMp2MoSlOOyRipZ6eBnHbtVPkXBKUnCvXkeoNU9yY4792ATu4Tj1+nzoJ5+4kK+BQ5xz/3FSTt0UAM/DzxXlNvkvhPmKDaFqV3PPHf/Tn1+ma9tx4cYNuvJUt0BQWhRGEnPB4yDxj096CAidKfVtjtqVk8q/dz279qqkS2zHdyZk0RwQjalBCgtOeRx9f4++BUku7uITtaAb425TxuGMenyqW/WDmQpThz3yPUVRc7DGn4jinFxDIWVh0KfJUEKHYjHcc9+arqNQNBYcaXj4TwMdvzx9eKx+Lk4VbwtWSSScZyfp/fevZuRB+D4Ak5SAT/ABAz/T/StRMQmJZjtOrENhB37QnhXJxjPGc/1471f9k1OxJKHGpQbJyVJwBx8znOMY5+QrWlF9UkBSzhYThRAI+Wcj++arFs1yuKlJW7vCcYIVz9cf1/P8tRUmG2truES4x0oSU4UrJIOdvcY74H149PWqyGorqB5ZwEKI+LAIAPOQfT+dav2zqrGZcS6BjjGArORgHHrn6Z/nirg/20RijzGpbiU/vIJzn5hXI/I/z4rXdEs4lnV+0R5CMANJUk8kDJAycZx8+Qe3I7HmrJ1LplMdLklvZxn4RgAEe317j5Y+gx8euqG1paW+VNqHBQs4x7epH5Z9eKlbr1eE4KQh9KkrxhJ4AH0/Pv/rSZhMSnbrHiSYrjD4QHcZBH9ee3H9PyrHc5KGnlNghSckgVPXDU7s1RcKUoKu3xZz/X51RX3XnySVjnsMVxVbuSBtYSo/wFVuyXT7I+ggnCiE49+e1UaPbJj5K22SR6k+lXx050LP1Pqe26btcJc+6XR9MaLHQN33ijx/qT6AE1xzGzUcuynhm1DctU9BdEX27OqclyLS0la1DClBBKEk/MpSOfWsnVQdB6Xj6J0XY9IRdpas1ujwUqSMBXlthJV+ZBP51XqkJJSlKoUpSgUpSgV5KQfSvVKCEWk+1Q1x0q521M18xmgpj0BC88VT5FoSedtXEUg1DU2CMUMrRXa1N5wMV4DbiOMfSrrcipV+7Um/bkqHCaLy1g8YvT+z37QKNbXNLWLCttqalSMiRFdcSgZI5SptxQUlQ5AUsdjg869fW3TVndcakXZT0Zs4aMpgrUkegDiAdw+uK7F676f2jX2krtoy/oeNuvMZUV/wAlexxIJBCkK9FJUEqB9xzxXN/qj4DOus7WUbRlgjQZ9mccKkakfeSzGaY93mwS4HQP/DQlW4/hOO3Rve2t3oqt8Ty+y6L+qdX0+7p+o7XKczROcTj0ifPE52n5NWpFht8mKqfbpJcjBQSXmlBbSSRwkn0JweCc96t+VYJihmHIacQDghKwDn866+9CPCv0y6G9Nrn09Ef9pP2kLbmoZVyaSU3BxCSEAM8httGTtSCTySVEmrD6ueDjp2bfJ1BovSVveEdCnXbcqOnfsAyotLSASQOdp544PpXYuXa7dPd25+DwdJobGs1HsIuxRmcRNUTifjMcfOMOWCra/DCg+2two4SlDWDz7nsRUut59BUIsJ1hJVuBS0QrI7Z/se9bYXDo507npK4UeVAUexYkEgfkvcKta4dB30qKrPqRpz/CiUzg/wD9IP8A2rqUdU09fMzHxh9BqvAPWtPvRRFcfdn8pxLWtbj6VqThzBOSkDAJB9sVLqccVlKgo5PqDwazxcOkmr7c5h23xZGOfuZbecd87VFJ/lVLOj9RRyXFaengj94RyofxTkV3KdRar/dqj6vnb/Reo6acXrFcfyz/AGYW2ucnB5HrX0tqHKm1c+uKzM/Z7yvaZNtncDA3sqJH8RXq16Xvd9kuRbRYZUt1kjzDsCA17blKwE/xrXtaIjOXXjQaqqqKKbdWZ+7LDIZcxuShQHtiogjSj8KWlkd8c8H6VsXB6J6ykpSuU5b4KfbeXVD54QMfzqdR0JfJKpWqwlRI3eVCHP8AFVderqOmonev+r3bHgzrmojup08xHvmI/CZiWtQt013OyMo47givX6rnpVn7C6MnnAIzWyyugzDnH7Wy+Rk/7kg//KoK/D9KWf8AdtWkgdvMgH/suuOOp6WftfhP9nNX4F69RH8D/dT/AMmuKbRPUv8A+zfJHJBz2/OordlupPMdwbTjng1n2V0J1NGG5m92h/PYPOOMk/xBFfLd4eesl7lMxLBo1+5reWlpBgEOJKicDKjgAfMnA9a7FvWWLm1NUPK1Ph7qujiar1iqIjzxmPrGWEGNN3dQCVeUhJ75VkY/Kp5vTCm8efc0AEfuNkn6ckVvNaf0WnWuW027eNeaPglYSpbaVSZC0ZGSDhtKSQeODj51MdQv0Z2t9FdOrnqmwaq/bC/wA24zY7dbSyqSgrAcCFrcJKkpJUE7fi2kdyK7E1Yh5FFM11RTHM/L+rRxqyW9vbufec453EDJ/IVUWYsRtX3TKlc4SCcJ/M9zWwmk/Av4ndTlLg6TN2VlRALt6ubLOPqhKiv/ANNbs+E3wWs9Gvt+oupzWm79f5CmkwUx4nnNW9CckqQt1IJcUSMqCRgJGCcmuKL3dOKYn8noXum/o9qbly7RmPsxV3VT/piYj13mGjvR3we9d+sTkeTb9OOWWyOHm5XVJjMJT7oSR5jv/Skj5iujPhw8IvT7w9x/1nEUb1qd9ry37vIaCS2k/ibYRz5SD6nJUr1OOKztivtb55edn0KUpVQpSlApSlApSlApSlApSlApSlB8wK8lsH0r3SggOMBXpUhJtiXASCefaqtXwpB4osTMLWdsq07uM8+tU1+C+wdwQQQfyq+C0D6VCcitr4UgH8qmGu/1cxPERpv/AGY9U5tpbacFuurYusAto4bQ4tQU3jP7i0qGR6EVYDN9iuYBmBKvXcCk/wAxXRnrj4YNE9cXIE+83G52q5WtlyPFlQlII8tagopW2sELG4ZHYjJ5rXTUH6PnX1vUp3SWv7PdEJ/C1OjuRVn/AKk70/0r53VdNue0mq3Gz948NePOm16O1Z193tuxGJ7onE42zmNt4xnON2H/AA+Way6/8RFksWoIjFzt9qgTL07GdZS40840EoZDm4YUkLcCsHglKR2rem4wLWtwNt2mChtICQhMVsJ+XAGKx34ZfCxqDpU/ftV61EI6hvHlwmhFf85EeE2d20KwPiW4dx47IQKzi5pRe45ya9TQ2PY2YpmN/N+c+NOsU9V6vXcsXO63TiKZjjbnHzyx9K0ppienbP0vZ5KTwQ9bmVj+aaqUXpj0pksgv9MtKKXt2k/qaMCR9QirpVpd0dga9Cxy2k4RkfOu32xPk+XjU3YjEVz9ZWe50T6KvZ3dK9LoURjc3b0Nq/ijBFa/+IPoHF0LbFa30GJRszGTcojjpdMJPo6hSvjU3k7Sk7ikkEEgnG2CbfNbUN2SKpGudKStVaNvumAEhV0t0iIgrHwha0EJJ+isV1tTpbd+3MTG/k9zw/4i1nSdbbue0maMxFUTMzExPO3ujeJ8pc5P1w2OA5JX6fC1j+uK+Jdcub7bDUJx591QaaStXKlKOEgAe5IH51li1eE/rTOITLsEG3kcKXJuLWM/II3E/wAKy30l8H83Tmq7bqjWOoIUtFsfTKahQ2lkLeSco3rXj4QecAc4HNfPWtBqLlURNMxH0funUPGPQ+n2q66dRTXVETiKZ7sz5R+znn3yy90W8Pegel9qStuyRJ98ktoM6fKYQ45vA5bbyMNtg5wBye5JrMLTaG0BCEhKQOABgD8qlIbJbRjHep4dq+rt26bVMU0RiH82azWX9feq1GpqmqqrmZ/z8H2vnfvX2lbdV8AA7CvtKUClKUClKUClKUClKUClKUClKUClKUClKUClKUClKUCvmM19pQfNor5sFeqUHnYPlXwtJPcV7pQQywg+leTFbI7VGpQSxhNn90V5Vb2iMbRU3Si5lIG2N5/CKitwkN9gKmqUMvIQBXqlKIUpSgUpSgUpSgUpSgUpSgUpSgUpSgUpSgUpSgUpSgUpSgUpSgUpSgUpSgUpSgUpSgUpSgUpSgUpSgUpSgUpSgUpSgUpSgUpSgUpSgUpSgUpSgUpSgUpSgUpSgUpSgUpSgUpSgUpSgUpSgUpSgUpSgUpSgUpSgUpSgUpSgUpSgUpSgUpSgUpSgUpSgUpSgUpSgUpSgUpSgUpSgUpSgUpSgUpSgUpSgUpSgUpSgUpSgUpSgUpSgUpSg//2Q==',9),(201699,'data:image/jpeg;base64,/9j/4AAQSkZJRgABAQAAAQABAAD/2wBDAAMCAgICAgMCAgIDAwMDBAYEBAQEBAgGBgUGCQgKCgkICQkKDA8MCgsOCwkJDRENDg8QEBEQCgwSExIQEw8QEBD/2wBDAQMDAwQDBAgEBAgQCwkLEBAQEBAQEBAQEBAQEBAQEBAQEBAQEBAQEBAQEBAQEBAQEBAQEBAQEBAQEBAQEBAQEBD/wAARCAEsASwDASIAAhEBAxEB/8QAHQABAAAHAQEAAAAAAAAAAAAAAAIDBAYHCAkBBf/EAE4QAAEDAwIDBQUEBQcJBwUAAAEAAgMEBREGIQcSMQgTQVFhCSJxkaEUMoGxI0JScsEVFmKCkqLRGCQzY3OjssLhFyc0NbPw8UNTpNLT/8QAHAEBAAIDAQEBAAAAAAAAAAAAAAECAwQFBgcI/8QAOxEAAgEDAQQGCAQEBwAAAAAAAAECAwQRMQUSIVEGE0FhcYEHFCIykaGxwVLC0eEjQvDxFTNTYnKCsv/aAAwDAQACEQMRAD8A6poiIAiIgCIiAIiIAiIgCIiAIiIAiIgCIiAIiIAiIgCIiAIiIAiIgCIiAIiIAiIgCIiAIiIAiIgCIiAIiIAiIgCIiAIiIAiIgCIiAIiIAiIgCIiAIiIAiIgCIiAIiIAiIgCIiAIiIAiIgCIiAIiIAiIgCIiAIiIAiIgCL52or5RaZsFx1Fcn8tJa6SasnOQMRxsL3bkgDYeJWhMvtTL5FcXSM4I0ctvecxsdqB8dQGnpzH7OWZ88bK8KcqnuohyS1Og6LRi3e1V0O5hN74Mavp3N+99hrKOraD16l7D0I8FNrvaxcHKVrQzhnrsyP6Nljo48H1JmUulNdhG8jeJFzvvPteLQ2N7dN8Dq6Z2cMfX32OIfEtiif+axfqT2rPHq6B0en9KaNsbCfdcaeeslAz5vka3p/RTqpDfR1fXq41T+0S7WNZJk8SaamBxhlPYqNrRn96Nx+qn0XtE+1XBueI9JUtHhPYqMg7DryxtP/wAq/q8iN9HY5FyjsXtQ+0FbnBt0tWjbu3O/e2+ancR8Y5sfRZG077WasY1rNV8FoZSfvSWy9lvyZLF/zKrozRO+josi00sHtTOAlwaG37TGsrPJ+sTRQ1LB+MUpd/dWS9PdvPsp6i5GRcWaG3yv/wDp3SlqKPHxdJGG/wB5VdOS1RO8mbAIra0rxM4d65Y1+jNdafvocMj+TrlDUHHwY4kfJXJnKoSeoiIAiIgCIiAIiIAiIgCIiAIiIAiIgCIiAIiIAiIgCIqO73SisdqrLzcphDSUFPJVVEh6MiY0uc78ACUBpd7SjjHfNOWKz8I7BVPpmaip5q67vYBzzUrHhjIM+DXvDi7zDAOhIXOirMzWuYxwe8vbECB1yN9x81kXjJxcv3HDiNceId6jgjjuAP2WmwMUlFE4thjz1JDDknxc5x6YAx8GnP6Nmwa2UDmIPvHDcA+O2fxC61GHVwSNaT3nklvjzJyMOQXHOD1OQoA+RkL3PDg3r93IOc5/4fovczPqzBHHJmMt73lDTyhwcB5eX1Hosi2LgJxX1Lpij1LYNKuqbdUn9Bzzxxyysbze+GOcCQS3Y+OdsrBebQtNnQVS8qxpxbwnJqKb5ccGSjQq3D3aUXJ9yyYyqKO21T3d7b6Z5e3DcxY3B3Ow9SqN9ptM0feNhLQSRlkhAAyCcZWRang7xXpp5oJuHt7Ap2O7x0dM6QchMgzlmRvyuVu3PTt9tD5Ka+WKutri6SMCrgdCHOdykgc4G4a5uw8DkqtC/srt4oVYTfdJP6Mmpb1qX+ZBrxTRaD7ZTx8r4ppA4O3GQRty7fRSRQGEFrJ3HbxZ6YC+s2Vk1Q+FzBl0nMRkHcuxjr5Pf8x5KjdGxrw2RpxjLsDfoP8A9lsuKMSKQUp5w3vQeRvLnlO+QvDT5BDZBknOcdMKocxrpuUtcABuADsDkH6o2JzagZD8kFoHkSP/AGfxUYJJLqQ+9iX7xB+GcHCj+z93iRszsbHHoRv9VGyklm52RCVxY5xA3zgeH1z+C87pwEhMbw15dgk9MkYTAJzaKOlbSXCmldHKebMrHcj2ODvBwwR4Hqun/s0uLl+1ro3U2idW6wrrxX2GqgqKFtwqu+mZRSM5SGucTI5jZGHqSG84AxnC5iUEL5aSpp+7JwBI0EdMHH5YWzvs/NVUuke0dZ23KqfRw36iqLU0YJEs8waYWOx0BdD188eeVirRTgy0XhnXBF4N916ueZgiIgCIiAIiIAiIgCIiAIiIAiIgCIiAIiIAiIgCwH25Nbt0V2bdUlkro6m+xsstOWnBzO7En+6bIs+LQb2o2tGim0joCnldzNE94qWA7bkQw/lOstGO9NIrN4RpDLe31Gkbfp11pt0YjkL21jIMVJY573Ojc/xbkt/stHgqGJjTNWV3J7kXIGD90EBQ1Q5Y6OBo3bED81dOhtF3PXN+oNGWgAVFylax0hGWwsGTJK70a0EnzwB4ro169K0pSr1pYjFNtvsSWWzBTjKpJQistlw8E+z7qHivDV3sVjLbaoJg2arljLnTu25oYm7ZIYd3HYFzRucgb4NMENKKSOkMLYI2xRsxloaG8reUjyAAVPpvS9p0bpm36T0/B3VFb4Gwxg/eIG7nu83OcS4nxJKrDCHP7yWR7+76cxwM/DovyJ0z6XXHSu935cKMG9yPJPHF828Jvloj6bsjZtPZ1HH8z1f9dhTtpoqWlPu9IO6I6ZGPFaI9obiHJrrXstNBVmS12CM0FK7m2e4HMknxJwM+TQtrOP8AxCGgeHVbXU0wbca8GioxncSPBy/+q3mPyWgxjLoncxLi48ziepPjlfRfQ90fc5VNt1lp7EPH+Z/ZPvaOP0pv8QjaRfF8X9l9/gfOo6T7VcZasNABZ3Y29QQfiMfVU1QyKW8hjWDuuUEgDr5fw+S+s+RtFE6Nhw6U+fQL59NHz1UlQfw28F95fI8SuZSVTGNvNEwRt7t8cneADGTkcp/Ag/NQ3qBlFAbgxo5ouUcv7Rz/ABGfkFOqG890h6e7GM/imoGiS2vb4F+FXmSQQkRVf2hrMxSwNnx1weYc2P6uVDJRSN5oInOcHh74wT1kYTlp+I2+OFUW2MzW+IOzzCB0f0wqiB4e7vOgJbMD5Ejf6qcEnzbVIX1Lm4MvczNa5ztueGQb7ehLd/RXxwO1pV6F1RatRsmJjp5RBXNx74p3O5ZAD1BG0jT4FqtC5N/kquiucDR3Mv3m+A8cfmPkptu/zOvnxvE+TnAP6zXb/UFa11bU7yhO2rLMZJp+DRko1ZUakakNU0/gdzOFGr5NX6YZPVvElZRuFPPIOk2wLZB+80gn1yr0WsHYT1k3UvDkRSSiSoip4Y5TncvhzESfi0Rn8Vs+vL7AqV52EIXTzUg5Qk+bhJxz54ydC/jTjcN0liLw14NJ/cIiLsmmEREAREQBERAEREAREQBERAEREAREQBERAeE4BK5Kdu7Vh1Zx91KI5C6C0SwWeIE7AQRAyf718i6z1M8VLTyVNRIGRQtMj3Ho1oGSfkFxB4jX2bV2rbhqGcl0l6utTXuJ/wBdM54+jlt2ccybMVV8MFvvaHVzecbRMa35BbcdjzRrIbbeOIFVB+lq5f5MonEbiKMB0zh8Xlrf6hWorpGmrc89OYuPr44XR/hZptukuHOnbAGhslPb4pZ/WWQd48/2nn5L576XNrSsNiK0pvEq0sf9Y8X891eDO30btlWuutekVnzen3LofvupExwwgN2G5U31O6xpx64ht4faDrLhTzBlwqh9koRnczPB974MGXH4DzX5s2dYVtp3dOzt1mc2kvP7Lt7j3lSrChB1ZvhFZZq/2luIP89tfSWqimDrZYS6kiwctfNn9K8ee4DR+4fNYleWsbn03Uwc5zI/LiTnc5J+PqqaqceTl9c4X7V2PsujsSwpWND3YJLxfa/N5b8T5Vd3M7yvKvPVv+y8j5tSXPeXZ8dgp8cfdU+dt8D5qB0ZeQwdM7qfMWN5Y2/q7lb5g8D54YXXFz9jygD5KC8M5qRkePvOzsqiBmZHvA81DcWcwY3PQKuMIse25obAGZx0VJTSOjpoonHcjH4A7BV1KA2MY9F8erl5K6OLOMN/iVDB9W6xGqtNRD4xtErR6j/plUtnea20NmaczUp5HeZZ4fLdfTpmCVzI3fdlHIfxGF8bTjzbrnJRT7MkJjdn80a48SEb2+zU1y6HWtz0VNNhtXTOqoWk9SAA8D+zGfmukC48djm/O0j2mNFkyFkNfXm3u8ARPG5gB/rli7DDoMri+q+rV6slpN73nhJ/NZ8zbdXrIRXJY+bf3weoiK5UIiIAiIgCIiAIiIAiIgCIiAIiIAiIgCIiAxx2jdTO0hwL1xfo3cssNlqYonA4xLK3umf3pAuONa0CupWge5Cxzh8ADhdQPaBX91o7P01uZJh16vFFRloO7mNc6d3/AKIXL6rOHzS+McAb/aK6NlHEWzBV1JOlKF1+1haLOwcxrbhTwY8w+VrSPqV1Ak5WukEYAbzYaMfqjoueHZs0tW6o4w2IUowy21TblO478sUBDj+JdytH7y6GuJDQ1xHNkl3x6r4F6Z7yNS+trZP3ISk1y3ml+U9l0WpONGdR9rS+C/clSuDGczug8Fol2iOI54ga9mpKGfvLTZS+kpi05bJJn9LKPiQGj+iwea2T7SvE3+YOhpKG21HJd72HUtJyn3o2Y/SS+nK04H9JzfJaNxtDG9Onmuh6H+jPv7duFzjT/NL8qf8AyMfSe/xFWcHrxl9l9/ge9BkDx3CpKkkj49FUnJHUA4UmQAn3vDzX3p6HjEU7WhuD4hSnkkk+Kjcc4yoCPMbLGSeRt5Rt4qXVDmeFOHUeigc0mTOUaJyGjDQMK3Lw8x3NpBx7uPqrlxgtA81aV8kxc2/E/mqPgSi6qV5EUUjR90g5VDqCn+zXU1DBtIQ8Y9VU293NSNPkMqffYhPSU9RjcDBPwUvQLUujR2oJLDqLTusYSe9s9xpa0kdcwytf9Q1dyKOqgrqSGtppA+GoY2WNw6Oa4ZB+RC4L6ek7ynfTOOQ5p+eF244I3B114OaHuL38zp9O257nZ6u+zsBPzC07riosy0y9kRFpmQIiIAiIgCIiAIiIAiIgCIiAIiIAiIgCIiA0q9pjdXQ6a0NZGy4FRX1tY5v+yhawH/fFaF0lmueoa5tls9FNV1tdPHTwQRN5nvdjoP8A3gDJOAtwPaWXR02v9GWTm2prPUVOP9rUNb+UJXyOyTw7p6GwVPEi4U7X1t0mlpreXD/Q07Xcsjx6vcCM/ss9StDpD0hpdF9jyv5rMtIrnJ6Lw4Zfcn2mayspX9yqK4LVvki7eBnBS3cI7K59SWVN/r2N/lCpYcsY0HIgjPi0Hcn9Z2/QNAydWVkNHTSVdTIyGKJhe57zgNaBkuJ8gMlTXlsYOTgBa79q3iebPp6PQtrqC2svbeaq5TvHRg4I9O8cOX90P81+YbKhtDpvtuNOrJyqVZZlLku3wUVovBH0KpKjsq0cksRiuHe/1bNeuLvEKo4l64rdQF7/ALCw/ZrdGf1KZpPKcebjl5/e9FZZcdgP/lQ5OcoDv1K/YFjZUdnW1O0t1iEEkl3L+uJ8vr1p3FR1ZvLfEP22PzUmUbZG6mE7ZUD+h2C22YkykdjO68HqvTsfReY8yqFhuB1QDZMBMqAeH7zRnxVn3kZrXOdtknl+avFuOcZ8N1ZV8kb33NkcrfePr5KstMlkXDp+UyURa7OWdV9zkFRbHM/YOVa+kJjLTPafE5Kuq3HmEsJ/WGQi4ogpNOPLawRk45iQu0XZarmXHs8cPqmMkgWGmiPxY3kP1aVxapAaa6AdCHg/Vde+wxdxdezVpmHmy63y11EfTlqpCB/ZcFq3K9hPvMsNTPqIi0TKEREAREQBERAEREAREQBERAEREAREQBERAczPaGV7qrtB09M5x5aLT9EzBOw5pJ3n8wstcCLRUae4P6ZpK2QukkovtmCc8nfvdKGD0DXgfNYP7fUhm7Rl4Zn/AEVooI/nC4/8y2R0nVw3PRWnbhTjliqrVRyRsb0AMLNh+S+X+mCtOGyrSivdlNt+Kjw/9M9B0ZjGVxUk9Uvv+xI1hqm16S0/XaivU/d0dBC6aXB3d4BrfNziQ0DzIXPXWmrbprnU9w1Rd3ZqK2UuDActhjGzI2+jW4H4E+Ky52o+LbNV33+Y9gqg+02iYmqkY73amrbkEAjqyPcDzcXHwCwNueuDldn0XdE3sSx/xG6jitWXBPWMNUvF6vyWqNfpFtNXVX1em/Yj83+2nxGfBeglQknI2Xo+K+qnmj0jO4CgeM9VF+K8duDsgKR/XA2UJKikIL9lCsbZYD4J+K8OOhTJGcBTnAJdVJ3MEkgPRpAPx2/irBv03KJHZ+CvS6yclMRndzgP4rH2oJMNO4ySsVR8CyLj0K8ugcc+CvKik5Ktvk44PwKsrQYIgIIyFd2S2Rr8bg5UwfsojtJtVGY7gTj72+fVdOvZsX1tbwbvljLsyWzUEj8eTJoInj6h65oV7BJ3dQNwQCVvT7MDUGLlrvTLnZ76moLgwfuOljd/xMWK5X8Nl4Pib+oiLmmcIiIAiIgCIiAIiIAiIgCIiAIiIAiIgCIiA5a9uzl/yldQFxwBb7cf/wAdq+pr7ipcOGnBDR+jKCpEepLlY4Q9zT79FSlv3/R5aQ1vlhx8Aqjtc6ZqdXdsCTTFMwufdxZ6fb9WMxDvHH0DGvP4LAnFm7TX7iDqS4zSFwZcZqaEHYRwxPMcTAPANYxowuZtTZdtt69tLW5w40c1XHm/dgn3N7zfPdS0ybFvc1LKlUqU+Dl7Kfzfnp8SxXgklx8lB47bKaR7p8lKJC9k1jQ5WckJIK9BGNsLzZRDHgVAC8d0XqhJIByNkBSPPvFeDzUUmA47KHCoWGPFQkjGAvTjK88fioYPjX6Xl7uLf7pecepx/BY/1A9z38gPiryvk4fXSjOzGhm3oP8AqrFukneVWMg4Kw1HwwXRfGiW4pRjYjHirofufVW1o9nLASemyuV2PRXj7pXRn16U9/QhpOSzZbUezduj7fx6uFt5/cuOnKlhHrHNC8f8y1QtEuOeI9HfRbGdg6ubbe0vpyN7+VtdTXCk+OaZzwPnGFWqs02THhJHVtERco2QiIgCIiAIiIAiIgCIiAIiIAiIgCIiAIiIDnp2sdTw6A7RWqtWUpYL47TFto7PkZMU0/eslqAP9XFG4D+k9q1SsGl79rG5VdJaaSWrljglrah7nbRwxtLnyPcenx6lzgOpWxvtDaKUcf6M00QfLV6bpAxo/WeJqhoH5L3SGk7Ho/VdfQWOnLIqrhf9ume53M+aaU8z3uPmdhtsAAPBcna+1KPR+lO5pR3q9WPDOiUMLD4p4W82lzcjZtreV7JQk8Qi/r/b4YNR5DhuenNv+CkEj6qomaGsYCP1R+Spz18dwvbyx2HIAPUKIbf4qAdcYUQ6qhJEoHKInyKgdkDKNAkSAdRt4qDCifjbHVQhUZZHh8chQ5AyTsAojgFU1xm7ihnlzuIzj4nb+Kq2SWdcKnnM0xP3nOdufMqzXvM1wa31yriu0/d07hnr4q27cO9uOc5WtN5aLoyfpmPu6QHGOb6r7p3B64XyLEOWljHXAX1zkhbEdCj1Km2ff38FmXsv3YWbtC6BrC/lH8uU8Dj6TB0R/wDUWGbaQJ+vzV46FupsGu9P3ppA+wXWiqs+jJ2OP0CSWYtBPjk7ejYAL1eNII2IO5Xq45tBERAEREAREQBERAEREAREQBERAEREAREQHPXt4U4q+0npGCMDm/m/E93pyTVTs/JpVE54pdXSyuz7vCFjj+DQp3bbnf8A5SnfsGZKDQ800fo4U9cR+eVIurHP1vLQua1jn8I3MnPhBhu2fivCdNHm4pQenVz+qz8js7KX8OT/ANy+hptU57tmxzgY2VPjbGdlV1uGuY0DHuA/RUjsjcAr608J5PM9hDjfqoh4oAD8UHToVAGQNiVA44PjjxQnHqpZcUBC87qAOPX6r1x6qAHJVGWRG8Z3XxtRTd3bC3/7j2t/j/BfZz7pA6FWvrCpEQggyMjmkI+g/iqTeESiyb9VYaGByodPs56vmPmqW9VXNMW5X0tLR5lacDJK1U96RfsMnWlvLCzbwX1D93ovn0LOWJjT81X7YwtpLgUJlE4icHbqvsSPMTmytJy1pII8CBkL4dO7EgIzhfbOJYmkdcAf4qUGdxdJVzbppi03RuP89oaepJHiXxtdn6r66sLgJdBeeCWg7kDkzact5cfNwp2NP1BV+rjtYeDZQREUEhERAEREAREQBERAEREAREQBERAEREBzp7ZYMvaaucfloWYD8aSr/wAVHrI9xxE1vABh8PC8MZ6AOcCqvtd0zZO1Q6INOanRbmH1zDVt2+i+BxUuclJxU4oS0+4t/DkQu22Be9uPo9eB6VRdba1GjH/Sb+NWmjtbN9m2lJ/i/KzUdzJ6+tbBTQSzSzSNiiijaXue4nDWtaN3EnYAbklXHe+F2vLF3P2rTlVVNmwOe3tNYyOX9aF7ouYNladnMO4PTI3X0uD8n2S+XaojIZVw2h7qWYNzJE8zwsLoyASHFry3LRnDnAEZyMsw6Z1FQVkkEFor4aqGZlAYoHSNeXtjnmjp/wBHy82Yu7w0fqBmMBe8vtq1Le5dOMoxUeyWsuCfNYSyuevZwOPRtoTp70k23y7PrnPkYH1JoPV2kqSkrtQ2WaihrSWML3NJjkAyYpWtJMUvKQ7u34dykHGF8HcjqtlKe1ww0lTa7pSiW1TR1FJVRTNBZP8AZ2OLm7u2la4STc4HOwuHRjiBrUwl0bXHIJaCfktvZl9UuXOlVabjh5jwTTzww28NYeeL7HnjhYrmhGkoyho+x92P1IHbDopJz0+SnP69eilOIxg7rqM1SRITnqoGkn4JKcFRR4cFjbLkeNt1jrV9eJLpU4dkRYiH4D/ElZEe9sbHSOGA1pcd/ALDN0qX1dRI8HJlJeT8TlYarwsExR8CpeZagk+J2V36Rh5pY9uis2TAqeQHOCshaMgAYZT1ACwUuMi8tC+abZoAwqvwPj6qkpcluXKqz7vT/qtxaGNnsBIf9F9aN7onAeBxnK+NFs9fa5Q6Fh9FKDOvHY1uIufZn0HPzcxit8lKfTup5I8fJoWaVrN7PK6uuPZwoqVzs/ybeLhSfAGUSj6SrZlcmosTaNmOiCIioSEREAREQBERAEREAREQBERAEREAREQGhvatpHP7Xdgjbv8AatKtYB571Y/grIvDIb1xo44WepjJbUaSEYcB91scMZHzLgfwWQu1pWUFp7XWha+6VcFJSmwMZJNM8MY3MlW0ZcdhuQN/NY9tFyt1Zxu40XWOvpZYHaddHDIydjmSDuWfccDh33fDK+fdK4VFtCdZJ4VusPv9Yp9vPgjtbNceojFvWo/huM1v4a3Jlv1vQPmmEMddzUDpCMtYZm4Y4jyEoiP4LP1r19PZ6vu36btkEVPcXXOSGJr2clSByOk5jI4n9H3g5d2nmbt77c6rvHMwADOBv6bLNmktUwa5oo3y11PDqGnZ/nsdTUx07asNbtVMe8cvMeVneBxAaWB4BaSG+z6RbMtq9RV7mOYNYfFrHJvD0aeMvTC5nNsK81B06b9rVd/9i4eIWrGTaLut2/k+CglD61ru6qJJBNX3Du43uHNkN5YmTA4O5jLhgEBa37HyA8FffFHWFLe6im09Y6r7RarY57zUgENrKl335Wh24jA91gO5Be8gGQgWIPLxXQ2BYxs7duKa3nlJ5yo9mc8ePGWHpvY7DXva3WTUc5x9e39PIlP8j4dQpTj1x0U+QAD8lTkgePgu2zSKeUZfgeKRHD+Xp4JISJGuCj7oOeCOqxsyI+dqmoZQ6fuNS4ENFO5vr73u/wAVh9jyylc5+7mAtcfUbH8lk/iRL3WkKvlBLpXRxAD97J+jSsQTzS/Y2R75ly5x/ALVrS9rBaK4EigaaisLz0ysmaaZ+jaGjofmrBs8A59mHr5LJGmo2tpTJjHv4A8eirRWCZPiXPCAAAB8cqfnbp9VIi6bE7qdk9AMrbMb1PGYDt+i+vSS5ha13VfIDXF2ME59FXwuHJjOMN8+hQHSb2Zl0EvDDVtkDv8AwWoBOG+Qmpov4xlbjrQf2Xl4zPxCsznZL47ZVgfAzsOP7q34XMrrFRmxD3QiIsRYIiIAiIgCIiAIiIAiIgCIiAIiIAiIgOdPtJWn/tc027lOHaZxn1FVL/itNoYxG1nMGADcAeHwXWztHdlPTPaCloLzPf6yyX22U7qSCrjjE8MkJcX8kkRIzhxJDmuadznOy1OvPs2uMtF/5LqzSdzjadu8lqKV5HqDG4D+0ulb16agoyeMGvOEt7KNRC0tD+YjLh8lJZG3m5pAx2CDg+C2bqPZ9do9h/RWzTcoH7N6Az82BUEnYH7TjT7uk7TJj9i+wfxIWx11P8SMe5Lka6OBkPMXAknpzBOQ+Bb8wtgJ+wt2ooRg8O4pR/q7zRH85Avm1PYv7TkWzuE1c7/Z11G78plPXU/xL4jdfIwbKDjHMOn7QVK5u5Icw4P7SzhN2O+0tEBzcHryebYck9K78pdlC3sY9p0Y/wC566/jV0f/APZVdWHNEqL5GBpfvHD2bH9oKrYT33MBkEbfJZtg7DvalrpeVnCeqiDndZrlRMHzMyy7wp9mvxLvFfTVPFa927TlsiIE1PQVArK2Vv7LXAd1HkbcxL8fslYnWguLZdRemDD/AAZ7Cutu1Xpx+oaTWlDpWxW2ukpHT1FDJVS1Uwjbzd2wOY3laH4JLvvEjGxWTKn2KsYpQ2k7Rb3TNGwl0sOTP4VOV0g0TovTfDzS1u0ZpG2R0FptcIgpoGEnAySSSd3OcSXOcdySSeq+4ufOo5ybM0Y4WDkTffZCceLDI6fS+udF3+IdGySVFBKf6rmSN/vL449np2rrHT8p4c0taGEnmo73SSZ+Ac9p+i7HLzAPUKY1pRDgmcZJ+x92nqJ3JLwX1A7HUxGCQf3ZSpH+Sr2kh7p4K6s9cUox/wAS7Rcrf2R8k5W/sj5LJ61LkV6tHGqk7Hnacr3hkPBm+syes76eIfN8oV+aX9nn2lLxMxl0stisETyMyV92Y8tH7sAkJ+YXVnlb+yPkvUd1MdWjXzsrdk6i7OcFyulbqmW9368wRU9S+OLuaWGJji4MjYSXOPM4kvcc9AAN87Boi15ScnmRdLAREUEhERAEREAREQBERAEREAREQBERAEREAREQBERAeYCYHkF6iA85W+QTlHkF6iA8wPIL1EQBERAEREAREQBERAEREAREQBERAEREAREQBERAEREAREQBERAEREAREQBERAEREAREQBERAEREAREQBERAEREAREQBERAEREAREQBERAEREAREQBERAEREAREQBERAEREAREQBERAEREAREQBERAEREAREQBERAEREAREQBERAEREAREQBERAEREAREQBERAEREAREQBERAEREAREQBERAEREAREQBERAEREAREQBERAEREAREQH//2Q==',10),(201700,'data:image/jpeg;base64,/9j/4AAQSkZJRgABAQAAAQABAAD/2wBDAAMCAgICAgMCAgIDAwMDBAYEBAQEBAgGBgUGCQgKCgkICQkKDA8MCgsOCwkJDRENDg8QEBEQCgwSExIQEw8QEBD/2wBDAQMDAwQDBAgEBAgQCwkLEBAQEBAQEBAQEBAQEBAQEBAQEBAQEBAQEBAQEBAQEBAQEBAQEBAQEBAQEBAQEBAQEBD/wAARCAEsASwDASIAAhEBAxEB/8QAHQABAAAHAQEAAAAAAAAAAAAAAAIDBAYHCAkBBf/EAE4QAAEDAwIDBQUEBQcJBwUAAAEAAgMEBREGIQcSMQgTQVFhCSJxkaEUMoGxI0JScsEVFmKCkqLRGCQzY3OjssLhFyc0NbPw8UNTpNLT/8QAHAEBAAIDAQEBAAAAAAAAAAAAAAECAwQFBgcI/8QAOxEAAgEDAQQGCAQEBwAAAAAAAAECAwQRMQUSIVEGE0FhcYEHFCIykaGxwVLC0eEjQvDxFTNTYnKCsv/aAAwDAQACEQMRAD8A6poiIAiIgCIiAIiIAiIgCIiAIiIAiIgCIiAIiIAiIgCIiAIiIAiIgCIiAIiIAiIgCIiAIiIAiIgCIiAIiIAiIgCIiAIiIAiIgCIiAIiIAiIgCIiAIiIAiIgCIiAIiIAiIgCIiAIiIAiIgCIiAIiIAiIgCIiAIiIAiIgCL52or5RaZsFx1Fcn8tJa6SasnOQMRxsL3bkgDYeJWhMvtTL5FcXSM4I0ctvecxsdqB8dQGnpzH7OWZ88bK8KcqnuohyS1Og6LRi3e1V0O5hN74Mavp3N+99hrKOraD16l7D0I8FNrvaxcHKVrQzhnrsyP6Nljo48H1JmUulNdhG8jeJFzvvPteLQ2N7dN8Dq6Z2cMfX32OIfEtiif+axfqT2rPHq6B0en9KaNsbCfdcaeeslAz5vka3p/RTqpDfR1fXq41T+0S7WNZJk8SaamBxhlPYqNrRn96Nx+qn0XtE+1XBueI9JUtHhPYqMg7DryxtP/wAq/q8iN9HY5FyjsXtQ+0FbnBt0tWjbu3O/e2+ancR8Y5sfRZG077WasY1rNV8FoZSfvSWy9lvyZLF/zKrozRO+josi00sHtTOAlwaG37TGsrPJ+sTRQ1LB+MUpd/dWS9PdvPsp6i5GRcWaG3yv/wDp3SlqKPHxdJGG/wB5VdOS1RO8mbAIra0rxM4d65Y1+jNdafvocMj+TrlDUHHwY4kfJXJnKoSeoiIAiIgCIiAIiIAiIgCIiAIiIAiIgCIiAIiIAiIgCIqO73SisdqrLzcphDSUFPJVVEh6MiY0uc78ACUBpd7SjjHfNOWKz8I7BVPpmaip5q67vYBzzUrHhjIM+DXvDi7zDAOhIXOirMzWuYxwe8vbECB1yN9x81kXjJxcv3HDiNceId6jgjjuAP2WmwMUlFE4thjz1JDDknxc5x6YAx8GnP6Nmwa2UDmIPvHDcA+O2fxC61GHVwSNaT3nklvjzJyMOQXHOD1OQoA+RkL3PDg3r93IOc5/4fovczPqzBHHJmMt73lDTyhwcB5eX1Hosi2LgJxX1Lpij1LYNKuqbdUn9Bzzxxyysbze+GOcCQS3Y+OdsrBebQtNnQVS8qxpxbwnJqKb5ccGSjQq3D3aUXJ9yyYyqKO21T3d7b6Z5e3DcxY3B3Ow9SqN9ptM0feNhLQSRlkhAAyCcZWRang7xXpp5oJuHt7Ap2O7x0dM6QchMgzlmRvyuVu3PTt9tD5Ka+WKutri6SMCrgdCHOdykgc4G4a5uw8DkqtC/srt4oVYTfdJP6Mmpb1qX+ZBrxTRaD7ZTx8r4ppA4O3GQRty7fRSRQGEFrJ3HbxZ6YC+s2Vk1Q+FzBl0nMRkHcuxjr5Pf8x5KjdGxrw2RpxjLsDfoP8A9lsuKMSKQUp5w3vQeRvLnlO+QvDT5BDZBknOcdMKocxrpuUtcABuADsDkH6o2JzagZD8kFoHkSP/AGfxUYJJLqQ+9iX7xB+GcHCj+z93iRszsbHHoRv9VGyklm52RCVxY5xA3zgeH1z+C87pwEhMbw15dgk9MkYTAJzaKOlbSXCmldHKebMrHcj2ODvBwwR4Hqun/s0uLl+1ro3U2idW6wrrxX2GqgqKFtwqu+mZRSM5SGucTI5jZGHqSG84AxnC5iUEL5aSpp+7JwBI0EdMHH5YWzvs/NVUuke0dZ23KqfRw36iqLU0YJEs8waYWOx0BdD188eeVirRTgy0XhnXBF4N916ueZgiIgCIiAIiIAiIgCIiAIiIAiIgCIiAIiIAiIgCwH25Nbt0V2bdUlkro6m+xsstOWnBzO7En+6bIs+LQb2o2tGim0joCnldzNE94qWA7bkQw/lOstGO9NIrN4RpDLe31Gkbfp11pt0YjkL21jIMVJY573Ojc/xbkt/stHgqGJjTNWV3J7kXIGD90EBQ1Q5Y6OBo3bED81dOhtF3PXN+oNGWgAVFylax0hGWwsGTJK70a0EnzwB4ro169K0pSr1pYjFNtvsSWWzBTjKpJQistlw8E+z7qHivDV3sVjLbaoJg2arljLnTu25oYm7ZIYd3HYFzRucgb4NMENKKSOkMLYI2xRsxloaG8reUjyAAVPpvS9p0bpm36T0/B3VFb4Gwxg/eIG7nu83OcS4nxJKrDCHP7yWR7+76cxwM/DovyJ0z6XXHSu935cKMG9yPJPHF828Jvloj6bsjZtPZ1HH8z1f9dhTtpoqWlPu9IO6I6ZGPFaI9obiHJrrXstNBVmS12CM0FK7m2e4HMknxJwM+TQtrOP8AxCGgeHVbXU0wbca8GioxncSPBy/+q3mPyWgxjLoncxLi48ziepPjlfRfQ90fc5VNt1lp7EPH+Z/ZPvaOP0pv8QjaRfF8X9l9/gfOo6T7VcZasNABZ3Y29QQfiMfVU1QyKW8hjWDuuUEgDr5fw+S+s+RtFE6Nhw6U+fQL59NHz1UlQfw28F95fI8SuZSVTGNvNEwRt7t8cneADGTkcp/Ag/NQ3qBlFAbgxo5ouUcv7Rz/ABGfkFOqG890h6e7GM/imoGiS2vb4F+FXmSQQkRVf2hrMxSwNnx1weYc2P6uVDJRSN5oInOcHh74wT1kYTlp+I2+OFUW2MzW+IOzzCB0f0wqiB4e7vOgJbMD5Ejf6qcEnzbVIX1Lm4MvczNa5ztueGQb7ehLd/RXxwO1pV6F1RatRsmJjp5RBXNx74p3O5ZAD1BG0jT4FqtC5N/kquiucDR3Mv3m+A8cfmPkptu/zOvnxvE+TnAP6zXb/UFa11bU7yhO2rLMZJp+DRko1ZUakakNU0/gdzOFGr5NX6YZPVvElZRuFPPIOk2wLZB+80gn1yr0WsHYT1k3UvDkRSSiSoip4Y5TncvhzESfi0Rn8Vs+vL7AqV52EIXTzUg5Qk+bhJxz54ydC/jTjcN0liLw14NJ/cIiLsmmEREAREQBERAEREAREQBERAEREAREQBERAeE4BK5Kdu7Vh1Zx91KI5C6C0SwWeIE7AQRAyf718i6z1M8VLTyVNRIGRQtMj3Ho1oGSfkFxB4jX2bV2rbhqGcl0l6utTXuJ/wBdM54+jlt2ccybMVV8MFvvaHVzecbRMa35BbcdjzRrIbbeOIFVB+lq5f5MonEbiKMB0zh8Xlrf6hWorpGmrc89OYuPr44XR/hZptukuHOnbAGhslPb4pZ/WWQd48/2nn5L576XNrSsNiK0pvEq0sf9Y8X891eDO30btlWuutekVnzen3LofvupExwwgN2G5U31O6xpx64ht4faDrLhTzBlwqh9koRnczPB974MGXH4DzX5s2dYVtp3dOzt1mc2kvP7Lt7j3lSrChB1ZvhFZZq/2luIP89tfSWqimDrZYS6kiwctfNn9K8ee4DR+4fNYleWsbn03Uwc5zI/LiTnc5J+PqqaqceTl9c4X7V2PsujsSwpWND3YJLxfa/N5b8T5Vd3M7yvKvPVv+y8j5tSXPeXZ8dgp8cfdU+dt8D5qB0ZeQwdM7qfMWN5Y2/q7lb5g8D54YXXFz9jygD5KC8M5qRkePvOzsqiBmZHvA81DcWcwY3PQKuMIse25obAGZx0VJTSOjpoonHcjH4A7BV1KA2MY9F8erl5K6OLOMN/iVDB9W6xGqtNRD4xtErR6j/plUtnea20NmaczUp5HeZZ4fLdfTpmCVzI3fdlHIfxGF8bTjzbrnJRT7MkJjdn80a48SEb2+zU1y6HWtz0VNNhtXTOqoWk9SAA8D+zGfmukC48djm/O0j2mNFkyFkNfXm3u8ARPG5gB/rli7DDoMri+q+rV6slpN73nhJ/NZ8zbdXrIRXJY+bf3weoiK5UIiIAiIgCIiAIiIAiIgCIiAIiIAiIgCIiAxx2jdTO0hwL1xfo3cssNlqYonA4xLK3umf3pAuONa0CupWge5Cxzh8ADhdQPaBX91o7P01uZJh16vFFRloO7mNc6d3/AKIXL6rOHzS+McAb/aK6NlHEWzBV1JOlKF1+1haLOwcxrbhTwY8w+VrSPqV1Ak5WukEYAbzYaMfqjoueHZs0tW6o4w2IUowy21TblO478sUBDj+JdytH7y6GuJDQ1xHNkl3x6r4F6Z7yNS+trZP3ISk1y3ml+U9l0WpONGdR9rS+C/clSuDGczug8Fol2iOI54ga9mpKGfvLTZS+kpi05bJJn9LKPiQGj+iwea2T7SvE3+YOhpKG21HJd72HUtJyn3o2Y/SS+nK04H9JzfJaNxtDG9Onmuh6H+jPv7duFzjT/NL8qf8AyMfSe/xFWcHrxl9l9/ge9BkDx3CpKkkj49FUnJHUA4UmQAn3vDzX3p6HjEU7WhuD4hSnkkk+Kjcc4yoCPMbLGSeRt5Rt4qXVDmeFOHUeigc0mTOUaJyGjDQMK3Lw8x3NpBx7uPqrlxgtA81aV8kxc2/E/mqPgSi6qV5EUUjR90g5VDqCn+zXU1DBtIQ8Y9VU293NSNPkMqffYhPSU9RjcDBPwUvQLUujR2oJLDqLTusYSe9s9xpa0kdcwytf9Q1dyKOqgrqSGtppA+GoY2WNw6Oa4ZB+RC4L6ek7ynfTOOQ5p+eF244I3B114OaHuL38zp9O257nZ6u+zsBPzC07riosy0y9kRFpmQIiIAiIgCIiAIiIAiIgCIiAIiIAiIgCIiA0q9pjdXQ6a0NZGy4FRX1tY5v+yhawH/fFaF0lmueoa5tls9FNV1tdPHTwQRN5nvdjoP8A3gDJOAtwPaWXR02v9GWTm2prPUVOP9rUNb+UJXyOyTw7p6GwVPEi4U7X1t0mlpreXD/Q07Xcsjx6vcCM/ss9StDpD0hpdF9jyv5rMtIrnJ6Lw4Zfcn2mayspX9yqK4LVvki7eBnBS3cI7K59SWVN/r2N/lCpYcsY0HIgjPi0Hcn9Z2/QNAydWVkNHTSVdTIyGKJhe57zgNaBkuJ8gMlTXlsYOTgBa79q3iebPp6PQtrqC2svbeaq5TvHRg4I9O8cOX90P81+YbKhtDpvtuNOrJyqVZZlLku3wUVovBH0KpKjsq0cksRiuHe/1bNeuLvEKo4l64rdQF7/ALCw/ZrdGf1KZpPKcebjl5/e9FZZcdgP/lQ5OcoDv1K/YFjZUdnW1O0t1iEEkl3L+uJ8vr1p3FR1ZvLfEP22PzUmUbZG6mE7ZUD+h2C22YkykdjO68HqvTsfReY8yqFhuB1QDZMBMqAeH7zRnxVn3kZrXOdtknl+avFuOcZ8N1ZV8kb33NkcrfePr5KstMlkXDp+UyURa7OWdV9zkFRbHM/YOVa+kJjLTPafE5Kuq3HmEsJ/WGQi4ogpNOPLawRk45iQu0XZarmXHs8cPqmMkgWGmiPxY3kP1aVxapAaa6AdCHg/Vde+wxdxdezVpmHmy63y11EfTlqpCB/ZcFq3K9hPvMsNTPqIi0TKEREAREQBERAEREAREQBERAEREAREQBERAczPaGV7qrtB09M5x5aLT9EzBOw5pJ3n8wstcCLRUae4P6ZpK2QukkovtmCc8nfvdKGD0DXgfNYP7fUhm7Rl4Zn/AEVooI/nC4/8y2R0nVw3PRWnbhTjliqrVRyRsb0AMLNh+S+X+mCtOGyrSivdlNt+Kjw/9M9B0ZjGVxUk9Uvv+xI1hqm16S0/XaivU/d0dBC6aXB3d4BrfNziQ0DzIXPXWmrbprnU9w1Rd3ZqK2UuDActhjGzI2+jW4H4E+Ky52o+LbNV33+Y9gqg+02iYmqkY73amrbkEAjqyPcDzcXHwCwNueuDldn0XdE3sSx/xG6jitWXBPWMNUvF6vyWqNfpFtNXVX1em/Yj83+2nxGfBeglQknI2Xo+K+qnmj0jO4CgeM9VF+K8duDsgKR/XA2UJKikIL9lCsbZYD4J+K8OOhTJGcBTnAJdVJ3MEkgPRpAPx2/irBv03KJHZ+CvS6yclMRndzgP4rH2oJMNO4ySsVR8CyLj0K8ugcc+CvKik5Ktvk44PwKsrQYIgIIyFd2S2Rr8bg5UwfsojtJtVGY7gTj72+fVdOvZsX1tbwbvljLsyWzUEj8eTJoInj6h65oV7BJ3dQNwQCVvT7MDUGLlrvTLnZ76moLgwfuOljd/xMWK5X8Nl4Pib+oiLmmcIiIAiIgCIiAIiIAiIgCIiAIiIAiIgCIiA5a9uzl/yldQFxwBb7cf/wAdq+pr7ipcOGnBDR+jKCpEepLlY4Q9zT79FSlv3/R5aQ1vlhx8Aqjtc6ZqdXdsCTTFMwufdxZ6fb9WMxDvHH0DGvP4LAnFm7TX7iDqS4zSFwZcZqaEHYRwxPMcTAPANYxowuZtTZdtt69tLW5w40c1XHm/dgn3N7zfPdS0ybFvc1LKlUqU+Dl7Kfzfnp8SxXgklx8lB47bKaR7p8lKJC9k1jQ5WckJIK9BGNsLzZRDHgVAC8d0XqhJIByNkBSPPvFeDzUUmA47KHCoWGPFQkjGAvTjK88fioYPjX6Xl7uLf7pecepx/BY/1A9z38gPiryvk4fXSjOzGhm3oP8AqrFukneVWMg4Kw1HwwXRfGiW4pRjYjHirofufVW1o9nLASemyuV2PRXj7pXRn16U9/QhpOSzZbUezduj7fx6uFt5/cuOnKlhHrHNC8f8y1QtEuOeI9HfRbGdg6ubbe0vpyN7+VtdTXCk+OaZzwPnGFWqs02THhJHVtERco2QiIgCIiAIiIAiIgCIiAIiIAiIgCIiAIiIDnp2sdTw6A7RWqtWUpYL47TFto7PkZMU0/eslqAP9XFG4D+k9q1SsGl79rG5VdJaaSWrljglrah7nbRwxtLnyPcenx6lzgOpWxvtDaKUcf6M00QfLV6bpAxo/WeJqhoH5L3SGk7Ho/VdfQWOnLIqrhf9ume53M+aaU8z3uPmdhtsAAPBcna+1KPR+lO5pR3q9WPDOiUMLD4p4W82lzcjZtreV7JQk8Qi/r/b4YNR5DhuenNv+CkEj6qomaGsYCP1R+Spz18dwvbyx2HIAPUKIbf4qAdcYUQ6qhJEoHKInyKgdkDKNAkSAdRt4qDCifjbHVQhUZZHh8chQ5AyTsAojgFU1xm7ihnlzuIzj4nb+Kq2SWdcKnnM0xP3nOdufMqzXvM1wa31yriu0/d07hnr4q27cO9uOc5WtN5aLoyfpmPu6QHGOb6r7p3B64XyLEOWljHXAX1zkhbEdCj1Km2ff38FmXsv3YWbtC6BrC/lH8uU8Dj6TB0R/wDUWGbaQJ+vzV46FupsGu9P3ppA+wXWiqs+jJ2OP0CSWYtBPjk7ejYAL1eNII2IO5Xq45tBERAEREAREQBERAEREAREQBERAEREAREQHPXt4U4q+0npGCMDm/m/E93pyTVTs/JpVE54pdXSyuz7vCFjj+DQp3bbnf8A5SnfsGZKDQ800fo4U9cR+eVIurHP1vLQua1jn8I3MnPhBhu2fivCdNHm4pQenVz+qz8js7KX8OT/ANy+hptU57tmxzgY2VPjbGdlV1uGuY0DHuA/RUjsjcAr608J5PM9hDjfqoh4oAD8UHToVAGQNiVA44PjjxQnHqpZcUBC87qAOPX6r1x6qAHJVGWRG8Z3XxtRTd3bC3/7j2t/j/BfZz7pA6FWvrCpEQggyMjmkI+g/iqTeESiyb9VYaGByodPs56vmPmqW9VXNMW5X0tLR5lacDJK1U96RfsMnWlvLCzbwX1D93ovn0LOWJjT81X7YwtpLgUJlE4icHbqvsSPMTmytJy1pII8CBkL4dO7EgIzhfbOJYmkdcAf4qUGdxdJVzbppi03RuP89oaepJHiXxtdn6r66sLgJdBeeCWg7kDkzact5cfNwp2NP1BV+rjtYeDZQREUEhERAEREAREQBERAEREAREQBERAEREBzp7ZYMvaaucfloWYD8aSr/wAVHrI9xxE1vABh8PC8MZ6AOcCqvtd0zZO1Q6INOanRbmH1zDVt2+i+BxUuclJxU4oS0+4t/DkQu22Be9uPo9eB6VRdba1GjH/Sb+NWmjtbN9m2lJ/i/KzUdzJ6+tbBTQSzSzSNiiijaXue4nDWtaN3EnYAbklXHe+F2vLF3P2rTlVVNmwOe3tNYyOX9aF7ouYNladnMO4PTI3X0uD8n2S+XaojIZVw2h7qWYNzJE8zwsLoyASHFry3LRnDnAEZyMsw6Z1FQVkkEFor4aqGZlAYoHSNeXtjnmjp/wBHy82Yu7w0fqBmMBe8vtq1Le5dOMoxUeyWsuCfNYSyuevZwOPRtoTp70k23y7PrnPkYH1JoPV2kqSkrtQ2WaihrSWML3NJjkAyYpWtJMUvKQ7u34dykHGF8HcjqtlKe1ww0lTa7pSiW1TR1FJVRTNBZP8AZ2OLm7u2la4STc4HOwuHRjiBrUwl0bXHIJaCfktvZl9UuXOlVabjh5jwTTzww28NYeeL7HnjhYrmhGkoyho+x92P1IHbDopJz0+SnP69eilOIxg7rqM1SRITnqoGkn4JKcFRR4cFjbLkeNt1jrV9eJLpU4dkRYiH4D/ElZEe9sbHSOGA1pcd/ALDN0qX1dRI8HJlJeT8TlYarwsExR8CpeZagk+J2V36Rh5pY9uis2TAqeQHOCshaMgAYZT1ACwUuMi8tC+abZoAwqvwPj6qkpcluXKqz7vT/qtxaGNnsBIf9F9aN7onAeBxnK+NFs9fa5Q6Fh9FKDOvHY1uIufZn0HPzcxit8lKfTup5I8fJoWaVrN7PK6uuPZwoqVzs/ybeLhSfAGUSj6SrZlcmosTaNmOiCIioSEREAREQBERAEREAREQBERAEREAREQGhvatpHP7Xdgjbv8AatKtYB571Y/grIvDIb1xo44WepjJbUaSEYcB91scMZHzLgfwWQu1pWUFp7XWha+6VcFJSmwMZJNM8MY3MlW0ZcdhuQN/NY9tFyt1Zxu40XWOvpZYHaddHDIydjmSDuWfccDh33fDK+fdK4VFtCdZJ4VusPv9Yp9vPgjtbNceojFvWo/huM1v4a3Jlv1vQPmmEMddzUDpCMtYZm4Y4jyEoiP4LP1r19PZ6vu36btkEVPcXXOSGJr2clSByOk5jI4n9H3g5d2nmbt77c6rvHMwADOBv6bLNmktUwa5oo3y11PDqGnZ/nsdTUx07asNbtVMe8cvMeVneBxAaWB4BaSG+z6RbMtq9RV7mOYNYfFrHJvD0aeMvTC5nNsK81B06b9rVd/9i4eIWrGTaLut2/k+CglD61ru6qJJBNX3Du43uHNkN5YmTA4O5jLhgEBa37HyA8FffFHWFLe6im09Y6r7RarY57zUgENrKl335Wh24jA91gO5Be8gGQgWIPLxXQ2BYxs7duKa3nlJ5yo9mc8ePGWHpvY7DXva3WTUc5x9e39PIlP8j4dQpTj1x0U+QAD8lTkgePgu2zSKeUZfgeKRHD+Xp4JISJGuCj7oOeCOqxsyI+dqmoZQ6fuNS4ENFO5vr73u/wAVh9jyylc5+7mAtcfUbH8lk/iRL3WkKvlBLpXRxAD97J+jSsQTzS/Y2R75ly5x/ALVrS9rBaK4EigaaisLz0ysmaaZ+jaGjofmrBs8A59mHr5LJGmo2tpTJjHv4A8eirRWCZPiXPCAAAB8cqfnbp9VIi6bE7qdk9AMrbMb1PGYDt+i+vSS5ha13VfIDXF2ME59FXwuHJjOMN8+hQHSb2Zl0EvDDVtkDv8AwWoBOG+Qmpov4xlbjrQf2Xl4zPxCsznZL47ZVgfAzsOP7q34XMrrFRmxD3QiIsRYIiIAiIgCIiAIiIAiIgCIiAIiIAiIgOdPtJWn/tc027lOHaZxn1FVL/itNoYxG1nMGADcAeHwXWztHdlPTPaCloLzPf6yyX22U7qSCrjjE8MkJcX8kkRIzhxJDmuadznOy1OvPs2uMtF/5LqzSdzjadu8lqKV5HqDG4D+0ulb16agoyeMGvOEt7KNRC0tD+YjLh8lJZG3m5pAx2CDg+C2bqPZ9do9h/RWzTcoH7N6Az82BUEnYH7TjT7uk7TJj9i+wfxIWx11P8SMe5Lka6OBkPMXAknpzBOQ+Bb8wtgJ+wt2ooRg8O4pR/q7zRH85Avm1PYv7TkWzuE1c7/Z11G78plPXU/xL4jdfIwbKDjHMOn7QVK5u5Icw4P7SzhN2O+0tEBzcHryebYck9K78pdlC3sY9p0Y/wC566/jV0f/APZVdWHNEqL5GBpfvHD2bH9oKrYT33MBkEbfJZtg7DvalrpeVnCeqiDndZrlRMHzMyy7wp9mvxLvFfTVPFa927TlsiIE1PQVArK2Vv7LXAd1HkbcxL8fslYnWguLZdRemDD/AAZ7Cutu1Xpx+oaTWlDpWxW2ukpHT1FDJVS1Uwjbzd2wOY3laH4JLvvEjGxWTKn2KsYpQ2k7Rb3TNGwl0sOTP4VOV0g0TovTfDzS1u0ZpG2R0FptcIgpoGEnAySSSd3OcSXOcdySSeq+4ufOo5ybM0Y4WDkTffZCceLDI6fS+udF3+IdGySVFBKf6rmSN/vL449np2rrHT8p4c0taGEnmo73SSZ+Ac9p+i7HLzAPUKY1pRDgmcZJ+x92nqJ3JLwX1A7HUxGCQf3ZSpH+Sr2kh7p4K6s9cUox/wAS7Rcrf2R8k5W/sj5LJ61LkV6tHGqk7Hnacr3hkPBm+syes76eIfN8oV+aX9nn2lLxMxl0stisETyMyV92Y8tH7sAkJ+YXVnlb+yPkvUd1MdWjXzsrdk6i7OcFyulbqmW9368wRU9S+OLuaWGJji4MjYSXOPM4kvcc9AAN87Boi15ScnmRdLAREUEhERAEREAREQBERAEREAREQBERAEREAREQBERAeYCYHkF6iA85W+QTlHkF6iA8wPIL1EQBERAEREAREQBERAEREAREQBERAEREAREQBERAEREAREQBERAEREAREQBERAEREAREQBERAEREAREQBERAEREAREQBERAEREAREQBERAEREAREQBERAEREAREQBERAEREAREQBERAEREAREQBERAEREAREQBERAEREAREQBERAEREAREQBERAEREAREQBERAEREAREQBERAEREAREQBERAEREAREQBERAEREAREQBERAEREAREQH//2Q==',10),(201701,'data:image/jpeg;base64,/9j/4AAQSkZJRgABAQAAAQABAAD/2wBDAAMCAgICAgMCAgIDAwMDBAYEBAQEBAgGBgUGCQgKCgkICQkKDA8MCgsOCwkJDRENDg8QEBEQCgwSExIQEw8QEBD/2wBDAQMDAwQDBAgEBAgQCwkLEBAQEBAQEBAQEBAQEBAQEBAQEBAQEBAQEBAQEBAQEBAQEBAQEBAQEBAQEBAQEBAQEBD/wAARCAEsASwDASIAAhEBAxEB/8QAHgABAAAHAQEBAAAAAAAAAAAAAAMEBQYHCAkBAgr/xABOEAABAwMCAwYCBgcEBggHAQABAgMEAAURBiEHEjEIEyJBUWFxgQkUMkKRoRUjUoKiscEzYnKSFiRDc9HwJTRTY2SDo7IXRFSTs8Lh8f/EABsBAQACAwEBAAAAAAAAAAAAAAAEBQIDBgEH/8QAOBEAAgEDAgMGBAQFBAMAAAAAAAECAwQRBSESMUFRYXGBscEGE5GhItHh8BQVMkLxFiMkUiUzYv/aAAwDAQACEQMRAD8A6p0pSgFKUoBSlKAUpSgFKUoBSlKAUpSgFKUoBSlKAUpSgFKUoBSlKAUpSgFKUoBSlKAUpSgFKUoBSlKAUpSgFKUoBSlKAUpSgFKUoBSlKAUpSgFKUoBSlKAUpXyFJJIByR1HpQH1SvM0yD0IoD2lKUApSlAKUpQClKUApSlAKUpQClKUApSlAKUpQClKUApSlAKUpQClKUApSlAKUpQClKUApStKu3P213uFkV7hhwiujTmrHAU3W4MgOG0tkfYRnw/WDnzz3Y3xzEYzhB1HiJ5KSisszb2g+03w/wCCVvbs011V71VdXG4kDT1ulobmOLd2Stxef9Xb3/tCM/shRrngrhtx+styuk6x8UY9tTcZSpLjS5T8twfshb7g5nVhOElfKnmxkisG6KuF+OsdP8T9YG6CyTNSNIev81p1bD0tvK3EKeVnmcAIJGSQDvW6/Da13/j4if8A/C5qFdYtskJizZ6pzTTLDpHMEqG6zkb+FJHXeup0e1s4UpVrieMPHPBzGtXF66kKNrDKay9s9e8xSxP7YsBvktPG5/lTgc0dTqSfYHG/4VWrdxk7eOkkpeHEZi8tt+MsTQwtSwPLKm0q/irNt17G3G+9xzBVxE0xaGQrKVw1Slugj0UEJx0HSqyjsm8YIVmUqfq+wailR0fqghpyK68PMFSvAT8cA+1SZz0arPhc/Pf3IcFrVGnlQXhhe2DFlg+ki4n6VcTE4taC+qK6KlGCssn35myMfLmrMem/pHuD1wiIlXsIZbIHMuDJL6v/ALS0IX/OsNSrbP07N/0e1VaXYkxGUuRZrJQrHlgK+0k+oyD61jji/wAEeD910LqLVSNJxoN4tkB2Yy/BWY6HFpwf1iE+FQ6+WfevbrRKPynUpJSWM9n3Wz+h5aa1UdVU6vFF5x0f2luvqdCOGfar4G8V7izZdK60aF1kEhmBOYXFfdI8kBwALPskk+1Zcr88dzmo08/Ei2hpLIU73jEpl9SHELQQSQR0wSMEb5Fdt+ybxmtfGjgxYLum9om3+2wY8K/tKXl9mYlGCpwbf2nLzhXQ5PmCByNeiqb/AAnY05uXMzLSlKjmwUpSgFKUoBSlKAUpSgFKUoBSlKAUpSgFKUoBSlKAUpVh8cuIt04TcKNR8Q7Lpd3UMuyRRIbgNucneZWlJUVAE8qAorVgE4ScDNAX5SuUumfpWOOU52XNkWLh8uGuS73DU1uRFWlGcpQFIdVkgbeIeWTirqmfSt8RjZ0rj8JdMQZShn65NvC/q4GPJvwk/wCetvyn2r6mHGjphSuV2hPpU+KbF8MLUzGi9Qpny0BliKh2II4O3diRzd0lJODzuqPLvkkdOienONnDy7aSg6nvGs9LWlT8RqRMYOoYb7cNxSQVtKeQvkVykkcwODjIrFwa7z1STL+p0rWniF9In2UuHyno54hnUcxglK42nobk3B9O9ADI+a61r4r/AEpt71DYZtq4U6Ck6aXLSW2brd5DbkxtB/2iI7YKEKx9krWrGc8vSs4UJ1HsjyVSMeZmXtvdsprhTCf4XcNLk2rWEtvE+a0oK/Q7Kh5f+IUD4R9wHmO5SK0y7KXZlv3ah149Lu782HpG0vB69XNJJcfWrxfVmlq6vLzlSjnkSeY5JSDYHCDg/wAUe03radatH8sqWlC51zutyfWI7PMSQt97ClFa1ZAGCpRyegJFLn8auJ/BS/r4c6T4uyXodkfUPrGjtQvKtiXlH9aUFTaAs832lAEEjYqxU1RjSj8uL3I7cpPia2Nx/pYtBQdKcFOF1s0dZWbZpjT11kwERYyOVlgrjAsj4nu3fEdySSSSTWpPYu7VF17NPElq5zlyJ2lLuExL5DT4lhnPhebz99skqA8wVJ2zkZau3FnX/aB4YS+FOr+P+nNXW24dy7yPWpsXKE82sLQ406VNLKhgpypCshSh51jE9jB5ScWniIGZPVCZ8NCEE+5CwofEA1IhpF3wcSjldzX5kKprNnCXBOWH3p/kdtLNdrLquyQdRafuDE23XKO3LiSmDlDzK0hSFpPoQQaqSE8iAknpWnnYXu2r+DfDuRwk4wzGEQrVIS9p27Jd52H4zw5nY4xkoDTvMU8+MpcGMYwNsE6r0wuMmajUVsVHUOYOiY3yEZxnOcVU1KM6UuGSLOnWhVjxReSFqnRmldbW42rVlgg3WL1SiSyF8h9Unqg+6SDXPXt6M8OOCdrToLQl0nuXrVMZSZdrfeEhiDb1ZSXOZX6xK1kFKElStgtW2BnYDtf9tXT3AfTzVi0PJt971reWVLiNh1L0eAz0+sv8p33yEN5HMQScJBzya1lrfUeutQTtU6svkq63e4u97JmSVcy3FdB7JSAAAkYAAAAAFTbKpXop8Mmovp2+RHuKFCu05xTa6l8cKuzpxJ49RL5c+HVuhTf9DoqpkpiRI7tx0rSS20yADzOK7lYA2GcZIzUfs98e9T8FdbxtdaLlLe7oBm7Wl1RQJUXOVtOJ8sdUr35Vb+oO+f0WWjVWbgzfNZykd27qm7n6uFYyuLGR3aVgdcFxT2/tWvX0ifY+uXDbU0ztAcM7W7/oxdHzIvLUNJBs81Z8TwA+zHdUc56IWSDgKTjB1l8xxktjdwPhTXM6Y8L+JWleLuh7Vr/R036zbbqz3iArZxlYOFtOD7q0KBSoeo2yCDV11xv7CPbEc4L66RpvWs8NaS1E8lu4qV/ZRnz4UTAkfYUNkuY2UjfHMgZ7FxZUabGamQ3232H0JcadbUFIWgjIUkjYggggjqKiVYcD25GyEuJd5FpSlazMUpSgFKUoBSlKAUpSgFKUoBSlKAUpSgFKgzJkW3xXZs6Q1HjsIU6666sIQ2hIyVKUdgANyTWpXGLtrFt92w8IG2nAjKXL3Ja5kE/9w0eo/vr2PkkjepdpZVr2fBRWfREW7vaNnHiqvy6s2uvFyYtNtkXB95hpLLalhTzqW0EgEgFSsAZO1cgZ1p17x00pq7XfaA4qaqZ1Ew68nTGk3kFbElwpC0uKSSGY0fmUWwMBYCSrfACrz1HrfV2tJpnaq1FPu0gnI+tvFaU/4UfZSPgAKpqpAxhQRnHkOtdNb/DMYrNeee5fqc3X+I6jeKMEl37+n6mAxwE1tpm5uX3QV0s6nn2kpUifaW1pY5kJK0JTJ75LgC8hKylKsemeUVeL2ZNTa2lTdSX6/wDNNAQmVOTbY0GG05y4SkhKA3k4GEpAWrrg1sxwk4az+Kl9ft8VSY8aE0XH31E7rKSW2h7qI3P3QCfSoWpLneocxuz3q3qtLlrSWGbf3Ko6Iu+FFKCclSj1XklXmSKmQ0mzdR0aa3XPLe3gljf0I1TVr2NNVqmyfLC5+bz+phjSvZZRbXw9rTXTs2OgECI2p1hteemQ2UOED08OfOrmb7O3BFqW3KkWSXNkNYKVJfVHQFDJ5sJJVn3KydquozWW2XJD76G22UKW6tawEoSNyok7AAeZ2rW3jBx2e1IH9MaPkLZtCstyZgJS5NHmhHmlr81+w2O+ta2VhTUqkcvourIlCvqOpVOGE2l1xsl9D3irqXhZbLubfww07GE2MtRk31Uh19YVghSGFLUebqQpw5z0T+1WOIMebfpwiMKQhIHM684fAyjP2lH+nU9KozIW+tLTaOUE4GBn5AeZrNXDngxd77HaeuqFwLeSF90dnHT6qqmpUal9V/BHbu2SOgnVp6dRxKTb7W8sq2iuKOvtCWhWjuDmq9QW2I44XpKoT3dCS+QElxwp6nAAA6ADA882y/wR1RqGQZ0+UIji1FfLCYbYJOc5PIBk7nrWymntC2LT0JLUOGhCQACoI+18T51WRDjoASgJSDV/DR6HOqsvu2Rzc9cqxeKWfM1Lndnm/ttlSHlPlPQvtoWc/FODSDG46aFSE2S73YR0DZn6wp1rHp3bwUn8K2z+qwwckhXskCiocBZIVESev2snNZfyuhF5pZi+5nn88rSXDVipLvRrba+0FxDs5SnUekFvOoO0iGh2G8PcFkqTn35RVxTu1dGkQXGrtw0FyR9XEda7i+41ztcxWG1lptIX4zzBRwrm3zk1nJUS2NI5hDaz/hFaodo/iY3qK+DRNjcCbbZ3SqWpHR+WNuX3De49OYq9BUHUaU7alxzqZfTKWc+PMm6ZXp3tb5dOjhdcN4x4GPLzqSZfbxOvk5Dbb055Tqm2k8qGx91tA8kpThIHoPWqY9cghC3HCSE74zuo+Q+dSJcPLnPwrZvgx2fGY9obv2vmnEvywHUW/OFJT93vfMevL1339Ko7W1q39Rxj5s6K8vaOm0lKfgka8WXiRrO1toRDW8kp8IMFhKTy+QynCj+NZX09xP4z62s85l3VuqZMSPG7qRCkamWyp1lQKVIRFkPjv08uxSjm28q2Yj6V0vCb+rxrREZQkYCUsp6VCmaN0fMTyStP294K688dJ/p71brQJrnUz4r9ShfxJT6UseZqC1prRd9c+rQ7im2z07Fkp+qOg+hacHKr93Fbs9h3tQal4OOscJ+Kt4+v6IWCLbcngoO2Ve5Da+uYyvYnu1bgcpOMa6l4DcN9QMK/6I+puEbLjr5QP3TkflWNZ/Z24nw3FHh+1P1TDbB/UsNrU8ykf3k5GPn8qiXmjTpxbnFNdq/Jk+y1mncSUYSafY17o7WaZ15orWbAk6S1ZaLy2U82YM1t/A9wkkj51XcjzNcBnZ+ptE3JEXUbdx07cRu3+kmnIznxQ7jB+ORWTtNdqjjtpaOg2rjtcWIrQ8KZN3RJaSPg9zVQuxz/AESL1XONpI7WUrkRZfpOuP8Ap5UdyRd7XqmCp8R3Jcu1NtMtnbPja7tSsZ6kY9CarE76SPtD6wWUaYn2C1hZ7tkQLUnLy/2ELkqWOb44Hl1qM6DXOSNyqZ6M6v0rEHZS4s3zjPwVs2r9UW6bEvTanbfcjJjJY7+SwrlW6hKdglR8gBhQUMbVl+tD22NgpSlAKUpQClKUApSlAKhyJDEVhyTJeQ000krccWoJShIGSSTsABuTUStYe2zxVdsGnIfDKzS1tTb+kv3Eo2KYAJTyE+XeLGDjqlCx51Js7Wd5XjRhzf2XVke7uY2lGVaXQxD2k+0jL4oTXtIaQlOMaSjOELcSopVdVA7LUPJoEZSg9dlK8gMEISjPMtQA65Ir1DQWcBQO3/JqYYS0hxAfQt5B6oScDHl79a+nWdnSsqSp0lsvv4nzq6uql1UdWo8sh8jRx3YWsk4JUnH4edC0RkJ6DqfapwQ2gVLCCgKOwzsmvQ1kjYAH2qUkReMyv2euJGl9ENXLTmqFOQo9ykIlNXNCVKDLqUcvKvl8SRjcKAONwdjmthjqaxXe3rusbVOlrzEhMqcL8hMd/uGkjmUVHIKEgAkkgYANaTpaBG2xJ8q1+7QXEhKpLnD6wPJCWtrtIT1UrqI4PoOq/U4T5HPOavp1us3Tk1J9O1nR6RqNabjaqKaXXsRWe1l2nxxlvb2mNIWq1WrR9vfUG3IMJLDt3Wk4D7qgAoNeaGunRSsqxy4w4S8HtW8Xb2LdYobxYb8T0hDZUEDpn0Az1J29MmrX03pu6axvMeyWpkuPPndRHgbQPtLUfID/AJ61vnwS1DqPgvYmbVY4FhmZSAt2RbAl54gdSttSTy+g/rVVbWFxeRcqayl2lvcX9tZS4arw32Im+HXYE0zYgzPlcTLY9cikFQlQzytK8wnxj8SM1lVzsxXCBDXJZ4k6XTGZQVLcdUtpDaQMkk5IA9z71Owe1PfgkJuuhbS8PNTU91Hx2UFCtR+NfG53th8SLNoaxW2XbNBadd+sXlUFaFKlPcxBcClJRnA8DSVeZcX6VLT1Sz4aaSWeSXC8+5DcdKv+Ko23jm25LHsS984L8YeLusJ3ELgbcbq7Y40f6s3qGRP/AEdbZSWsguQ0ukLUwcKJcUgJOCpJI3q2NNa84uv6Tdmtau0ZcpttktxDGkzGUOzQfEXFOqWhCUJQHMrAAy2r7Xh5t5oPEfggvRatFTNJajZhOQFW5xxLTRdLSm+7J7xDgPMUk+LGfOsIzOy12IbnZoVqt8/WVgkRJCnTPTHW5IebOcNOElSOVORykIChy9Tk1pa1OE3NRkm+zOPsbF/KqkI03KLS5Za9y6OHWgdc8QtDWvXFl0pImRLk13iFxJLUhBxsSkpOSM5wcA48qmpvDjX1uClyNF34BA3xb3FAfNINZ64cau4EaD0xbtG6L12m0W23MJZjsK71lKQBuf1jeMk7nfqau93iPp2Szz2zira3uUc3imRSMe4PKR71v/nV9R2qUvs0Q3oVhWeaVX7pnO7jnxEVw50g+Witq93AqiW9pxspUhePE6UqAIDYOf8AEUjzrSoZIOVlRJySTkk+p9azN2reNsrjxxjumpvrhl2a3f8ARdjJTypMRtZy7jJwXVlSz7FI8qxTarJLvt2hWO2NKdl3GQ1FYbSCoqccUEpGBudzVdfX07+alJYxyRb6dp8NOpuMXlvqZb7NHDRGpr45ri9RQu1WRwJjIWnKX5mMg480tjCv8RT6GtrXJgbSoklS8EgGtieFPZ34faE0JZdIO8PYVwctsZLb0tyctLj7x3ccUBgAlRJ/CrrhcBeHcaai6uaXMdLKw6BKuLrrCSDndKiEkZxsSRVjY6va2NH5ai89Xtu/qVOpaLeX9f5rlHh6LfZfQ1z0Vwg4ia6QJlpsboiKV4pchQaZAzvhSuuP7oNZYtXZfsbTCTfNZTJskfbZtUYd2D6d6vb8hWU9S8VOGenWFKvWqGbm82MiJEcEkn0HIj9Wn94jFYX1r2n7/cULiaKtrNmjjwpfdCXpGPYfYR8gr2NexutV1F/7MeCPb+r5+SMJWmk6cv8Aflxy7P0XLzZfcPhJws0PHTcrtbYLTbfSVe5YeGfZB5Ws/AKqh6l4/wCh7MwbfpmDJvRbGGwhIiw0n28IyP8ACgfGtfrldLvqGcq432dNuEpR3dkuKcV8Bnp8sAVCQhtSkpQAFq6BXh9/OplPRONqV3NzfZnb9/Qg1dedJcFlTUF243/L1POL0hrjVgaus1sbaQOVoRmMOJT1wXl5WR7ZA9q1x1N2VLWhxydYJ6GkgFXJIZ50gf4kkGtlQ3IGyG8gbZX9gEHy2yflt719KYyCQPP7Q2286nz0y1qQUHTRX09YvKc+P5jZo5bJ+n9Nok2m+aZlORw8ol1bM5kuhPQJSgowlXnzb9NxU3bo0zXs9cvRmmhbowjJEu3xYUh9pIQCVELdeU7nlTnY7qJ5Rk4rcWbp63zyfrUVLoV150A5qhK4YafRObuNstjEaU0rnQ80jkUCD7bH4VS1fhtSeVP7F5T+J0lvDfxKpwR7YvaD4L6B05db5ppGreGsllLVsclBDMuLFSooaSXms92CB4A8g56ZB2robwR406U476Dia80mH2WXlLZkRJPL30V9BwttfKSPQgjYgg+1cwtcaM4sTbZN05w8vUBFgu//AF6yuoQ0mOoqC3FxnSCUodWnmWjyJJSNzV/cGrxeeBVht1oi3IrkNuuSJcqMVISX3COYDz5AAlIyNwnJG+Kp3oVac3CKawub5N93jz7iy/1DRhTU5Ybb5Lml3965d/M6f0rCvCntFWPVQas+p5DcK4KKUNyFYQ06pX2Uq8kKPkfsqxtg+Gs0gg7g1TV7epbT4Kqwy7trqldw+ZSeUe0pStJIFKUoBSlKA8UoJSVE4A6n0rlxxf1u7xG4n6i1Yp9Tsd+YtiDnoiI0eRoAeQ5U83xWT510M47amd0fwf1dqBglL0a1PoZUDgh1wd2gj95Yrl6yQ0gNIVkJASd/QYrrvha3Tc678F6v2OX+JK7xCivF+i9yeSohJCTjHqKn7OWFOracPM+4oFKE/dQPvH06n8KpC3EJbUp5wJGD1NV+x2ZuEwh9tSQX0BboSOuRncnr5V2cmchPCW5OS1xG0ghZcx1CBnA+NSylsqRztsSTnbZnb+dVNFtaee53QCE+HHlU4Y6QkJShPLjGw2IrxMj8aiWBrzUlw0/pWfctN2qZcbqhvu4jDMZalBxWwWRjdKc8x+AHnWllzg3+Ktbt4td0YdWpS3XJMVxJKicqUoqHmTkmuiiUEpwpAKR0BFeLZjOAocYbVnYpKMiqzUNOd803PGO4tNO1daemlTznrnfw5GGuzdwtVZ9Is6mnw1Cbe20vjmByhg7tp+GPEfcj0rNItyWz4kAuK2O++PTHlUgbTGbVzxe8in/uHlIA+QNfSxNGwu8zbwjnIXn/ADA1Pt6cbalGlHkivuq8ruq6snzPJDCHXAw23kZySdwB6VBtWmbXaFyHoVvjxlS3C+/3DSUFxz9pWB4le9RGhNa2bnBRzk87KCPyxUwJNwTylTsdXKNgpkj+Sq3NpvJpzJLCZHTEU7slOG2zv6qV6VMs20kd4s49MjOK+Il2kI/VvWxlYTgfqniCfxH9anUX2EtWH4ktonbAQlf/ALT/AErxyZhhlOfiISCAr4+QrC/aG1MrT2hJUaEoJmXhwW9pQAyhCgS6oe/ICM+qhWdnJ9nktkCchrI375tSCPxGK1n7W0daIunzDzJQJMlSiyC4lKS2gZJTnG/rULUqsoWk5R549diy0imql5CM+WfTc1waZdwfCkhOwGcY2/4Vlzsx6bk3jiW1qRsuR2tNN/XkvNKKSmScpa5SNwQeZX7tYlTKbdT3QWkOKOOXIznHpW3fZn0z+guGzd2cbAk399csk/8AZJPI2PwSVfvVy2j26uLpZ5R3f78Tstcuna2jcXhy2X78DNKuIvEFCC0ddagKQehuLn/HNU6Vdbvd1c9yuU2Yo+ciQt3PT9on0H4V8NRC6sKU14QemNs1PIiJQnOxVtjG2B8K7WNClB5jFLyOBnc1ZrEpN+ZTlNuBrlQcDbO2K9bjrBBWkpAyM4xj2qp/VuiUpUMjfl3r7bXZoywJyXXU+ZJ+z8hWzkackpHejqy25IDRVunnB5SfLfy/56VUGojRQpISrlz+sAOQsg/yHn//ADedfRbYqEOWstqXJwhHdqCwB1KvbAzv64r6SylKAlsAICfCkeQ9KxzxGEngknUYJB3289tq8S2nm6Dp6VE5C4olQ6HGetRg0T4Qckb1lyPCXMZC/FjGNulQXWQMqx4R1xvtVUW3hJ2Ph36e9V3Q3D2/a9ua49pWmNEjlJmXFxJLcdJ+7j77hHRHzOB101q1OjB1KjwkbaFGpcVFSpLLfQs6NapU2a1Dtcd+VLeP6liM2XHFn2A32/Cr8i8AOJN7jrfudphW5hadxcpKUrweuUoCiPnWftH6YsWjIP6M0VbghbgxIuT6Qt+Sr1J8/YDCR5A1jzib2iuB3DVxyPq7WqbteGSQq2W8/XpCFjyUlB7trf8AbUmuTudeqVZYto7dr5nZ2vwzShFSupNvsWy+vN/Yxw7wD1ZAQhqPqjTrq2cobBlODmbPVpSuTBG3qCNiMECstcLdecTOHHd2TXTLN8sAIQ3Jiz25EyIjyJRkKdSPNKQVY3SPunXa/fSG2pTy2NL8Ii5HScBy63NLaj8W2kKxv/eNSrXb0tKoiJE7gwA8lfI73F6HdpB8wFMlVV1xc17qPBWin5Yx9y1t9Nt7SfHQbT8To5Zb5adRW5q7WSezMiPDKHWlZB9QfMEdCDgg7ECp+tOez92pNLas1NMttjt79nnPvtKlWae8haprZAAfiupwkrAO7Z3UlO2w23Gqjq0nSlhlzGXEhSlK1GQpSlAYJ7ad1Nu4C3RgdbhOgxR7/rkrP5NmueTBCUguHrudq3j7fNyLPDvTtpC8fXL4HVJ/aDbDh/moVopIeKfCMlWPxrv/AIahwWfF2t+yOJ1+XHd47EvzPmW73oxyk8xCQPYmsmtABSUjYJABHptjFYzs8JydeIcd13IU6klA6co3P8qy/pa2NXm6K/SHM3b4ra5kxaTgpYRuQD+0o4QPdQq8qTUPxPkigqwc5RhErWmtDX6/xBcGGo0O394UfXZ0lEZgqHVKVq+0fUDPyq9InAnUEyOJEe82l9vzVHK3U/5kjFWHe7rK1HK+tvtIYbawmLDSedqI2AAltoHZIA8wASck7mpJEVpqR9aj80Z/zcjuKZVn15kEGoc43VRcUJqPdjP3bPYVbKm+GdNz7+LH0S/MySrgXegQk3e3cw2xyu/0BqA/wM1OhGW7haVn0MlbZ/jQB+dW1C4h8RLYA1F1pdHWm1eBMlaJIA9MupUSPnVy2/j5xDh/9ZhWO4J80uw1Mk/NtYx+FRZrVI/0SjLy/wAE2nPRqm04yj5/5JB3glrlOQzbo8g/9zPYX/8AuDUo9wV4jsJKk6SnrA+8hIc/9pNX9D7RbLiAL7wwQfVUS4BWf3XEf1quxON3CyWAZlgvltJ+0fqqFgfNtZP5VHleatS/rpJ+G/o2So6fo1X+iu14tL1SMISuGuto5/1nTN3TjyMF3b+GqQ9YbhHVySorjCgfsuIKD8+apPtacQ3+K1xtXB3hFxSt9mD0mJImouV2fgvSVOc5aUAsZEZjk53FZBK1NpSFctY87NmmO2BqjWsTTOm+KF3Z0TY5bcqQ7KnJSJUV9wkraYf7xTyXEJUoBY8IWDkKIB1rXq0P/ZS9V7Ej/TVGos0q32T9GjJRtk1OyUKx1J8hUu7CdBAKj7+9bkyNC26QnF34b2KQfNUdJZVn90D+dW/ceD/DubkL09fbWr1jvh5I/dVzGt0PiS3e04tfRkWp8MXUN6cov6r2NS1xVnPKT13I2FQUwSBhJVv5A9T7/hWyt07PVnez+htVthX3WrjFWyfhzJyP4as2+cC9YWdtUkWZcqOgEl6CsSUYHQkJ8QH7tWNDVrOu8Rms9+3qVtfS762WZ03ju39DCM3SlonAG5WG3zM9PrERteM+pKanrewuxxY8OCpDEaOhLTEdDKeRCR0SlONh1wKu5yyLRkY5uU4OOoPpjyqI3ZW0o5nUDKcb/wBPap64E8ogOrOS4ZFMYvjqm0tyYLCg2kDKAUKHy3FTrTsOQOVp0pdx/Zr2J38j0PyNfS7akrK2G8hWRnAx+HlUSJB5x+tQFI6lJGxrLZLY1Pc+O8VCWH30EAnBOCdq+3rvaZDR7hTfeHo25H5uY+lRbgiayEMPSpbSFYDElgJJ5v2FpIwVehOyvj1t+5TL7aI0idLTFeb5OREgxzGfbWohIJT9le5GwINFh7nqj0RNxFNuy3ZsaK20gK7goSnYAY5lbdcqz/lFVJ5fOMjIGwAHrUuzF+qFDbWOQgIz5EDz/wCfWoqklKfPmAwM/wA6zNbw3k8bQebZO3TrVRjIS2noM43PpUrFazghO21TpTzAAnBJyT7VhLfYLmVjTOlLlrPUMPTlpWEuSiVOPlOUx2U/2jqh54GAB5qIHnWyMe2ae0xYk2K2rZt1gtDa1yX3lhIXyglx11Z2xsStR+HQEVaPBLTf6D0k7ql5HJcNSnu4pUPE1DQTykf4jzL/AMlaydvfjo+y8ngHpKX3aGmWpWoVoVu4SAtqGT+yByuL9SWweiq4jVruV7c/Ig/wR9er9v8AJ9C0KwjZW3z5r8c/TovdlidpXtl6j4gXGRofhhcJdi0nlbBnMqLUq64OMqUMKaZOPChJClDdZ35Rq+ysPJCy2ltbZ7p9AGAQfPHxwfnX2pTc2KsozzNkKGeox51DilSnyoYw6ktqPN1PUH+dRlBQ2RbcTluycQMLwR//AGppISWkpX0WQlXqQdvyIBqWSsnAXueuf51MNgKaU3uAcgflj+VMAufRU6TEvMBTL5amxVhth1B5SU55k4PkUqwUnyzXXrs88UE8X+Elg1o8UCe8x9XuTaT9iY0otvfDKklQHooVxoiSnmHmpMc8rjCkrQfQg5/nW9XYF1Ei0cV9YaUaUtuDqGI3doqM+ALwl0ADoDyvuj9z2qJd01OnxdUbaTcZY7TfWlKVUksUpSgNOPpA7qlLui7Vy45UT5JVn1LKB/WtOVAu8yk5SnzUa2v7fySvWOkg4R3bVrlKA9VF5I/ICtU5KZDqeRBCUj16V9H0GPDYU/P1ZwWry4r2ee70RV9GREOXZ2QN/q7KlZx5q8I/rWYHra5ZuHjctag2/f5qFJGN1RmApQHwKylXyTWN+G9ikTHUQI6y5Ius1qIj23x/NRPyrLXHyW3bNQWawW/KYdttqEJAGwKz4f8A00N/jUi4q8VeFFdd34L9cFfGlmnVr9mIrxfP7ZLYYc5gT675qOUqWMpUAfPJ8qokG4tLTyZwfXNVNt/mIOfCRvUnkVDWHgnWowbA6ke461FCUlWOXb2HWoLTqObuypKcndR6CpoxpjUYznI7hig479HjaB8srTkJ+Bwaxbw8Nnqg5bo8DYI51KwAfmahyQgNKIBO23uaB7nwc7EbYNY3468RJnDnQFw1Db22lzErajRw6CUJccVjmOCCeVIUrHqB5UnNUouc+S3NlKi69SNKHNvBhHUsmPfL7rzW1sZzdLtcWdE6ddaUUuc/KEPvJUN/spXkjywOhrP/AAl4W2bhrp1i0wlvyX0nnclurJcUs4yEkfZSMbAeQFa79myQ3qrVen4b9sebZ0xaZEoczgWFzZDo55CttlKSQkdccpNbjsJBQAkKAA9agWCjVj/EdXn77v77eCRb6rOdBq1T2WPtsvss+LZXrVrHWtoCRatZXuMhGyUfXFOIP7rnMPyq44vG3irF/tdSQ5SQdkyba0Tt6lITVmobKRknYDAoWyo4I2A/KpE7W3qPMqafkiDTvbqltCpJebMhMdo3WoIRN0rp6b5nl71gn5hSh+VXRprjrp+bLQxftPztOOOHAnMOfWIgPqsgBaB7lKgPMisKtttjcJ3x1qXnznxiJAP61XxAT7n1qLU0ezrJpQx3pv8AwTaOvX1F5lPiXY0v8m0+ptFad1pHC7oyw3KdQFxbvFSnmORlKlY2dQRvuTtuD5jX3Uemrjpm7ybFd2wiRHVuU/ZcSd0uJPmkjofiOorIHZ9vsxCJegbldHJKWov6QgFw57kBeHWU/wBwBSFhPl4sYFXBxktLN20lC1MlrEq1PiK8R1LLhKeUn+64MfM+tVNlWq6bd/wdR5i+Xnyx6YLi/oUdUsv4+lHElz8uefDnkwSpgIJCFco+9kdTXjaMKySBk+Y3qL3g6EnJOOnSojgTgKwMfjXUJs5HGxLTGlS45ZS20e8BSpDoylQPqKxlqK1XK3uMWifOkSGHng/GDrxd5A3lRHMd9iU4J3O2dxWS3gopylRSodPKsb6ieVI1SlkSe+MONuc9FOKzj8ED8akUlvseQbyXRZJBfjstOnxNjz67VU0seAlRxj8vWrfsrnIQd8Jz86uNlzmSAdqzlszS1uexmgEq2O24qu6X029qvUdt0wwpQFwfDTqx1bYAKnV/JIPzIqlo5BzL9s4NZa7P9q5HNQ6wU144raLVEJ/7VeFuEf8ApJ+Zqu1G6/hbadVc+ni+RP0y0V5dwpPlnL8Fz/IyBxC1nYuHWkL3riehDVp0vb1lhgHAX3YCW2h7rWENj4Vxw1TqG7a6vdy1LdpYfvdxmPXF5xRIDry1FTiPYZOB6AJ9K3e+kU4iGDY9K8IbVMCXZ6lXy4I/aabJbjJV65X3i8eqAa0PkMllz64lOA4oKdA+6sffH9a4q3hww4n1PpVR747CNb5TMlpTwThZB5x6nocjyV6+vWoaVBKzg45TnNHm1tOi4NpGXAA8gbBZ8jXi1IC+dJ2WMj/hW5mC3JxtxKlZx5k/GptD+EgEY33xVLaczgI+GRUwlzIISM7ZP/GseI9wVFtX608x2VtitnuxxqdcPjTot3n8by/0Y57pKH0J/JwfhWrTLquYbn1zWYOzddV23i/o11tYyL7Axv6vpB/Imtc94tdxkuaOxo6Cva8Fe1Rk0UpSgNI+3y2pWstJOqICBa5Ix5575NapuKdWeRpGD6jpW03b/MlettINo5UR0WmW46sjcnv0AJH51qohapX6tCi22dvdVfSNDf8A4+n5+rOB1Zf82fl6Izf2arK5cNU29xJC/qTMmZkb+MnukY/eWPwqQ4s6hRetf6gTzgsNzlMMHy5WcNp+WEVd/ZhMaxWa/wCpVLShFtgJVzKPTk753+aE/lWJrhHQ8tUtbhW66S6o9Tzk5OfmTXtFOpe1J/8AVKPuyPcONOypw/7SlL6bIl2nVNkEE5qqx7g4Ubk464Bqi5Ug+MYB3G9faJYbPJy538zVqislHiLoYuRAGRzHoM9TVasGpLpY5wudluC4khA5VY3S4nzQtJ2Wk+aVAg1YqJx9c+lTDM9RUAnA6VjKnGacWtjWoyg+KLw0bBp01pTiRpxGprIiNYbiXkwpiEZENmWv+zS4n/ZtunHI6nZKjyLB2VWr3aR4J8YeJyI3DTR+mFvz4c8uXWCoKEhHKghspABSU+NZzkA+HBxk1n7s6XJiXrmTo64p762aotcmBLYV0VhBWk/EYVg+Wa2Wu1isl9tJ0+5qW4sW7TzjTV8Shwh2cw1GCwy+9ssp5VIWog7+JPntyt9czsZytJZcGtu5Pv677Y8N0dVp9rG8jC9hhTi8Psb8Om2+V37M57dm3s4cTdOy9V6j1XY7XpxD8ptruplyZIjISVK5HFtFaEkcwGObOR0rMku3RYA7trUlnmFJOfqqn1pJ9lFoA/KqXrHiTI1ld0y1NIiWiIS3a7awkIjw2AfCEoHhCiMFRxkk+gAqlNXiMonxco64NXFnbV6VKMakvJL1KTULqjXrSnTj5tvp2IuRt5IHLkLBPLlJ2Pw//wAr12RyHOcbfl/SraVeAjISsnHiSKjN3Aus5ddG+4wRvU/5bK5yK0JjbKwV/Y9B6V8NTIbSiYycrWcqJ3JqjOOq+8cjzqK3Hddb/wBWBOem+49qy4Uka+LLMkcNrv8Ao7XumZKcAP3BMRw82MtvJLah7/aH4Cs8ahtxuGn9XWBQ5lLiLktj++EhwfxtrrVHTbupbfdYM1txluOxKZd5XDlfhcSSfbpW5DpQ3rgx1AFubGWk5HUJcwfyfrk9fXybinVXPHo8+52nw2/nW1WjLln1WPY1JckgjnSBv1Ar2PMS82rkBKk5GD/Ovm6xTbZ8q2O7KiSHY6sf3FlP9KpfevNqIBSG/tK8ifauqglOOUcfNOMnFkjd9UW9anrRc47jCl5SkqPhV8CKsCzx2TMnvxVlTYluMhXr3YCcfI5q6tUNQrvBU5Hjd+42c8iP7Vs+oHmM1aGi1uIhLQ6hSFuSn3VA+RU6rOalwXCtjKKXA2i9rceVKQSTVwR3SE77jpVAZStlsOA5T0PvVZjOjugsHb+QrXJmjvJsyu6BdJ8CEqWr2AGTWzHDuzrsXDzTFpWgplzkKukoefeO+Pf4c7Y/drWO1QH77fIGn2zn9KzGIYI/ZWsBX8PNW2l6u8O03CXPWjEKyQlPKSlXLyNtIKz8gkI+Vcx8R1cKnRXXf6cvc6z4Wob1K76bL1fscu+2lqRzXfaK1g8xKUBY32bKwEqyEojtpCtv94XfxrCrD8lSTHmgd4lP2s7LHtX3er3d7tfJuqZToki6y3prqwPG2t1xSyFDz3Ud68clpdQQrC8jqPI1UJJLB1GcvJ8uP5ZLZP2ent7VBS6ccm3nUBxRAJyfgK+ULJJUMb1g2ZIm23cHc7Z3qaQvAxsNuvSpBJI6ZqOlZIBwTt1rE9KmysAjGRtvWReC0ruOKej3EnBF8gYI6/8AWW6xqysKSf8ADtvWQeCaweLeiQskp/0gtwVj0+sN1jPkzKK3R24HT517Xg6fOvapCWKUpQGgX0juvbbpDiNoOBqJC02q52edzSG0FRYdQ+1ylQG5QQog43GAfWtb4E+2XcJlWa4RZkdQyHI7qVj8ulZf+l6iOC/cNJo2C4V1aBx1IcjnH51zuaK4T5lR3HY7yf8AasOFtYPxSQa6rStWnaW8aco5j9Gtzn9Q0mFzVdSMsN/Q6Q8Iip/hHr6B3nduogF3Y78qUuHHz5cfOscMSw42FE+IYPWrc7FXECXq+ya54eXm6SH7i/apK4bkhZK32wjPKD94oUd/PCxUyl11tKTnqM/iKvdPrxrTqVI8m0/sl6o5/UreVGFOnPmk192/RlaeHeZOegqVHXGMn19BUuiaVKKebqNxX225hRXseUYxnzq1TTKvDRMIUsE71FS9hQIV8zUr9YCVJPdg4OSOYgH+orKNv0Ppy3aetOo7uxBmuXK1/poQn7nKjNIi/WO5yp5tpQKgQVKRkEJBxzEYrTXuo26TlnfsNtG2lXbUcbdpc3ZliRo2prlxJvbqIlh0nBfdlTHdkJecQUpQD5q5So4G/wBkfeFbQGDZJVuvC4d3Sh7iA2VwkP8A6pS3DACEpQlWFE8iOcjGRvnpWsGqdXcQdGW0RU8NdMQ7Xp+emIylqWm4Q4U0pC04YStKFPEKCgt1C1b5Bq3WOOfEa1XeQ3xL/SdzjS325LkecFQ5MR9s+B+G4UjuHEeWElB6KBBNc3dWlfUqjuYNLsWU9lv02znd7rs7zoLW5o6fTVvJN9rw1u9vTbl+RY7yX4a1xJKC09HJZcQRgoWk8qkn3BBqCqQrGy9+tZO1pa7Nxcfc1lw7uDM2+vJ57naQ2mPIlrA/t22ckd6QPGhBUlRHMhWSUDELpU084w824060oodbWClSD5hSTuD7GuktrmNxHfaS5rqv07Gc9XtXQltvF8n0ZUEy3CAompmNMUl0KB2Jqkpd990nFfbb5BBz51KIzgXhFkhwYUr29qqsW4Mwt0I5sjNWa3MW2MYJz1FTrFwTsF7pwPiKwxkjuDW6Lofvc6SFCHyYwcnGcHHStwJEtTt30xeP/q2DzH/eR0OfzarShm7RIgBTs5jBAHUH0rbTSF5TfOHeir2c5ZZjNr9UqQVMKB/Gub+I6eKdOaXJtfXH5HU/C1TFSpB9Un9P8mF+LkNVt4h6ijoJCFTlOj2S4Erz/FVjvNqeIWrIA2261kvtFEwuIrjxSCi4W6K+By9SkKbO/wC4KxeualQ5goAEfZ9qvNOl8y1py7l6FDqcPlXdWP8A9MkbhAjMEyG9yPMGrD0e8pAdQs5Lc6Sj4Dvln+tX5NkM9wohOUqzkeYNWFpZSXZlyQlOO6uLwA898K/rVgu800t4S8jKFsbbkxygkZ6CvplKobn1V7YK6GpSyvKQRlR8PkfM1cEhhmYykKTyrIB+daZbM0F18CbMqfxQtr6wFItkeVcVjqAQnkQfjzLq4+0xq7/Rbs98RtR+FLk2I5bI687hUh0Rhj9wE1Pdnu2fo606t1o+gfqAi3Mq9Q0kuuY+JKR8qxH9IFcVWXgJpnTgkdy/ddQMlw4yFJjx1qOQdiOdSa4nV6vz75xX9uF7+59A0Kj8iwi3/dl+3ojm+1c7dFkckF9TIVspsk4+WaqTbqZCedpYI88YqYTHbkjurgzHkJIBDgSNqgOWKOysvW94sFO5AOEqqPiRZ5TIS1K6KOD5Y+NfKVYIHMcHqOteSHeUlORt6V8JWMABW/8AztWDMydTufh6elTLWNiKkWlEnmPUfhU40Tgg7+fWsW8gnGlYAG9ZJ4DIS5xg0ZzDI/TsAHb/AMQjFYzaII8SvjWYOzBbFXbjxoO3hJPPfoZUMfdQ4HCfwQawm8RbM1zO0I6fOva8HTNe1TEoUpSgOf30uen3ZOj+HOp0tHuoN2nQHHANgX2ErSD845rmQpsbpWAQegNd2O1dwQHaB4JXzh9FcaaupCJ9nedOEInMnmbCj5JWCptR8g4T5Vw71LYLlpW53DTmprXIttytchcSZDkpKHWHkHCkKHqD8iCCMgirG1mnDh7CPVW+Sc4Ta9uvCzW1t1rZYjMidbJhkfVnVkNvs92UraUU9ApKlDI6bHfFZs09xY0brqe4zbHXLVKedUW7fOWkLIJyEocHhcx02wrbpWtcVpiPGkz2e8SpwGO3zHGSftK+Q2+dU55CRypKgT1PxqztLydnLiisp80V97ZQvY8Mnhrkzc4xn2geYYKT0OxqIhZ5SkexrVewcVNfacbSzCvjkmMjADE0d+jHp4vEB8FVetu7SE9tIRd9Ixnv2lxZSmz8krBH51fUtZtpr8WYv99hztXRbmH9OJfvvM7BScpc5h8APKrz0rxb1LpK2JtEePDmxEMS48dMrvAuM1KTyvIQpC0+FX2glXMErAUkA5zr3be0NoqTypnQrrBONyphLyR7ZQrP5VckDirw7ueEx9V29ClbhD6iwr+MCpLuLS6jwuSfmRFbXdtLiUWvIz7K4raO1RbJ1n1Zp+8REXJVocffhSGpJDsJvuS6EuBCuZ1klCvGcHBHpV/x+Luh5Nis7LOqGzJs4thS1cYz6nJRjvKZUwsLCmENrhrAcWkpJU34goYxrJFlw5yQ7b5bMlChkKYdS4P4Sajo5kEAkpOd81qnp1GqlhtLnzyuzrnsM439Wm3lJv8AfZg2hf0tozU+rZka12LTl2t70K4ItlwYU2uQuWwO/bdKIS21BtSCptP2VklKT4kAqkdT6T0JcJN2j3qRqfurZamr1EuFwKJBdt7i2wVIWpIfUllLqStKnOcBJBSFDfXJKcL58AKG/N5/HPWq5adY6usagq06lucblZXGCUyFKT3K1cy2yhWU8ijuU4wTuRWpadVhhwqcvLz6+HI2rUKcsqcOf77vUpanRzLCEhCf2QsrHpsTvivUuKIGfL+dfAGd/M9fLNfQQfu9Kukyqe5U2XS4BlW/w61EQ4rfxAn49apsd8oICc7betTSnhybH260yanEnhKcxyBfLtnIraXgZd/0pwcfiYyuz3B9OB1AUEvp/Pm/CtRXH1KHKnIxv0rOvZY1QTcdQaKkrCU3KG3OYyfvsq5HB8Sh0H92q3WqfzrKXc0/YttDl8m8Weqa9/YuztRK+rzNK3tKUlL8STEVkdShaVDf4LNYMau8dSgkhPMegAG2ffzrOvaabL/DnTctSCVxbuWFeo7yMT/NFa0T58C2Nd/cpDbI6JGdz8BWzQ5qVjHPTPqatdoJX0n24f2RW7lNlJBTBtTkvlGSUYGPketWRpl6S3e7v9ajraUuaHEoUcFILaNj6bg19L15clJU3bLe8poHZQbOcetS+nUSl3OdcJDbqHH32lqS4CFEd2AevTpVspJtYK+FJ04STMp2aQEvcpyAR5irsQ4lDBkdQ0jJSBkq22A9yasuMjCUSkYKSnPwFX5wqMe7cSNO2SYAplU5MhxJ6KQyhTuPxQKjXNVU4SqPom/oaKNB16kaa6tL6snONnaMt3ZSsOieFsnTgvN1vyf0peW0yvqymG3X0DwrUkoUpThLeCRhKFEnpnE/0lF/cuF64e6VZW20WLZMuikO7hS3XUNjpsThtXn51U+PVnunFPteWHUd109abtprT98g2RIemFT7JbQp95So32VNOOONJCl5OUZSMZNYs7fusbRqLjo3ZByrGnrDBgO5+4+vneWNvMB1Ga+fRk6tR1Jc3u/E+oKEaVNU48lsvI1ubi3lpPLysch8knp8q8UH0pJdAz8dvhXyO8aSEtSytA23O4FS7r2dioKPnvvW9sxR8Oq3wAPXIr1BIwcdNhUHn5/FzEeufOojazkAKOxHpWpmxE02pScAHG+5qcbJGCoeWcVIoOdyAM+VTbKjy5zsCfnXmQTrJ8ifLyrZzsEWJy89pDTbndczdtblz1nGyQhhaQf8y0/jWsMYZOM9TW/H0YOlS/qvVusHGQUwbaxBbURnCn3edWD/AIWR+Naq0sU2zKCyzoeNhivaUqqJIpSlAeVr92lOxhwr7SA/TF1D1g1U20Gmr7b20FxxI2SiQ2rwvpA2GSFpGyVAbVsCcedQzudqyjJweYnjSezOSeu/oru0PaHsaQvek9TQ0FRa5JS4Dx3823UlIJ/3hrCuoewX2wNNyXXLhwQu8xkZ8dslRpoPuA04VflXdWmAfIVt/iJ9TH5aR+dLVHDjiLoZxTOs9A6ksSk5CjcbTIjj/MtAT+dW0h4LyG3Eq8tjmv0nPtNvNKaeQlxtYwpCxzJI9CDsaxTrzstdnbiMFq1jwY0pPdXnmkItyI7/AMe9Z5F5981mrntRj8s4DnBGcDahwRjBx6V1p4g/RVdnq9d4/ou+6r0jIXkpQ1KRPjp/8t8c+Pg5WtuvPoruMVj7x7Quu9MamaTkoalBy2yD/m528/vitirxZi6bRpUwtUZwORlrZWNwpslBHzGDVyW7iRr61KSIerLiUJ2DbzvfoH7rgO1XXrnsvdoThwHHtXcItRx4zROZkSL9djY9e9j86ce5xWMOdIdVHWoBxBIUk7KSfQjyqRTrSjvCWPBmmpRjU2nHPijKtn7Qup4RSi9WaBcEjYqa5o7n5ZT+VX7Y+0BoeeAm5pnWpz73es963/mbyfxArW/mBHX5+VeZAO+1WFLVbml/dld5X1tItav9uH3fvBufZNX6Wv6Aqz363zQfJmQnnHsUkhQ/CqyQAfElQzsM7VowW0k8+2eoPU/jVxWTiDrrToCLRqm4MtJ6NKe71v8AyryKsqWvLlVh9P37lZV+H3zpT+v79jcRLSTuM9favVHqAebzxmtcbR2kdZQ+VF3tVsuSPNXIqO4fmglP8NXrbO0jo+WAm62a7QFnAKkckhH5FKvyqxp6ta1P7seJW1dIu6X9ufD95+xlZYKQR0UOmauDhZqh3SnE3Tt3e8MYzBEfIP8AsnwWlfhzg/KsYRuMHDKaAtvWEVkK6JktuNKB+acV5O4ucMmGTyawjOOHcGO066oKHQjlTjbat9Svb1abi5rDXajVSo3FGrGSpvKeeTN4u0a24/wtc/aiXm3vYz0yXmz/AEFa36a0xCtz3+keolofmuHmbQ7hQbHoAds188S+3Jwu1Nw5e0/AhX253iWzGUtKYgjMIktONuKKnHSMpJDo8KSfEK1a1P2i9dz8tWwxrWgjGYzZfdH/AJjgwD8E1UaXf0bK2cKvNN8vLyLjVdOuL+4UqOyaWW/PzNyNQ8R9D6atCrje5cW3sJH2lJSnmPokdVfADNa2O9pvT0nUt5nNaZu06O5LCWHQ820ShCEp+wrcDIOxrXe53/UF7mqnS3Zs+Urq88tTzn+ZROPlgV7Y2JDQWh9JS6pxRUObO5PQnPWtVbXKsppUFwr6mdt8PUaUW6z4m/L9TaqH2rbQxH5GOHNydwf9rcWUAfgk15Zu2LO0pqe3akhcN4oTDU9hly9EFYcaUj7Qa8OObPQ5xiteY6FJwrAIOffFS85tqQCVnYefv8KjVdRuKsXGUtnz2RMo6TaUZqcI7rfm/wAzOMTtcSLfxdvXFxjhbZJV5uNuat7AnXBxSYiEPuK5kqQlJUVJWls/ZPKnrgkVhzWesNQ6s1Td9Valaal3G8TXZsp9IIBcWrJCUn7KQMADyAFW+Fw0ySz3yyhtlKnSM5T4iT+fLVVhj601nvUPBOAVDooepHUHFV8V0RaNkoJS3R1CBjyr0J3BJyR0HrU6u2o5iWkgEb4HvUJUcMnfr1phrmE0QlkggbgDPQdKiMqJAG+/l5VCGFKKs/P/AI1MxmipWADv+VY5PSaaGdznHp71NoHKgDqfjRtruwMk561EbSXnQ22CT/OvATkFpSsHGw6+9dPPoz7SIfDTVFzIIVLu7TZ28kR0kf8A5K5vWu3FS22SjKlEDcfj8q649inR0jR/Z/sf1xnupF6ceuy0lODyOqw1n/y0IPwNR7l4hgzp7yM70pSq8kClKUB4RmvgpxUSlAQaVEKfavOSgPivlY881E5a8KSdiKAp0hgK61TpFuSsEkVXy2D161CcjpPQUBajlpKVFTeUkjqk4NY04g8BOFnEjvEa54c2C+cwwHpcBBfH+F5IDg+Sqza5E5sjG1S7kAY3FM4BoPr36MXgxfi7I0VfNR6RkK3S2l1Nxig/7t/9YB8Ha1y139Glx800XH9HXXTmsYyclKGpBgSiP92/4Cfg5XXt21pIPhG9Sj1laV9wVsVWcepi4JnArW3CXinw0cLPEDh1qKwgEjvZsBYYP+F5OWyPgqrVbcacSFoWlSf2gQR+Ir9CMnT6FtLZUgFpYwps7pUPQp6H51hriD2Oez7xGU5I1JwqsoluZzNtzRt8nJ8+eOUZP+IGt0bntRg6ZxXSjPX4Zrwt9M7jzNdGdd/RV6SkhyRw24lXizuZJRFvEZE5ge3eN924B8QqteNcfR8dpnRpcdtunbbquIjJDlknJW6R69y8G3PkAqtyrQZg4NGt4QcbZNRkEYPOSo/Hzqp6j0lq3RM02/WWlrtYZIOO7uUN2KrPt3gSD8iapaSkAFeQDtkj+tblJGOCIlJBBbxmqlCmJCe7eZ5wfQb1T2/ECptXNg4I8xX2pKhh1OME7+W9bIvHIxayVSZeIsZpQZjgKG4z5H4VQtPLedjpeUoKcWSs+eSST0qO6zGlJIcUptY2C0jIPxFS1iDaISFpUCBtk7Eb0cm5IYwi6E8xbHOR03Aqmyoa3nTyuFGTjbNT0d3vGedHl5elfEp5EWKt5xOeUbb9fSs3jG5iig2R9hq93MvvEIILaFdAcKG35VWhFgoPfR+dtY+82oD8jUmx9VaipRLjs98vxPEZ3UTn8s/lXw6uM2lJjZIVvuc/zrWnwoyxkm1XBQWrkV5+WwNQVvOuqyo8xJHvUqnmWo7jJPr0qpRIhXjCDsfTOK8csnuMBltSiCo4z5VWIsRSQkkZJ6VNWe0PSnQyw2qQ8ThLbKS4v4BKckmsu6L7MXaA1sttzTnCLUhaeICZMyH9Tax6875QMVi5KPNnqTfIxMYqtkpzkYyfOq5aLQG/GTgncEjetw9B/RmcUbmI8nXOr7HYGluAvMxwudJSjzwRytc3l9pQ+PSts+FnYv4G8L1sT29Pr1DdmCFpn3lQfKVj7yWgA2nfoeUketaZXMI8tzJU2zUXsy9i3VHEWTC1braI7ZdKBaXMPJKJVxbG/K0k7obPQuKxnJ5Qeo6VQoUW2w2LfBYQxGjNpZZaQMJQhIASkDyAAAqMAB0r2odSpKo8s3Rio8hSlK1mQpSlAKUpQClKUArzAr2lAeYFeFA9B+FfVKAhlvO+K+VNg+QqNSgJZTAPlUNUVJ9KnMCnLQFOVCChgAVBct49KqpQPSvO7HpQFDctaCN0CpN6ytrzlAIPkRVzFsH0r5Uwkj7NAWNdtJ2+7RF2+62+POiLGFMSmUvNEehQsFP5Vg3W/YX7NmtFuPzOFdutklzJVIsrjluXn1wyoIJ+Ka2mMRCuqagrgIV5A16m1yGMnOzWP0WehZKVu6G4kajszh3S1cY7NwZ9gVJ7pzHzNYM1d9HT2hdMKcc0+5pzVbA6fVJ31V9Q/wB1JCUk+wWa6/O2pKs+GpR2xtrz4PyrbGvOPUx4Is4Paw4LcWNBOLGr+GWpbOlP2lyLe4pg/B5AUj+LFY5Z5WHF29tSSuOpXhzlXITlJx188fEV+hpem2t0pQUBWxCTjPxqx9VdnLg9rlZd1jwt0teHTkd9KtLJd36/rAkL/irYrp9UYfK7DhTElvMLKuQkb8w6bVMy5ceVyl0lTWxHIvG+fXzxXY24fR5dle6q518K24Z6/wCo3OYwB8AHSBUsz9G32XkrBVpO9KH7K79IUPz3/Otqu0jH5TON6ylWzIdUnqS4Onzq++GPAPjBxhkpY4d8P7vdmc8qpbbPdRGvdchzDY/zE+1djdHdijs1aKkNzLRwls78logoeuXPOUkjzAeUpP8ADWZ4tlhw2W40dlpllkcrbTSAhCB6JSMAD2ArXK67EZKn2nNjhL9FPepqWZ3GDiAxbUHClW6wt9877hUh0coP+FCvjW1uh+wT2W9FIbUjhui+SW//AJi+S3ZpP7iiG/4K2GQw2gYA/GvsADyrRKrOXNmaikUnTmi9H6RZEfSulbPZmQOUIt8FqOnH7iRVbwPSvlIPwr7rWZClKUApSlAKUpQClKUApSlAKUpQClKUApSlAKUpQClKUApSlAK8xmvaUB5gV4U/OvqlAQy2PSvOQf8AIqLSgIJZz90V4GU7E1HrzA8xQEPlSNgRXn41FwKYFAQ8H0pg1FpQEMJJr0I9a+6UApSlAKUpQClKUApSlAKUpQClKUApSlAKUpQClKUApSlAKUpQClKUApSlAKUpQClKUApSlAKUpQClKUApSlAKUpQClKUApSlAKUpQClKUApSlAKUpQClKUApSlAKUpQClKUApSlAKUpQClKUApSlAKUpQClKUApSlAKUpQClKUApSlAKUpQClKUApSlAKUpQClKUApSlAKUpQClKUApSlAKUpQClKUApSlAKUpQClKUApSlAKUpQClKUApSlAKUpQClKUApSlAf/Z',12),(201702,'data:image/jpeg;base64,/9j/4AAQSkZJRgABAQAAAQABAAD/2wBDAAMCAgICAgMCAgIDAwMDBAYEBAQEBAgGBgUGCQgKCgkICQkKDA8MCgsOCwkJDRENDg8QEBEQCgwSExIQEw8QEBD/2wBDAQMDAwQDBAgEBAgQCwkLEBAQEBAQEBAQEBAQEBAQEBAQEBAQEBAQEBAQEBAQEBAQEBAQEBAQEBAQEBAQEBAQEBD/wAARCAEsASwDASIAAhEBAxEB/8QAHQABAAIDAQEBAQAAAAAAAAAAAAMEAgUGAQcICf/EAEEQAAEDAgQDBQYDBQcEAwAAAAEAAgMEEQUSITFBUWEGEyJxgQcUMkKRobHB8BUjUtHhJENicoKS8QgzU8I0g7L/xAAYAQEBAQEBAAAAAAAAAAAAAAAAAQIDBP/EACIRAQEAAgICAgMBAQAAAAAAAAABAhESIQMxQVEEE2EiFP/aAAwDAQACEQMRAD8A/qmiIgIiICIiAiIgIiICIiAiIgIiICIiAiIgIiICIiAiIgIiICIiAiIgIiICIiAiIgIiICIiAiIgIiICIiAiIgIiICIiAiIgIiICIiAiIgIiICIiAiIgIiICIiAiIgIiICIiAiIgIiICIiAiIgIiICKKeojp2F8hsAqb8VzD9yz1Klsg2KLVCvqAblwPSy2FPM2eMSAW4EcikuxKiIqCIiAiIgIiICIiAiIgIiICIiAiIgIiICIiAiIgIiICjnmbBGXu2CkWvxc/uct7X0SjwYmx7A8FwuL22U9JVtqC4XGm2q1DaSEtDHve4ADTNb8FKDHAMsbQ0Dkkl+Vv8bxFpoq50brh+nIrawTNnjD2+qtmkSIiKDVYuXZ2A3tdUWhbbEoO9izDcLWMa4i7QueU7aj1qt4fNklyE6P/ABVS2U6lZsdlIcOCkvZW8RYQyd7E1/MarNdWRERAREQEREBERAREQEREBERAREQEREBERAREQEREBanFpLzRs4X/ACW2Wlxi4njdb5rfYoIc9nFwUFTNlYXBevOQXG3LmtTidUY4nkustBS4y2aR0dy1zTax4hbyhxDu3gg6HQhfP8LlD2CdzzdxzDXhdb6nrw0hufjpdWj6BHIyVgew3BR7xG0udwWgwjFmghj3eF32WyxGYFrY2n4tbjXRYvQ8fOZzr8N7Ac1BJYat22NtvT9aKHvPEYxYAWDrnTXgeh4O9FYBBF9eWo1vyPX8QuV7FOTwu2XjHWdY8dlNLC+QZY2X5G+g9eR/WyiMTmHM86sOtlj1W2yw2b4oj5hX1o4ZWxODmnW6tw4rF3/u00rA/TQkA67HyXTHKeqzY2KIi6IIiICIiAiIgIiICIiAiIgIiICIiAiIgIiICIiAtPj/AIWMkG7HNdt1W4Wqx/L7q7MOHK6l9DWSuuw2F9OC4/tLXmGN7RxuutjPeUrTe5AsfRfLfaTX+4NkcSRYE256LrPW0tS0OJBlJGP8LfwViPGWl4F9ivn7e0bY6YNJtZoVVvaUQMfUSvtYEkXWdq+u0PaFjahkOfxHXQrsaKv96ha5rycosCDqCeXXl9F8l9n/AGc7Q9pKf9tTNFFS1BLo5pQTdv8Agbu7z0Hmvp+F4XheDwGlZNPVyON3l5L3O4fC0WA6JlNxI2Qnij3e0b7DTrpvl5jhursDXPbmIIadNTuAdvIcCq0NLTy5Z305Goc0OYWkEaD9cumi9xGvnp4XDDaQ1M40LMwa1vmfyH2XHWlWqioip8hkNi92VjQNXE8AFBUMlcHPke1ocNm9Oq1+Cl9TOa6oe6SRoIu5tiDta3y21u3Y6FbF721EvdAkCM2Oul97ef2Oyx7a9KFJFUNc/vXEtBGXXT+anma0yMnkp4zK0ENeG3zDi3mDxt9FYLXN+W+u44pZrgY3tDg7QtKYzjel9r9FXsma1j3eI7Hmrq4LEa3EsJxqCKZtsMqWke8k5S2a+jSeBI1HPVdph9SKqljkzXdazvMaFdZnLdM6sm1lERaQREQEREBERAREQEREBERAREQEREBERAREQFp+0X/xiALngOa3C0GNTd5O2HNYA3Kl9DXUkwLBIXExu+I8jz+n81809vPZ7EJsAbjOGQulZTPHvIYCSITu7yBtfob8F9Ec11JKXAXjJu7/AA/0/A9CpoajKLwSOZrew1FvI7cipjlqcauvp+O48Rkr5mU1IH1EjiGtjhaXuvyAFyfovrPYT2N4pic1NivbaB9HQxuEkeGv/wC/UkagSD5GcwfEegX2uN0cT3SU8cUT37uiiaxzvPKLnyuo5ZmsBNt+epd/MfcJyhpfp4IZG5ZGgtjs1sbDlY1ttBYclcdPHRw2Y0Rt4NYMo+gWuoTIGZ5BbOQRrw/V1LV09NXQGGqi7yMG5GYtPmCCCPQ80ltn9RnV1UgcKSjAfUuG3Bg/id06cVHAyqw2FsVS/vm/+YC1yf4uvUfZT00VPTMyU8LIhzaN/M7lWA55BBAcDvqrJoQRNia50kTAO9OZ5GhJ5nmsLCle1peXB5Ju49dieV9jwPmvHU/cPD4JmMad2O2Hl+vosPdmy1rqmWV8rbZI4w3K1jba34uv+QTLKa6IutIlHhaT5t/HrzHHdSCLLsGjpuqr8TpYCYhIHPA0jjGZ221hxsp4jUTMzSNEIPwtvd1uZ4Bc9yrpjV0UFdTSUtXC2SKUZXsdtb9a34KSlcyikjjYGtiDclm7NAGihnDc3dMu953c4kgKscIgc8y97OyQ8WykfbZN33IadG17XtDmEEHYrJaOjqaumc5tQQWN1Dx8Lh+RW4gmZUQsnj+GRocPIrpLtEiIioIiICIiAiIgIiICIiAiIgIiICIiAiIg8cbNJ5LlcReZax7r6NGW3W97rpKyUQwOeTwXKueJHF5HxG/1QZNIlZr8Q3KhdTNDszHOjJ5aj6L03aczeCkbNpci55hYv9EIpnlpYakkEW+DX8VNHSRNcJC10jr3u/7dL9d1kKho+Vyy94GzWWv1U1F2mAJOpKzbcdLKs18hINz0ACla+2pv6rURLaw8JDejv5rWY5hvaCunoJ8Fx79nsp5g6ri7hszaqG/iYM3wOsNHjbXQ3WwbPE64EjSejgpAQdbcN7JZMoICcSeT3FDBA2/xSyXJHQD8yuaxSm7WS4tJHUVb3YccpaaeLKADp4gCXOsdCL6g3GxXXB54E2Xt7gG5a7g4fr8VnLxyxZdKWC4b7kWl1N3bQNnG5vwH+K1zZ2htopDictS4thY5lyQSRqLb2HE6bGxsbqYTS95ke2x3v8p8jz5j/lUYMRpq2pmdFDGHRvMT3OlaAC07kXve/RYsmOos7bKCM2BYDldY3vv1vx891YDLGxJKoNxej75lNHOJ55HWDY9bnjrsLKeqqWwANkdeRw0YCbevG3VXcTX2yqZ6KEFlRKwXHwk3J9FBF2goaCMRNkcIr2Z3jSBqfhBP2Cwhpm5szgC8kAm32Fvy9CdlO5kb2mNzQ9jtC1wBDgr/AK9w6bmnqGVEYe068RyUq56njloZC6OQ9zYFrTq5vS/ELb4dWsr6f3iMtIzObcG4NjYrcvxUWkRFoEREBERAREQEREBERAREQEREBEUc8gjic4nhog5ftd2lgoKyhwZpBlrnuBJOjIwDd3mTYDzPJU4Hh47s/E3bq3+i+O+0zH8YHbSomY/K+nkApQTYOjFiLHbXU353C6Tsn7RqHFWMosYJpKwWAc8ZWPP/AKu4W2PA30WbLOx9Et11XjxGPFJlbfiSAVRc58gsauextoH28tRa/wCfQqIxwg2dE0knMAOJ5tJ2PRZuSppcVw+E272WUj5Y2uP3On3VQSyyRZpKx4zg2LZD3ep2BFi0j9clnK6mqARUvFx4e8B2PJ44FQ92+lAY9pa0jwyM8QIv8w4jqsW2qiikZE496ZpA7wm8zrg33BJV7u6aZxjlpmT8HXbaQeY4qjNG8hszI292QQ5zDdp15KWAxyARPkBI1AfsfI8FNqyZSUwdYQtbYmwLQthFTNa3vKOd4cBchri0j0WrrMRpaYd2+WWSZn90LOIHV2w9SFQ/bzySHVtFTNJuPDJO4f7bD8VZPpNupjr6qI5XgTW0Id4XehGh+iv09ZFUg5HWcPia7QjzHLquXp8acWtccRw+vhc4ML47xyMcdrgkg/ZbONwkDZGnK4atcNx5LW8sfZ1W9OV2jtRz4jyWlxbsvQV1Q7EWRxMrCLd65ngk4ZXgcCLD8NVcixBrQBUnI4bmxLT1FtvJSNxGmLg0CQtOhdk8I+uv2Vy4ZztJuPMJw5mGh3wAuaGDLuAOBOl7bC4uBpqsTA6kqS+Zxf3jiWSHjyF/lNtOTlbILG6as4EcB/JaLHe078JxCnw5tJNK6WIytIZcEg2trxG9t9lnK4+Obqzduo6KOKwBkFrjRtradeX+XhwVhrWDxW157laLBa+txOQvfCYYgMznk3Lr7WG3PjcW1AW2qquOkiMkzg1o08zyCTLc2lmunss7WDfRVpMQbRRmVzpImAFxIYbdToFWoJ6maeplnAaMre5bl1buCT128vubroowcwzZhpmDiD9lZ/qbgu4JjEGM0zaimeJI3NDmSt+F7TxC2S5mCmbQSOqKQCO93PAs0HqeC3dJiEc5EbyGyEXsDofJbxt1rL2XXwtoiLSCIiAiIgIiICIiAiIgIiIC0vaWpdDSFjXWzkNPkVulx3bOod3kMDXWuS76aD8VrH2OC7X9maLH4HU9YCxzdYJ2i7ozxHVptqPzXzyjoK/Cql2GY9Tte5pytnaMweCL3N9wSTrv4SvsZPfhpI0e2xHIhajE8Jjnb42XyXLHADM2+9r8xuNivRn4+U3GWkwjFMQwpjGRyCWlGUd1I+7Bf+F27NiLG7bjZdXQYvh+JuEEr+6ldtBMbF/UHZ48ifyXOUsMcL4qKrJDpCGd4SO7kd/6E2Gh+YC17lXanAqhsTxh+R0brudSzNzRuNzfKPkOn5cl5bh206zPE0FhGmx0Fvoon0xDS6jczLxjfrGfTdp6hcdT4rPSTNpGVLqaW1xS1zi5h/ySbgedwt1TY81krIa2J9HK7RgkPhd/leND9j0WLiLzoosxiGalll+JjneCTyOx/FanG62uw2T3aON0b32/eW3vwHP01/FdE2aOVhjmYCDvcXB8ws2tfE20YEsR2Y47f5XfkVizTW9uZw3slPORLikhjDvE2EGzneuoafqeqsYrR4ZglL3rsNgIdK2NplBdbMdyb3sONuS34LchEXijGjonaOb6cPwUVbDTVcBbNeVmxY7dvrv6qbTT5/2sw6iMFPiGHPAbUPLHNY42D2E7XsbXBtcLuOzzpX4RSy1Epke9rgSTvZx362suZ7TBs+IYfg9LE21MDJkaNibBrfqV2NLAymooqdjWvEUQayRmziNNeR3/AKK27hF6PKW2e31Gtl6YDwOYEb3UEMxOpdk8xofNWGus7KBkcdbbtd5LLTKlqHQ+G4MYGw3HkrL4IKjJniikYwh7c7A6xGxBKpB7mP1IBB1UgfJC68GXLfVjvhv05FXG/FLjt5DidbLWVGHtwuqhMLvBNIz9zIzg5rxp5jfovaugfJKysdIZZogQADZpB/hB+F3/AOtipjPPbSJm3Fx++ixkqagA5e6HO7SbD66p1rtO3sIyuY0tyl1m5SOA1vbYDbThfdTTzGFgLY87idAXWHXVUnz1rcoZJGwO/hiCke2QkOlcS8fNfQDkAnPU6Xj9p21TQbPikad9sw67LEC+oa4Ak2NrFYgxZNWkE8d7rMZS0AaEDY8UuVprTYUmJlloqk3A+Yb+q2bHtkaHscHNOxC5y923zDT6hZ09ZJTHPC8WduDq0rcz+0sdEip0uJQVFmOOR/I7E9FcW5dsiIioIiICIiAiIgIiIC4btm0+9wu1sWuH3C7lct2xoy+nFSL3iNz5Hf8AJaxuqOP72Rrbje4PqrcM8dVGbgBw4KqGAt3UEkb43Z2Eh3ML0y2Ms67DI52kBgc1wsWkXBCpUlfWYVmpnRvnhzXDXO8Yva9ifiGmx1BAsTstnBiIJyVFgToHcCpaikiqG7eq1ccfJBBUUuEY5Tg3ZMwAhtvC4cTfiCOIO2+xK5uvwXG8EheKGoFdQjMJKeXxWaeQPnr6brazUE9LMJ6eR8cgFmyMNnAcuo6FTU2MyMzR4g0AGwbNG2zW23zN3HmLga8DZcMvHcTbRYJ2hBldR007aWZhsKKrJDTbgx27fuOi6vDcdimm9zma+mq7C9PLu4c2nZw8votLjPZ7DsYgbM2FpOuR7beIA2NiNLg+nDYgjnZ6qvwgHCsZp3Yph7SO7cDaWDkWP3t58rbhcrhKu31RvdTkO1ZI3QEGzm+R5dCvJIQWkyBoI+cCw/1Dh57eS4vDO0lVR0wqXTOxbCwcpnaP7TT9JG/N62PUrr8PxKmrqZlVRztngeLtkYfx69CudxWVR/ZMFNigxKRz2SX+OwLdb2O2u5021W2Dyw5szY3O2cB4H+f69Vl3bHjw2yu3bw+nD9aKs6Cem8UVnxm5LDt/Rc7LGnpDo3FrtwrDHhzbM1FrmN3AdOn60VQSRO1jBadnNO7VPE67B3gu1p0c3dqipCAXtytcRvY735Ky1xNyT1N9x1PPZQuuWtJII4OB3CmBFhZtr9fwPTkosSjZoAPTXX05+SEAggE/lfpyKg71pYRpuL30BNuPIrPvNbi4sNeJA5HmFU0Fz3m2U5RZ1yLH/lSB0hjJNnDbqFg3OAMj7h2g1uDqkTn7AnZZaSRvcQWWDg3gvA4C4yAg8OKjzPEhJ0LiNBwWT3vDhcAW4pKPSWh3hvbkeCxtGLN8OUnZeucXMu5t77OXmYPFnDUDcBIPS02Ot2nirNNitVS2Y794wfKfyKptddtrG5J1C90+Akeq1KaldFSYlTVYsx2V/wDA7dW1yBaNyLOGtwdVsaHGZYnCKpvI07O4j+a64576rFx03yLCKVkzBJG67XbFZrbIiIgIiICIiAoKymZVQuikaCCCCCNwp0QfNcVw2XBqjI8EwPNo3nh/hPVVrNeL6ar6PiGG0+IU76eeMOZIMrgeIXz7HcErezkEtaxzp6OIF8jrXfG0bkgbgcSF1x8muqlijU0wDLtbvuoYaiopjYG7R8rtvRZUmLUlZCyogljlikF2vY4OY4dCNCrDu6laHt1yixHMLrLvuJ6exV0M2h8LuTljNRxSnO0WPRRvo2ObmZudQFE2WppjZ4zt+4W+V9VFd8FTSh3uz8lzdzCLtPUjgeFx63XsrqbEQ6AQlkmVz+6droN7H5httrpe1xrsBLBUt0cA8bcx0VOpomy+EsDXtN+I15gjUHy1CxlhL3BylTQ1OE1ZrcMmEErjZxy3a8cngaOHD1FtCFfwmr7mZ1Xgx9xqZLOloi7NDN1jJ/A+hUtXFJC1zai8viNpDroflcBw1+IcCQdbFVH0b2PcAyxaSC0kfFxN9tee17HZ2nLHG26pa7rCMepq8Bjmupqi+UxP0uen6+q3DZL/ABA7L5/S1kmQRzjNycQL2/PyXSYfiws2OR5e0D4j8Q8+YWc/FZ3GpW3npGuGaOwJ4X0P8lVjc6OUxSOMch0AI3CttkBbnY4EOHoV49kdQwtkBt9wvNlj9NzLXt6HNDTuxw1LevMLKMmezQQG2s+2oHSx+qiZTHUPqS9nDw+Iev8ARWmFjGhjBZo4cfNZmFt7W5fSZtmtytB06rx0cbhtl4gjRY30KyLiBcWv1Xbixt53b2k+NpvzFr+Y29Vi653Yf1yIWfeO4s+hTvRvZwHks3CNcqiOR7iWnY3Ov6+qzJe9tifCdRr9lJna7axtzCx/sxv4WAnfhdT9dOTwEsu0OPqNAOqjzOabtcGlxUhZAQBcCx0s43H3XhhiuDqOFs26n615Rh3ljmAaNd9rlHvaToAOZ4X5eayMMQt+8II1+Ne5KYbkerv6qcL8nKI3SeG977ac17HHI5zZHmwGtuZ4KRpgafA3W2lmrwyuOmjPuVqY6Z5LVJiD6ObS7mEeNv64roo5GSsbJG67XC4PRcZLLHE0uc4NaASSSrnYrtThGOe9UGHYlDUPpSHOa12rQT9xfiNFuVHUoiLQIiICIiAiIgLCSJkgs4LNEHGYx7LOzGIyvqqKnlwurkN3VGHSdw5x5uaBkf8A6mlcfiXYb2h4Fmkwmeg7QQN2jlPuVUR5jNE4/wCxfY15YHcJuz0PkmF4P21nghqqjs++jEjS6WGoqYjJEeVmFwJ9bLKoM9K7u8Ro5YTzc2wPkdivrOVu1goJ6GmqWlk0TXNO4cAR9CtzyWJp8lMcMjg6CQNPmpGyO0iqdD8r+q7DGuw1LUNMuHBtNLv4R4HeY4eYXKVmD43hoPvVG98Y+eP9431tqPouuPklTSpURlzi1414HmqbYe5fqy7bWy8P106lW45opmGMOuB8JB+E8lkMsjbOAvxW9/SI2wxTNDsvEn14j9fkvTSywkOju4bDmsXRywOD49QrVNPHK3K4Brhw6dP1+C3LL1U9JKPFHwjKXW89j/JbelrYpmgnwOPAn81qJqZkoLh4XcT+v1uqhM1OMhBt9Vzz8UyWZOsa/gSsw/hyXNwYu5hAL3NsOOoWwhxaGS2fQ21sbrz5eLLFrbbtksLXv1QSa6/VUPeY3AGOQE8gVmJeIO659+lTVNfBSFjZX+OUkMYNS4jU+g4k6C4UP7Xk1BoHsd8veStF/UXVTEnSuEc0YjLWZmva86WNrG/CxHPiqkcoae5EhYeMM+x6hx/5WblVkbZuLVB/7lCGOPw3mzA+obsshilUAe8oo2jUNd32Zp+jf+Fqu+DJCwfuH/NHKbxu9T+uq8NQGSGxNPMRqx58D/Xb6/VN1dNp+1KkG8lHCG7Ne2UuB+323Xn7Tn/vaSHKfhcJS4X/ANv9VqzUlj7EiBxOsch8DvI/rzXhmcxzoy3I8nWJ+zjyBP5+hU5Gm1/acwvno4QbeG02h9cv/CygxeN7xDPTvppCbNzEFrj0cFojOSH5AXi5L4nuNx1HH13CjdURlgie4mB4Ia4/KeR6f8hOWjTqpKiw31UHvceR0skjWMYCXOcdABuSeS1kFQ+ejhkleS/4JOPiGhXJ+1bE34b2MmbEXMNVURUxsbeAkud9Qy3qtcutppznbf2lTYw+XDsIeWUOrS4aOmHXkDy+q1Xs87Tv7OdsMPxV8hbCZRBU8jE+zXfQ2d/pXEU85cfEdTqdeK2FDDU4jUxUFDC+WoqXiCJjRcue42A+qx/UftpFBQxSwUUEM7w+SOJjXuHzOAAJ+qnXYEREBERAREQEREBERAREQFg+KN/xNCzRBocW7H4Tit3yU4ZKf72M5Hj1G/rdcfV9hcRwWOepixKSubmzNidEA5jehB8R9B0X05YvY2RuVwuFqZXH0PkFPMyTR1tUnoswzxHUcl2naHsXDW5qnDy2nqCSSQ27Hn/EB+I181yLKLHsPmdFV4JU92wEmZoDo7Dk4fyuuuPkl6rNitHWuidkqAWkH4+HqFaEkcrbmzmn6fr+ix/slW3WwJ9FVmw+ogBlpZTp8p0XbHKz+pYsvpInm7TlVd1HLGczLHj4VAK+oiuyohOh1IU8eKUxNzJlPULXLGs6rAzVMHxh2nMKRmMytGXOdDsSpm10Lte9jPLX9eS8c2km0dDG7r+volwxyXbMY1G5pZKAQ7wkEaFa+N87LMjrYJ6YkhsU7SCPJwU78OoH/C2Rl/4XfzUJwenOrKiVp5FoNuYXPLwY1ZlVy8ojDWhsket4nuzW/wAp/wCEcHujsInlg1MMzTp/lcqJwif+7r28tQQgoMTBGXEWgb6X2XO/iyrzSukkY3KI5JIB8UL2+JnVpssXSBgbBOXOgcLxyAG7R+twsvdsW2OIi+19dP6LB0WKNGZ2KgeZ+3n1WL+L/V5j3yOk7oyWqIwDFID8Y4C/4H0VeOpM0hdFC9zJCGTRtYbsdwcPx+o4rOSaeLWXHohbW2bf+qrPr4HG37Sqag32iadVP+aT3V5t9hskkUMzJmOaC4OBc3jsbdNAVwvtnr6WbAaGhM1icQbmFwCf3cliBxHNXcRxOPDaWSrqKZ0UTASXTS6uPAAbkngAuAw7Ae2fthxwOwrC4oqemJjMxcfd6UHfM/55CNw2+mg5nPkwxwmp7JduWpQ6SoZTUrHyySkMjYxpL3uJ0AA1JK/S/sa9kjuy0bO0naOIHFpWHuYTqKRpGv8A9hGhI2Gg4lbv2dex3s12Baytaw1+LZbPrp2jM2+4jbsweWp4ld7toFzmPzR6iItgiIgIiICIiAiIgIiICIiAiIgIiICjkgjkBDmjVSIg+cduOw+NuAxHscKP3kSZ5qaqc5kUzbbNe0Hu3Xsb2IPGy4OTtpLgFS2i7YYZW4DM45WmvjHu8h2syoZeN3qQV+giAdCq1XhtHXQvpqqnjlhkFnxyMD2OHVp0Ksyyl6o+SRV9NJA2aEB7OJDswLTyOxWTosNqRcBoJG40XR1PsQ7BOMkmF4bPhEspJc/DKuWm1P8Aha7L6ZVzOI+yLt1h8hPZntvTVUGpEOM0Wd46d9CWk+rV0nmvzGdIpcIp3D93MBrxVc4SYzrNlB4tcoKjsj7Z6QWGBdmq4AXvBicsNz/lkZ+a181D7XoS5s3sylmLbWNNi0D2nTrYrX7cTVbY4XI0Zm1j2n7rH9n1Y0ZXO+qhw3APajiFVFDP2HNBA63eT1WLQ2Z1DGBznfZTdoeyntKwpkLsJ7OU2M95o9sGICJ0R4XD2gEdR9Ff24JqopaTEy0tjxMtPA30UDabER4KzEZGknUtfoqLcC9tVVIY2ezqkhF/jqMZjtb/AEhWj7MvbZicDQKrs9gni8VpHVb3C/AlmUab6E32sp+3FdVM6kpA0iTF5ndAVBOzBKRveVc0uQbullyD6myu03/T724qmtGMe1Wpa0/G2jowz6G7fwW4w/8A6YOwUc3vOOVeL41JuTV1WhPPwi/3Wb5b8Q0+eVvb/sDhhs2rgldsBEHSm/pp91ZwfEe33bN1uxXYucUjtBW1w93g89bX8hdfcsB9l/YHs0c2D9lMNgk/8hgEj/8Ac+5XUNY1lg0baBYueV+VkfH+z/sBZU1DMT9oeOPxica+6QAxUzeh+Z46eEHiCvrGHYZh+EUsdDhlFBS08QsyKGMMY3yA0VpFlRERAREQEREBERAREQEREBERAREQEREBERAREQEREBERB5YHcJlb/CPovUQeAAbBCAdwF6iDzK3kF6iICIiAiIgIiICIiAiIgIiICIiAiIgIiICIiAiIgIiICIiAiIgIiICIiAiIgIiICIiAiIgIiICIiAiIgIiICIiAiIgIiICIiAiIgIiICIiAiIgIiICIiAiIgIiICIiAiIgIiICIiAiIgIiICIiAiIgIiICIiAiIgIiICIiAiIgIiICIiAiIgIiICIiAiIgIiICIiAiIgIiICIiAiIgIiIP/2Q==',14),(201703,'data:image/jpeg;base64,/9j/4AAQSkZJRgABAQAAAQABAAD/2wBDAAMCAgICAgMCAgIDAwMDBAYEBAQEBAgGBgUGCQgKCgkICQkKDA8MCgsOCwkJDRENDg8QEBEQCgwSExIQEw8QEBD/2wBDAQMDAwQDBAgEBAgQCwkLEBAQEBAQEBAQEBAQEBAQEBAQEBAQEBAQEBAQEBAQEBAQEBAQEBAQEBAQEBAQEBAQEBD/wAARCAEsASwDASIAAhEBAxEB/8QAHgABAAAHAQEBAAAAAAAAAAAAAAMEBQYHCAkCAQr/xABFEAABAwMDAgQDBAgDBgUFAAABAgMEAAURBhIhBzEIE0FRImFxFCMygQkVFkKRobHwUmLRFyQzcoLBQ1OissIlNGNzkv/EABwBAQEBAAMBAQEAAAAAAAAAAAABAgMEBQYHCP/EADcRAQABAwMCAwUECQUAAAAAAAABAgMRBCExBRIGQVETYXGBkUJiocEUFSIyM4Kx0fCSotLh8f/aAAwDAQACEQMRAD8A6p0pSgUpSgUpSgUpSgUpSgUpSgUpSgUpSgUpSgUpSgUpSgUpSgUpSgUpSgUpSgUpSgUpSgUpSgUpSgUpSgUpSgUpSgUpSgUpSgUpSgUpSgUpSgUpSgUpSgUpSgUpSgUpSgUpSgUpSgUpSgUpSgUpSgUpSgUpSgUpSgUpSgUpSgUpSgUpSgUpSgUpSgUpSgUpSgUpSgUpSgUpSgUpSgUpSgUpSgUpSgUpSgUpSgUpSgUpXxSghJUo4A5JNA7d6ZHz/hXN/wAU3jx1bdb/ACdKdH7w/ZdNxXFMfriEUibdXAcKLK1f8FkEEAp+8VjdxwK0uv3UrXN0uv60ues7/KnZ3pffush11JOT+IubvfkEA4HY8VcLEO+Nfa5JdAP0gfV3pXLiWnXVzc1vpYOBpxqW5m4Rm92MsyFcrI/wOFQOMAorqV0+6gaU6oaRt2t9FXZu42m5teay8jgg5wpC0nlK0kFKknkEEVMEwuOlKUQpSlApSlApSlApSlApSlApSlApSlApSlApSlApSlApSlApSlApSlApSlApSlArCnjJ6iO9NPDrq68wbh9juc+KLRbVgjeZMkhsbfmlBcXxyAgn0rNdcy/0pvUFy89Q9MdNYcrcxYoK50lsJPwSZA+Hdzg/doGOARuPfdVhYaV326oUtPkFryo6AhBUQrcQFgDKfpxwFf5s81absolZW4oqClncUcjOTzjtnv3598HFVDU04NKQELOUJWlauMr3cpJHfGF+px8qt1UxKVpKFE+xT3x64xz/AAx27nGa1K4VaNcXWlp3OfEVgn37dwTyf3ecexrbXwPeKZ3oTrgad1Jc1K0JqN9Kbj5pKhbZB4RMTzwnnDgHdGFd0DOliJn36W9yVNk54Hyz6eo5Pc1V9N3U/bXmXlEtFZQkjsk/kMe/95qck7v0Zx5DEthuTGeQ6y6kLbcQoKStJGQQRwQRyDUSuU/hJ8dt96LIiaA6niXedEoQERpDafMm2nPYIGfvWBz93+JI/BnGyummjeo+heoWmm9YaL1TbrvZ3EbzKjvApbAGSHAcFtQHdKwCPUCpMYZXHnFWvrDql026fp3a417p+wkjKUXG5MsLX7BKFKClH5AE1jW+WbUfWYG4XnW2pNN6UkcwLPYJZt0iZH/dfly0jzx5gO5LLSmwlCk7ypRITM6A6G9HemklVw0f07ssG4LO5y5OR/tM9w/4lSnit5R+e+rFLPdC4Lf1307qParQ2ltYamaX+GRDsb0eKr5pkS/JaUPmlRFXLatQ6nnSB9u0d+roxHd65NOO5xwNjQUnv/n/AI1MJloUApSyo+5Oaxj1s8TXSPoTBX+2+pWf1q4ytyNZ4yVPy3iE5G5tAJaQTgb17RzxmmF5ZV09qrTmrIr0zTd8g3NqNIciSFRJCHgy+2ra40soJ2rSRgg1VciuC2r+sl5vd6k3PTFthaJZnhP2u36T862xJa0FSkuOtNuYUsbsZBA4HAOc3V0y8a3iK6Zlm32nqTc5MJBG2NdsTmAPRP325SUnH7qk496TS1h3ApWmHhW/SNaZ626shdLde2FrT2q5e5mO/Hf3Q5chIz5YSr42VqHKQStJxgKyQDud35rKPtKUoFKUoFKUoFKUoFKUoFKUoFKUoFKUoFKUoFKUoFKUoIE2ZGt8N+dNfQzHjtqddcWcJQhIJUo/IAE1wt659QZPU/rFqPW0t5SzdZ7z7IIB2xwrawnnsEoQjv8AMetddPF9qp3Sfh71dIjPFqTcYotbJBwcyFBtX/oK64tTkKRqN6M+8UuFsOoBAKQn2+vy9qtPLUbQsTWc1wTSEkMKbUFBOcbRnjGfzwO+CBxVBD5XhRCcL5I9z7e39arWv0FuUl0pCQ7kIOMc5Bx/DHPr3q2i4SRgEfy/v+dWeU4TYkFyUHEkpKAACc8Y9exx9OKmbVKU00uSlSVZUpSh+97HPPoCfTt9ao5d2IcXjlJx3/vI/L2qq2i1XS6pTGhNbg2lIW66dqG/XlR+p4GT3OKguXTt3WWg1KJUkqJ5J7Y/PP8Afb12R8Hg0i31Dk601/1Jj6V0jYmPMuCF3Fcf9cLVw3D8ts75DZ5U4kJUNqcHhVa62a0R2VCLbIr1zlozvWWtkZs45yc4Pp3yT7Diq4xp+8SnEqut1+zjjEeASnjngrPOOfT/ALVuJJdRtVfpBvDbpsuoi6iu97UhexJgWtSWnD7pW8WwRnjIHofQVj6L+lC6ZSrum3Dp5qFLLiwhtQnRw+o47BtQCSc57L7Y98VoXMi2TRsZb6UI+0MvBl0r+9W6tSAtLKFE5KsHcrnAGBjJq1NS9Q31obtkGGhMg4Qvyk7lqJB/eP4SfXGO3ApM4ZiIb0eIH9Irdbkl/S3QlT9piuM7X79NZCZalKAymOjJS1jON53KJyU7eCdGLvqp2ZJfuN3ujj8p93zJD77ynXXVHuVKOVKJPc5z86oL1u1Kw+wb9bJLcaQNwTHyXCD69ueOcVdmoYytU35F7uca0RWokNiKzGtNvbiN7W043KQgbUuKJKlnBJUT2HZmZWNl7dF+lLPVtu+u3fXELRkK1292XCduENx526SUkbYsZsFIcXlTe5IVuSHEnaQazken3gz6eaTeh9TtRSbtqCchvzrdppxm6S4CcAqjqnrT9nbcSvKA60pJ2YSpJWkrVrW3frpaLHK09EvcyBaJryXn4IlupakPp4CloB2rXtVtBI7cVbf6/TLfWxZYy5KkFSFOuqKG0EdxwOTweBSfeMh2vqHpXQHWqB1a6aaHatrFjnidZ7bcJLk9LASCkBxe5BXzlWBgJUfh4Arp/wCFHx46T69yWtIaujQtOasez9jZQ8r7NcQBylor+JLo7+USSRykqwQOfPRTww/7V9Dai1pqLWTFgVZZTTKUXNlyBBSgNoddcelrR28pXw+Xu2kpKgEqBrOz3gi0va7paL70h1Zqi03uG2zeLfc5aY9ws32hpaXGEurG174ikFJQlSVJORnkVmYjyM+Tp9StatP+Nnp/pfQ6nvENNj6J1vaVNxrxY2mXpHmuLWUtSYW1KjIjOgBaVpJCASlZBSazF0u6xdNutGn/ANpummrId7goX5bxZJS6wv8AwOtKAW2eOAoDI5GRWRedKUoFKUoFKUoFKUoFKUoFKUoFKUoFKUoFKUoFKUoNWv0gtyeT0qtGn4ak/abnd96ArslLTK1KcV/lSFZ+ZwO5FcqbhpiOpZaiSnGVtqJZePxLCs91Z/Fuzz75/h0N8fWrm5OubTpmPJQ5+rLYS4hLhJbcfWFKBT2BKG2jnvg+1aL6htqmJBkMHg88H+/epHOV4hYd40/Knsri3rTRnNJIw7BeySR6gKIUPpz9TVsOaJsYdKP1fqUHjKAyVZ4HYhH17n2q/lT3UH4lEbVEgfX1qKbu+WtqXiAokqxxzWt5MrKh9PIqeWtLTXQOd1yk+SjPHdOcnn5H5irg/ZZTKGxdp7LjLYym3wU+WzjvtWo/iB+QTU6qYtw5U4Tg55715ceUc55JPvV3REeucPyUtRUMxY7ScIaSkICE98Y9KlkXhtCwY7Tr20Z+7bKwPlketeXXmckrbQo/NIJqH+sAkgJPB4wOKsRgTV4fRfmnGSlp1CkNtrivnyy2tCTsW2SDtcyc5+Z9MiqbZ9Bt2aCLwGWTNExpENLqC+22pRJW/IXwDgfClIATkjg4NVJiRFlqSiawhe34hkAkHGBj1zg1NIYXEhPwEFUy1Sy2hcdbxSpkIIXv8zOVAFIO3/U1UWjqLUstrUVzsb14lyhAnOocXIc3FSv/ADBjACT3SBxtIxmqC/qaSp/ybNFddb34ekJQFgDuSE5woj5HHH8LsudsN/ZhIcESaIm4Mz3WR56myeEHtlKTnAVnHyqu2G26O07bZ07UDEiQzAjLkIiRsBchQxnco8JHOSeTwcA4puqW0PdNCWWdGn6wtTd6zGfbtjkR0tyQ840vy3HU8oWQvA2qwtIO4DCQFQelOnNNP6st8DqHfU2TT0f7y4yG0F55xCBuLbSEhRLiyNgChgFWTkA1Zn7Uxn1GaHEMsyFq2pZ4Scdkp9TgHv39ajs3K7ywo2yxrUFcpXJOxJ5znH4v7+VPiOmNk8TXRO+3W4Wm7dQNLtaP+xxIlqtkuzzG1pLalF1T63kKQsFQBQkZUAEq/wCMsKauuZ4jOhduns2ljWrE9woAQiztJkoaSc8FSSG0njhKSfoeHF8srfBvTr6EXaemKwpXP2dIAAIP41KPAB9gc8VJ3Sx62E523T3IbscHehTjXmhxB7KJ4xnHI9D3omHWa7PdHetVpCZtgsep40FS44NzYKHoiyAVNKS5scZJGCULIzweeDWKZPSXS/hn6kaY67aDvd30fp2Lc2mtWW+IpTrD9sXwS2y6oKcbC9gWlCnglJLiQgo+LTfw+dZNc9HtVMTpkpVws7e1vyUPqEhyMVErZHPKclSkBZIbXyBhSgdhtU+OG2XrTl809b+k7oYukJ6Iozbmlbb29JT9+3HQwHEgnO1W/t39akxk4dUtPajsWq7JD1Hpq7RrlbLgyl+NLjOBxp1B7EKH8/UHg1Uq4AaU6ka90ZLts3TmubzbXrWv/cnIkx1tLKjyrCQrb8R5UMEK9c11i8EXiqk9f9ESIOvLlZWdY2mUqKtll5DL9xYShKhKEbukElSTsyklORtBxWZjCtnaV8719qBSlKBSlKBSlKBSlKBSlKBSlKBSlKBXh11tlpbzqwhCElSlE4CQO5r3WKvFBrZWg+h+qLuw95cqRF/V8Yg4PmPny8j5hJWfyoObvXHqI71C1tftcFZ8q5XaV9k3IA2xWlBhkZHf4GknPzNYscujUtJZdT2Hqcmo78lMrSLDjQOWJUplY9Rl0qz/AAUKsp+atpwBR5ByaR71lGvMNKVqWkYB7DFURwFKykfXiqu5MS8gJWcZGO/YelU95tO07lI45JJAA+dbRLBZHJPB7/WvvmqUMJVkHkntisp9LvDX1P6rFqda7SLTZl7lKut2C2Y5QgArLaAkuu7QUlWxJCUqC1EIyobf9K/CB0o6eBqbebedW3lCkJMi7MpUwhaslCUREr8vcoEbQpalLwlyM8pQ8umTLTPpn4cOrHVlKZth0+YdoUApV2ua/ssQJUSEkKXgrCiClKkgoKsJKkk1vH0g/R4dCoNmed1rdbprC6KSWJGFuW1uA6RylLKSHUuD0Lqj7hODWYEPrUWfJOT955RBJJOMO7SlGc44WUN5xxJjH/iV8YkuxXW5USQqM9GY3tvNLCC3Hz6EeYgM/L76L7GMe05Zy028QX6PPXOhVyNSdHTK1dYUpU67BVtFziJHO0ITgSU49UAL45Qe9akNz5MdxcV9tSS2vasKGClY4IIPII9Qea6ga68ffS3p9GetrTn7X35negM2N1KY6XUnBTIeUVIZVn0bU+COUk9q0G6+daHuumtF61naN09p9wo2pbtkbDzue65Eg4VIXxwopGOwqxs1nLHEtsFf2y3KCHTkuhecPnbhI7/Dj3Fe7bfDaZzMt9hxpxh0YUUFSCQMk+vw+nNSv2xhAzuB54x61MNyIz6MIT37jHetZEnHtGmJE526WyFASZCi6PJbSnGT6ADgZ+QqtQoEV59QdcQww0hTzzqwdrTaE5Uo8c4APH5VS34MZ4+YuM2pZI+IgZ4ORz3r1GE+3b3orrrqFfB5ZIUo7yQrJJ/DtJ49sipwinp1XBnhbrJTCjj4k7juO30ye2T6gevFUkauiTH/ALBbY7051xxOV+WducjKt3sO/wCXrVRXovS8p1EqLBLTZJUhlLqlMgn/AApJ4Hy7VVGtNh7EWBBAHGEpHbtjt88VdzhkPTPh16g6j0rM6hXjUdvsmmIkF6e7OaaS86602OQ2jdhKvwDK1JCCpIV8S20LwebXcpSx5l5uDhUrDbbZCcnONu1I5Ucjt3z2rIsW/Xqz2ufoy8z5SrNcHUuzobEhSCp1slTZUgEIJSScEgEZqnaO1N+xOqIGsLZBiF+0yPtcVEzcWgsE7CrapJVtIGCFA5A5phWw+iPAVbpOkokjXWs77Cvz+HXWoZQW4qVAFLJS6gK80Z+InjPCQQMmm33wY9UdLum49Ndbwr89EWHIkWWyqFKChjb5byFbUuexyjPvVkSfGb1hfkpZj6sYKwraGYNnjhCckfCQUEBIzwjO3uSnPNW3qLxQ9WpEGRYNT6qv3kz2VtOpchtJ8xtXBCVJRwMZ/ARisY94zTpL9Ib4mOnlkmaOmyoN1mxVmMl2/oEyVDU2rC0+c2tIdzgj41Lx/iNbCeHz9Jm7qK7Mab64aZi29p95EcagtSFiMwtWdv2hlRUUJP8AjSogDkpAyRzK/X2n5RS2HG2HfRKwWsgHjAPHA+VSdrf1Lp28O3qy3AXSJJJLzTStpx6AgHHw8YAPYelJgfo7QtLiQtCgUnkEeteq5T9B/wBIxqzpfFh6f1wiZqyxsthsocKUzIqQBgNvKOF45BSsnOAQU5IG+3QHxVdJvEZGlJ0PcZMa6QEhcm03JtLMtDZOA6lIUpK288bkk4OArGRnOMDMVKUoFKUoFKUoFKUoFKUoFKUoFagfpHdQORNBab0607hM6e9LcT8mmwlP83f5Vt/WiP6SKYF3jSluUFfdW+S8SBx8biR/8KSsctDtOyvMN6sy1gF0JmNkY5KfgWPc8FB/I1a1zWGn15UMJyT9B/2qrp3wNTQnUBZ8x1bCgnHKVpIwc+mQD+VUq8hxi4Imx3VNOMuBxpacbkLScpUM+oIyOPSiMj9MvDv1W6nKYkWfTzlttbu3bc7m2tlhQUVAeWjHmPklDgCW0ncpBQDv2pO3fSnwp9M9ACNdLrHTq6+p8tbciajfGaWRvSWGEBQ9NyFkOOFKA435m16Om2vDd4m4HU2EzorXs+Mxq5pBSy46UhN2ZCUpJG8hPmBKUJWlRSlYSjKkFDTzWfbpd7daIUq6X2exCix0uKlSJjwbaQNwLhcW6Bxu2lfmAfFtU6llzbLXtnOVWbfSAkhQISlnarcEgAElkp2LAAzny9i0gHP2Z0ZVFrzJlsRIr0uc+zGjR0P+e46Uobbb/E8FEo2BPq4ny9vq7FbP3ta3dQ/G704sK34WhIcnVlxQXU/aUkx7eFqA3L85WVvBXIUUJO4pw4qSkhdaodR+tfUfqo+f2y1Ct2ClwOMWqKjyILGPwpS2DlYTzt8wr25ITtBxUWIluB1Q8Z/T3SC37TomMNYXLGxbzLu23NFKT5e54lf2gJVjCW1O7U8tPtY2DU/qV1+6odVFvtaq1VIFukLDxtEFSo8EKSCAooyVOLwSCtxS1K9SeKxst1bhwk9hxUxabDeL7cY9os1ul3CfMWW48WIyp555WM7UoSCpRwCeB2BqyqA7PPCUcJSOABwPlivsKHfdRTo9ntFulTpspe2NFisqefdV7IQkFSj9Aa2g6W+BXUV48u89U70jTtvSht8wIjzTk1bSzhKluqywwlWQUOErbUcoUttVbfaB6T9PelsNdu0Xo+HbnCoRn3/IUuW85wry3FuqDm4kBQZWttwHmO64MJqZ9DLT/of+jz1z1DkMyeomoIuj4bqEyWoZSJNxlMEZ3ttghtKfQkqUUnIUkEYrKXWD9GY7aLObv0P1JLu0iO0C7Z7yttL0ggcll9KUp3E5OxYA9AoVs5v87aMl3zpBIHxLK5CRyePLWt5PunyZqf3kPjkxrx1/0l0xtyZvUzVtujQVJKmnZElBmLSFbSW0JAMsBRAO1CHk/vNE5NOUzLkNqGw3/SF4k6f1TZZ1puUI7JEOawpl5s+m5KucHHB7H0JqVbU26jkApxtIPrxzW1/i+8V/SrrjbntM6a6VNT5MRRagarujhjymG++6O038e0n9x5W33Rk1qU2koyCoYqxM+a7PDifsCw6kgRnFAAf4Vk8JQlI4TgevY1cNnvUyC/8A/TpCo7ryFtpfbQlTjKiCAtG4EAgkHken51S0lLiCN4HGMD29qk0MS7atJty2ggBKUsuZ2pAPJBHOf5VrhJjK1JFm15YZr9tmpjTV7tzclD4U06Fc7zn4gfUjvmp5Gkn55S/eZL0twDcpAJS3nv8AgH19auNV/lKeH260NrT5mMtPZIRzzhQGT8hxUxF1PAUEtyLfIjhRPJSFpSB2JKSeT2AA4xTb1FERaIkIJ2RmmikhQ2oAwQeDU+m7QLWt2NqCAu6xJTSwY6nNqm1kHa4lZBIOfQ9xnGDVxWZyyXqWy3HnRkvqw75ZUA6gfNB5T+fYirb1h071Bpi6EWu7K1DAkEubXk7HW1qzkFQyFd/xYBP86mMbmXjT3U3UulNNStL2Fi2xGp7ilTJC4Tb8l7IwEFbgUEoCewCcevc1SNN2jUGqbh+qtL2KXdpoT5imIcNT5QnvvUlIwkf5lYTUgdN3VctLtwcDTQXlUVpCglQ9lKGFH8sVkOy9R9X6XtbVn07qSZYrfGcW81Ggp8tpDqvxOL3E+aoZJBcCin0IFZyqbuPhp65wtPPalOjG0tMI815tcpKnktjkrDaM7sADhJJwDxnird6bPa86daxsWtEXibBuEWYl63PW14NhawM7cjJIUk8pUMLSSMEE1EkajmzZCX7reb3c3dpDi5lzcdCweScg5GSD2JHPAAr3B1YbU6qTarZGjOZ3BwNBTiVHA+Fasrz+fpWcrDrz4e/GForrBGZsuoko03qhKQFRJLgSxJOOSy4eM/5FfEPTdWwmc1wXg67vtwS7DJcW1JwiSvH4W8/Fz7kfDxzye2M1tj0V8dWvNFSI9tvxF5saCEGHIcJdZR7NOnJTgdgrcn6VEdOKVZ3TLqxonq3YE3/R11RIQMCRGXhL8VZGdriM8fIjKT6E1eNUKUpQKUpQKUpQKUpQK0G/SJu/aNaWaKkcsWQL799z7n+lb81oj+kbtLluvmndXPDEJ23OxHFeiS0tS/8A2r/lRYaDPMNy75GaIymMFTFnvjGUoBx2JUcj/kNU67RyVqCgR9ex/OrhgRVtQlSX28PzwmS5znCSPhR/0pI/Mn3qVkxt4Lf4vaiLHX9piPNyIcl2O+y4h1l5pZStpaSClSSOQQR3FVrU/ULXeuzHVrnV9yvv2Xb9nblO/dM4GBsaSAhOASBxkAkDA4r5Ot/BUE98VRHmlIPbkfzrUCKFlfwgcVPWqy3O+3Ji02a2ybhOkqCWIsZsuOuEkJ4SPmQMnAGRk1R4kpLE9n7cw+5DSsF9thaUPLR6hC1ApQr/ADEEfL1HRvw2ah6I3bTgb6PWmLbJG0C4QljNwC9pB81xSVreGCpO8JXlJ2OMyEDehhM4YU6XeCPUV18q79VbgdPwsLWq2RVhU5aUY8wOubVIjbMlK8JdWyoJLqEtneNs9BdNtC9M4C7ZozTUS2pWGm5D4bzJlKOFI81xS96iogKSguj4vjiPqyWquFhxvYlQUkJCWnErSvASlPDSgQ5wE9kK83COzMkD/d6ourtZ6R6eWv8AXWstRwbJAbU41vlrDeVKIK20NhAUoqyCtCGsqB3ORXOXaYTK5kPLLyFNpX5gecKFIKivziPvNpSkKLhGd5Q2HSOJEV0fGbc1r1I0T0zsIv8ArG+RLbE+zqRFaBR5ktHOWY7Sd4dSVZBQhL0fcfjajHkal9V/HDe7kJFl6T2oWuKtvyFXe4tJdkuJSRt8qOorbDeMgB7ftyFNoYIxWs171FfdT3V+/wCo7zPu90lrK3ps6Qt95aj3O5ROM4HAwOBxxReWzvVLxyamvSHbX0wtAsEMgsLudxbRIlyY4HwoDKitDKefwOLkbCAWy32Gs1/1TedRXV6+ajvM67XJ9KUOzp8lciQ4lIwkKcWSogDgDOB6VTlF51Jxn4ec+lZE6W+G7qZ1fU3K09ZzDtJKwu7TwtEXCOFqbCUlyQEcbwylZQOVYHNFwxq9cB2HHv8ASr46bdEurHVp4HSWl3zADqGpF1mrEWAwV/hK314SM+mM5PAycCt2+k/g26TdPkR7rqGN+1V4aaTLMieB9lZAwQ80yjzEbAofDI/3lkgkOpb9Ngo5bjIaajNCOiNHK2kNI8pLMc91IDfmeWyfdrz4av3kNek3Mw1ctf6LS/fso89d+rkNnVO0LYjx7epduSf8LrisOqyOykpAHfCq1e6s9EOqXRK5t2vqNpl2A28otxZzLgdhy8c5aeTwe/4VbVD1FdWbLerlZChq1uoEbyvOERxBLBa/8xKGystI/wDyxi6x6qbb9Mf9ZPGD4arNpqfpnWpY1bJdUY0zTcBDNwJVtzlboV5CU9sL3hQPoFAgXgzlyp2NLOCB8+OTQQkOFIRgHOM55q4upV70DqHU7s3proGTpSzlWW4ci6qmuc+5KQEjtgAqI7bjwRSYQJ27wAB659f9K1EJMpJ7TrMtCkSGg4hRwoLSDmo8eTqDT6g/bLtMaWU+WEqWH2wj/CEOBSR9QAfnVcYjqfCNqAU4ynHPH+nNT7Gl3pSiSlR4/IdjVwmVsytb6ikFoPW6yhSUFClmCVF303KCllOfoAPlVLF+vaQ02JaU+RkpLcZlJOf8RCPi/POKyIrpy+8Eg4UThIS2gk7vb61TLvoSNbfLNyuUGCVk7RJlNtHjGeFKBwMjnt/Sk0yRMLIXdZzoS29LfWlDnnJSVkAL9xjGO3btXxNwAUF+Q3uCt4Kk7vi9+c81UZ8LS8XeWtUQpKk4AEZLroWD3IKU7cfmM1TXRZUuyG2ZMt5LaMsOJjhtLq8diFK3JHzwfpWJhUc3p8oCVPEBPZI7D6D0qPG1B5KtwcJI9+4qleVFUkYSpOW+fMczhf0A5H5g19ZatjQV9pLj6toACT5YHvyDnn61lWT9GdXtVaZlod0jdJkK9J2qhvxHS2pCgoHKiOA33Ct3BBI5zit8ui/jzWt1mxdXYqHUEhCbzBawU/N1od/+ZHP+U1zYi6nTCaMe2w2IbajlQaQE5PzPc1PQdWPtLDnnoByODRcu71iv9l1Pao9709dI1xgSkhbMiM4FoWPkR6+47j1qoVyK6DeKHVXSS9Jk2iclUB9Y+2W95Z+zyUj3T+6vvhaefqOK6JdGfFV0p6zx0x7VeWrZefOcjqtkxwJWpxBwfKXwl0cj8Jz7gEGplGY6UpVClKUClKUCsFeMzpWrqn0Qu0SNGVIl2fFzbZQQFPNt8vNjPGS3uIHqQBkZzWda+KSFApUMg0HEqXapDodXFebkJQSQps5ITnupPdPp3FUR6KtKviTggfkK268Z/hXtelNSs646ZrFsTcgt9yB5haaQ8FfGGF/uA5B8tR2jJ2lI4rVR1y9xZRgX6zyFPDP/ABG/KeI90qHwOf1P+I1im5TNXbnf0durRX6bUX+2eyfPG3/SiSIW8/hyFe9W5NgqQ6ApAAORxV+pTAfBS3KGM/8ADeHlOJOfUK7/AJGqTdLWptwhSCCn0IxmuSJdXCy3LYFAKwAe/wBaiWqbe9LXVi+6fuMiBOjH7t+OvaoDOSk+hScDKTkHHarjRBQvASB715dtCx+6OflTKYyy5E8cXVhGlhaHLDaV35JI/Xq1K7kEF0Rx/wCL2+MrycfEVp+7rCOo9Rak1ld13/Vd7l3a4qBSHpS8+UkknY0gYSy3kkhtsJQM8CozluKPi2cg81JSmls/EkAgVc5SIwgpi7hz9auPRPTvVnUK9J09o3Tsy7TSpKVpYbJQySCR5q+yMhKikH4lYISFHirk8P2jtCdStXKsmutYGxBogxrejCH7n7pS+o+W2OR8Od6sEbmshwdCdJ6Y0zomxt6a0nZIlttkdCh9mabG1QASVlzeBvOAgqU53wlTnkLCZSy5YV6PeDzRukUs6h6jvw9T3EITIRFBSbWwgkAK+P4JCdwIDj3+7r3FCvs7gFbJIDUZv7E3GQyhpbUcN7FJDa0D7pvYpSFBaRjYhampKBjyXpCcAy4dWHQ7uWXfNC0q3LK/NWnGdxIX5i04G7IdWMA/bk81hvq54otAdKC9YrURqDUcdCo4tkFxKWoySfiQ89tLbSc5JYSkgkELiNK+KmGczLN70lmO0uVIfSy2h4vOOuObUofAyVlX3WHgO6h9mlY/Eh/1146meN7p/pVLtt6fxFauuTbziw+hZYtrMhJA8wupShTpOTh6Ohh3IwsrzmtQ+qvW7qB1akFWsrykwEtpaatELe1b20JOUgNKUorweRvUoJP4AgcVjqRPIH4iRjvmi4ZY6j+Inqx1RQ/E1Pq15m1vuh5VotiRFhlwZw4pKficc55WtRKvXNYyXOabSEDalI7JAwB+VUKTc1JBCeSexqnOS5TzqW0BSlLPw/Orsq5V3dhshSTkj2OaixtSxWvhU6lJGc5z2/L++9W8xYZ8nCpLvkpJIUk/ix8vz96q0Sx2+KEuFsOuhGwuODJx9O1XKYV+NrqOw0Swy9KWGvMQGU/CVeg3Hgdh/P5VHPUfVhWlFujRoSS1hS3R56w4e6gOE4+Rz2GapjbTCSjAAAOO9T0dpjG7gJI3AjGfmMf32q5kxCUl3zWt1KTN1LdHkJQWwht9TSAD3+FvaDnt9OM4qms2EhYWGUFa/wB7GVH5Z71etviRZGxPCVK7gH58H6Zxz6Z+VTUm46LtanWpdzY85p5LK2WUl11Kjg42oBOQO+cY/lVx6mfRZCbUtSTtyrB/lUU2GUEj7oFX8gPrV1Std2SIHWbPpOZMcQAll6W6hhtSu5VtTuWADnGeTgdu1UyVrXV76VN29i3WpGNqFxYgW8j3Idd3cn3CRj0xUxBmVIb0rfZISqNb5Du47QEoJyfbt3qHJ03d4zbrsqN5CGDtcLqko2n55INRJbepLsNtyutylJUCdjspZQe5/Bnb7+lSP7OKZwpUZCD6HYMiszAhvQmmQ4FXOItbeCEtOF3d24SUAgnn396giOrGftBRlOcufDhXtwSfzqZXbXhwe3sahiA+VFJQ4rHrtxis4VN2961wXvMlvyJSQrhtKvKQRjGDglR7+hFXtZuosaKlqNGbEJlnAbbbbBaSB7Afh5rHK4D6SQpB+WU9s1BMd9KgUbwfkKkwOh3h88c9+0omLYdcyHNQ2UYQlfm+ZMioHbYtXLiQP3V8jHCh2rfnRWudK9QrCxqTSN5YuMF8fjbV8TavVC0nlCh6pIzXASBcplvWF+d5O07txVtIx61nnoV4ldf9Mb/HnaRmpSXnG0TQ+oCLIYSsFaVIPK1FO5IKRkbsgjmpvC8u0FKx70Z626O62abF700+WpTOEzbe6oF6Ks+hx+JJwdqxwfkQQMhVUKUpQKUpQYc8VWlF6l6UTpTWwKs5M1wrOPuAkh3B+QIV/wBNcmNeqnswXUOuOKMd1SMZ/CR6g+n5V29vFsh3m2S7TcWQ9EnMORn2zwFtrSUqT+YJFcxeuPgT6yW/VL1j6daeOo7HKIVCuKpTLP2dvPDcneoELSP3gCFDkc5A8vXaeqq5TcpjPq/SfBPXLGl017RaiuKc70zM4+MZ/LzaUPa21JEWELmNy0IOA1KbDo+m7v8Azrc3XPgK6xWG1m/aK1Pbr5EDCH1RWkutv7SkKI8k7gojJ/ASeOBVW6Vfo3bTa50e9dc9RP3JxtaXBZrMFNxcgg4ekHDix7hCUf8ANW+sZbzQACCkDGMemO1du3TXFO8vmOrajSXL8VWaImPPmM/TDjRPsOurQtX2mFCmbSQfJeRnI/y5Sr8sVR3tVXO3ny7ja3I5yAAsLH/uGP51u145ukcW0XWH1OscIsxL2tUa6htv7tqYBlDxxwkODIJ9Vp91VpFdVLaJ2Ppx9a6s6y7brm3XEbPp7XhXp2v0dGu0d2qmKuYnFWJjmPL/AM3e061jbimbbFAAZUpK08D55NTTFz0zePu4txZQ6rgNOKCVZ9h71s5+jSsESRq/XusJzMKQhi3Q7Shp5oOKBddLqlYUCNpDQHvnFb+q0D0q1XDci3/pzpWel4FDiZFmjL3JPfnZn8xXetV99MVS+J6no6dFqarFM5iMb4w4wzNNEZJbyMhQwcYI5BGOxB5BHb0rPHRzxVX/AEQuLpvqcZl5syAEs3dtO+ZDSj8AdA+J9IJ4UkeYnkjkldZu6/eAHVbmp16m8Ny9MxLG5GbD+lrjKfY2PpzuXHfV5iQlYKfgVtCSDg4PGumtuhfVbp3DbuPUfptdNPRi6W/ta1NSIm//APeypSEg+m4pz6VzZefVbxHdnKsdYPFLr3Vrj9n0M7J0vp9SFseY2Ai4y21fiKlgn7MlXq22cqBy4pavirXd4qSClCAkAlWBxye5+Zz/ABrIE21LWkbkZJBGas+8NM20B2USjeopQgDK3FD91KR+I8dqsMKA+hZJQkHmpB9tLa9pdG9WQEAEqJ9sDt9aqEkS5CviCorRJBSMF1XqDnsj6DJ+dQwlmMFJZQlG45UQOSfcnuaZwJVu2qUve992jOUpBBXn69v61NNpiw0qSw2lGe5A5V9TUu7KUBj2/LtVNlz1EEJOD3+VI2FWcuKUg8gVJuXxKMjITj09qpIamy1hDTZJVgjAOB39u1VCPpgLwqe6Rn90Hke3bj+vpVz6Dz+0KjlLZWs+oSkn2/vn5VUGv2kklfktNRwFJKVPE8p78J7j1/pU0yxBhEFlltKgNoXtG4j616Nx+LaOMng/3/SrvKYe2LL5pUmfcX3klYdSjfsSkj0AHp37n1qvW+2QWm0JajpBWeQAE5P94q3DcUo43DGQSD2x7VNtXtKTkOJweCEq7cenPzBH0FXByvCHboq152J2pHoPxHHGefWq1brHEW3nYhZz3PKU8jmrFh6sjxHEPKcbIDg5OQORwPp65zkeo9aqtu19IcEk2e2Pz3WXUsqTkNpTyQolSvQcjOMj2NajDO7IcPSC5gSgMFtJOQMAqPAPt7fnxVQT0qVKV5YaSSr4iAAdoHz/ADH98VbUK+9Sbo1NZi3K12NTzqfs5ZjmU+22DyNyiEbjg5+E4/nU07o266kenL1Dqi93FqSjY+05NU21tHGA2jagJOecj15rW3om6aueidJafCjqLVtqt4SjzC1IltpcSjPfZndg/IVak26dJ4oSI+o3rkHUlTZhQnnRke52pCSfn/L1uuH0o07EVuTCbaeCPLCksgFQGMAqxnP515k9PI0YbmkIU2DkcpKc/L3z7jjtmmJMsYy9Y2NxLaLRo+4OcKDpnSENYODtKQjeTzg4OMZIq35Eq/SQkLVFi7FH4Y7G0qB9FFe7t7jBNZauGkYbYV5EZRcwVBXl42H2x7YB75x71QZdqcfQWXkoS6jGCgDBAPb5Hv8AwrExLWWMjBSnaVAqWnjLitx9+Cc8c1GjvOMlJCyffBNVa52x6Is72ztyQpPzHeqU4wpKieCPfPFcUxhpm7oH131R0t1XB1BZppTIYO1xtZJblMkjc04PUH/sCOQK7AdKup2nOrmi4OtNMvZYlJ2vMKUC5GeA+NpfzBPf1BB9a4NxHihzcFFPOSfY1tz4KPEU90w11Gt16mqTp++uNw7mhSvgacJw1JHttJwr/KT8qzwsburVK+JUFJCkkEHsRX2qhSlKD4eRUF2OlfdOaj0oKJKssd45U0CfpUJ60oPKU4/Kq8Ug+leVNA+lTENd0sW9VunP+0DpzqXRKlISb1bnozSl/hS9jc0o/RxKD+VaBRv0dPWm4OJ/XmodL2ps/i8t16Uoe+AlCQf411KXHSocgVKPW5C8gJHPyrhuaei5PdU9np/XtX02zVYsTERVOd4zvxt/nk1K8Ofhca8O8W9FnU0u9zL99n+1LXHSw035O/aG0gk8+YclSj2Has42xx+K9yDg1ecizJP7v8qp7tl2q3BNckUdsYh59/VV6q5N27OZlS5d8lsSPKbUAkAHt61FavCJrS4VwbakRpCS08y6gLQ4gjBSpJ4UCDyDxUOZal71KCTUguI60rgHvmriXC1466+CONPamar6DOMwpZCnV6ZkqxEePciK4T9wo+jaiWyeAUVoXd9MPWWbLYvEeaLuwsszTNa8uQ04k/E0ts/8IA/ujj15zk9lIMxxKAhWSRxWJPEP4a9M9dIIvEVTdq1XEa8ti4BPwyUDs0+P3gP3VHlOSAcHjUsxT3VYmcOTU2GrceOPxJqjyUKztCcqOayn1K6b6r6d36Rp3U1mejz2FlIbCch75ozgK7g8c4PbGCcTyjJfcUiaksAbVCOlXKCP8Su5PoQMD61YqiY2Suiqie2qMSkiEvLwykvHAPwH4e+MKV6H5c1Hj25pOHJBQSM4SnPAPpu4J/hXtCwlHltkJAGAAMAf6VCXJS2jK8e/eqynUuNMp2MoSlOOyRipZ6eBnHbtVPkXBKUnCvXkeoNU9yY4792ATu4Tj1+nzoJ5+4kK+BQ5xz/3FSTt0UAM/DzxXlNvkvhPmKDaFqV3PPHf/Tn1+ma9tx4cYNuvJUt0BQWhRGEnPB4yDxj096CAidKfVtjtqVk8q/dz279qqkS2zHdyZk0RwQjalBCgtOeRx9f4++BUku7uITtaAb425TxuGMenyqW/WDmQpThz3yPUVRc7DGn4jinFxDIWVh0KfJUEKHYjHcc9+arqNQNBYcaXj4TwMdvzx9eKx+Lk4VbwtWSSScZyfp/fevZuRB+D4Ak5SAT/ABAz/T/StRMQmJZjtOrENhB37QnhXJxjPGc/1471f9k1OxJKHGpQbJyVJwBx8znOMY5+QrWlF9UkBSzhYThRAI+Wcj++arFs1yuKlJW7vCcYIVz9cf1/P8tRUmG2truES4x0oSU4UrJIOdvcY74H149PWqyGorqB5ZwEKI+LAIAPOQfT+dav2zqrGZcS6BjjGArORgHHrn6Z/nirg/20RijzGpbiU/vIJzn5hXI/I/z4rXdEs4lnV+0R5CMANJUk8kDJAycZx8+Qe3I7HmrJ1LplMdLklvZxn4RgAEe317j5Y+gx8euqG1paW+VNqHBQs4x7epH5Z9eKlbr1eE4KQh9KkrxhJ4AH0/Pv/rSZhMSnbrHiSYrjD4QHcZBH9ee3H9PyrHc5KGnlNghSckgVPXDU7s1RcKUoKu3xZz/X51RX3XnySVjnsMVxVbuSBtYSo/wFVuyXT7I+ggnCiE49+e1UaPbJj5K22SR6k+lXx050LP1Pqe26btcJc+6XR9MaLHQN33ijx/qT6AE1xzGzUcuynhm1DctU9BdEX27OqclyLS0la1DClBBKEk/MpSOfWsnVQdB6Xj6J0XY9IRdpas1ujwUqSMBXlthJV+ZBP51XqkJJSlKoUpSgUpSgV5KQfSvVKCEWk+1Q1x0q521M18xmgpj0BC88VT5FoSedtXEUg1DU2CMUMrRXa1N5wMV4DbiOMfSrrcipV+7Um/bkqHCaLy1g8YvT+z37QKNbXNLWLCttqalSMiRFdcSgZI5SptxQUlQ5AUsdjg869fW3TVndcakXZT0Zs4aMpgrUkegDiAdw+uK7F676f2jX2krtoy/oeNuvMZUV/wAlexxIJBCkK9FJUEqB9xzxXN/qj4DOus7WUbRlgjQZ9mccKkakfeSzGaY93mwS4HQP/DQlW4/hOO3Rve2t3oqt8Ty+y6L+qdX0+7p+o7XKczROcTj0ifPE52n5NWpFht8mKqfbpJcjBQSXmlBbSSRwkn0JweCc96t+VYJihmHIacQDghKwDn866+9CPCv0y6G9Nrn09Ef9pP2kLbmoZVyaSU3BxCSEAM8httGTtSCTySVEmrD6ueDjp2bfJ1BovSVveEdCnXbcqOnfsAyotLSASQOdp544PpXYuXa7dPd25+DwdJobGs1HsIuxRmcRNUTifjMcfOMOWCra/DCg+2two4SlDWDz7nsRUut59BUIsJ1hJVuBS0QrI7Z/se9bYXDo507npK4UeVAUexYkEgfkvcKta4dB30qKrPqRpz/CiUzg/wD9IP8A2rqUdU09fMzHxh9BqvAPWtPvRRFcfdn8pxLWtbj6VqThzBOSkDAJB9sVLqccVlKgo5PqDwazxcOkmr7c5h23xZGOfuZbecd87VFJ/lVLOj9RRyXFaengj94RyofxTkV3KdRar/dqj6vnb/Reo6acXrFcfyz/AGYW2ucnB5HrX0tqHKm1c+uKzM/Z7yvaZNtncDA3sqJH8RXq16Xvd9kuRbRYZUt1kjzDsCA17blKwE/xrXtaIjOXXjQaqqqKKbdWZ+7LDIZcxuShQHtiogjSj8KWlkd8c8H6VsXB6J6ykpSuU5b4KfbeXVD54QMfzqdR0JfJKpWqwlRI3eVCHP8AFVderqOmonev+r3bHgzrmojup08xHvmI/CZiWtQt013OyMo47givX6rnpVn7C6MnnAIzWyyugzDnH7Wy+Rk/7kg//KoK/D9KWf8AdtWkgdvMgH/suuOOp6WftfhP9nNX4F69RH8D/dT/AMmuKbRPUv8A+zfJHJBz2/OordlupPMdwbTjng1n2V0J1NGG5m92h/PYPOOMk/xBFfLd4eesl7lMxLBo1+5reWlpBgEOJKicDKjgAfMnA9a7FvWWLm1NUPK1Ph7qujiar1iqIjzxmPrGWEGNN3dQCVeUhJ75VkY/Kp5vTCm8efc0AEfuNkn6ckVvNaf0WnWuW027eNeaPglYSpbaVSZC0ZGSDhtKSQeODj51MdQv0Z2t9FdOrnqmwaq/bC/wA24zY7dbSyqSgrAcCFrcJKkpJUE7fi2kdyK7E1Yh5FFM11RTHM/L+rRxqyW9vbufec453EDJ/IVUWYsRtX3TKlc4SCcJ/M9zWwmk/Av4ndTlLg6TN2VlRALt6ubLOPqhKiv/ANNbs+E3wWs9Gvt+oupzWm79f5CmkwUx4nnNW9CckqQt1IJcUSMqCRgJGCcmuKL3dOKYn8noXum/o9qbly7RmPsxV3VT/piYj13mGjvR3we9d+sTkeTb9OOWWyOHm5XVJjMJT7oSR5jv/Skj5iujPhw8IvT7w9x/1nEUb1qd9ry37vIaCS2k/ibYRz5SD6nJUr1OOKztivtb55edn0KUpVQpSlApSlApSlApSlApSlApSlB8wK8lsH0r3SggOMBXpUhJtiXASCefaqtXwpB4osTMLWdsq07uM8+tU1+C+wdwQQQfyq+C0D6VCcitr4UgH8qmGu/1cxPERpv/AGY9U5tpbacFuurYusAto4bQ4tQU3jP7i0qGR6EVYDN9iuYBmBKvXcCk/wAxXRnrj4YNE9cXIE+83G52q5WtlyPFlQlII8tagopW2sELG4ZHYjJ5rXTUH6PnX1vUp3SWv7PdEJ/C1OjuRVn/AKk70/0r53VdNue0mq3Gz948NePOm16O1Z193tuxGJ7onE42zmNt4xnON2H/AA+Way6/8RFksWoIjFzt9qgTL07GdZS40840EoZDm4YUkLcCsHglKR2rem4wLWtwNt2mChtICQhMVsJ+XAGKx34ZfCxqDpU/ftV61EI6hvHlwmhFf85EeE2d20KwPiW4dx47IQKzi5pRe45ya9TQ2PY2YpmN/N+c+NOsU9V6vXcsXO63TiKZjjbnHzyx9K0ppienbP0vZ5KTwQ9bmVj+aaqUXpj0pksgv9MtKKXt2k/qaMCR9QirpVpd0dga9Cxy2k4RkfOu32xPk+XjU3YjEVz9ZWe50T6KvZ3dK9LoURjc3b0Nq/ijBFa/+IPoHF0LbFa30GJRszGTcojjpdMJPo6hSvjU3k7Sk7ikkEEgnG2CbfNbUN2SKpGudKStVaNvumAEhV0t0iIgrHwha0EJJ+isV1tTpbd+3MTG/k9zw/4i1nSdbbue0maMxFUTMzExPO3ujeJ8pc5P1w2OA5JX6fC1j+uK+Jdcub7bDUJx591QaaStXKlKOEgAe5IH51li1eE/rTOITLsEG3kcKXJuLWM/II3E/wAKy30l8H83Tmq7bqjWOoIUtFsfTKahQ2lkLeSco3rXj4QecAc4HNfPWtBqLlURNMxH0funUPGPQ+n2q66dRTXVETiKZ7sz5R+znn3yy90W8Pegel9qStuyRJ98ktoM6fKYQ45vA5bbyMNtg5wBye5JrMLTaG0BCEhKQOABgD8qlIbJbRjHep4dq+rt26bVMU0RiH82azWX9feq1GpqmqqrmZ/z8H2vnfvX2lbdV8AA7CvtKUClKUClKUClKUClKUClKUClKUClKUClKUClKUClKUCvmM19pQfNor5sFeqUHnYPlXwtJPcV7pQQywg+leTFbI7VGpQSxhNn90V5Vb2iMbRU3Si5lIG2N5/CKitwkN9gKmqUMvIQBXqlKIUpSgUpSgUpSgUpSgUpSgUpSgUpSgUpSgUpSgUpSgUpSgUpSgUpSgUpSgUpSgUpSgUpSgUpSgUpSgUpSgUpSgUpSgUpSgUpSgUpSgUpSgUpSgUpSgUpSgUpSgUpSgUpSgUpSgUpSgUpSgUpSgUpSgUpSgUpSgUpSgUpSgUpSgUpSgUpSgUpSgUpSgUpSgUpSgUpSgUpSgUpSgUpSgUpSgUpSgUpSgUpSgUpSgUpSgUpSgUpSgUpSg//2Q==',14),(201708,'data:image/jpeg;base64,/9j/4AAQSkZJRgABAQAAAQABAAD/2wBDAAMCAgICAgMCAgIDAwMDBAYEBAQEBAgGBgUGCQgKCgkICQkKDA8MCgsOCwkJDRENDg8QEBEQCgwSExIQEw8QEBD/2wBDAQMDAwQDBAgEBAgQCwkLEBAQEBAQEBAQEBAQEBAQEBAQEBAQEBAQEBAQEBAQEBAQEBAQEBAQEBAQEBAQEBAQEBD/wAARCACvAK8DASIAAhEBAxEB/8QAHQABAAEFAQEBAAAAAAAAAAAAAAgDBAUGBwECCf/EAEIQAAEDAgQCBgcDCAsAAAAAAAEAAgMEEQUGEiEHMRMiQVFhcQgUgZGhscEyUqIVQkNUcoLR8BYXIyQ0YmNzg5Ky/8QAGwEBAAIDAQEAAAAAAAAAAAAAAAIDAQQFBgf/xAAtEQEAAgIABAUCBQUAAAAAAAAAAQIDEQQFITESEyJBYVGRBiNxscEkMoGh0f/aAAwDAQACEQMRAD8A/VNERAREQEREBERAREQEXl1Snq6WlbqqaiKId73ho+KHdWRWDMewWR4jjxaic4/mtqWE+66vgQRcIzMTHd6iIjAiIgIiICIiAiIgIiICIiAiLA53zH/RXLdXjLGNfLG0MhY7k6Rxs2/hc3PgE7JUpOS0Ur3lkcUxnCcFp/WsWxGno4vvTSBgPlfn7Fx/ir6RtBl3LGKyZBo34vjFPTSSwGSF7acFo3PLU8gA2aBv3rmuJ4nW41WvxLGayaqqnkkySOvbwaOTR4DZWU0FPLZxc7UOT7bhUWyTMel6fhuS4qTFs07n6e3/AH9kYqn0288Y9XF2NZzxetDnE9DQFzY2H9loY3buPtW1ZUzrmbPbmy0OF4rXSvd1TUSazb7zrO0xjtJcfJdcqchZKxCrFfiWWcBqqi+ozS0UTnk95JbcnzWxQCmo6cUtBTxRRMHVZDGGRt9gAA9gWvHi95d2nl441SsR+nRrOHZOhhhFRjrYZJh1hCwlzR5k/a38h5re8tZ+znlCM0+F4g11G6xbSVTOkYzxbuC3yGyxbCXEujDbjd0r9wPJYTNWYqHLWX8SzJXOJpMOgdM4uPWmcNmtv/mcQPasxuJ3CrNSuePDkjcN4xf0xoMm1EdHmnBKasqZG6xBh73Nl09jiHXDQey5F11PhNx6yNxehfFgUs9HiULOklw+saGzBn32kEte3fmDt2gL8rTmLEMfxioxjFJzLVVspmldftPYPACwA7gF2XhBmKsyxmXDMxUEhZLQVDJbg21NvZ7T4OaXAjxUq57b6uVxHKMF6T5Uas/TVF8RSMljbKw3a8BzT3g8l9rceTEREBERAREQEREBERAXMePVd0OXKCgB3qa0OP7LGE/MhdOXEOPdf0uN4Xhodf1alfM4dxe6w+DFG86q3+V08fFU+Ov2ctLwL7ArAZ24gYBw/wAHdjGYZZ+js4xwUsBmml0216GDnpDgTcjYHyWdaNTr9irteWNIBIHcDzWs9nO5jo1rhtm+XPmT6XM02D/k+aoqKuB9O55eWGGokivqIaTcMDuQ5radDba6h+oD80cgqLpnO5lfLWPqCG3Ib2+KaYrExERM9VR0j6vqtFom/iP8Fwv0sMyGgy9g2UoJdLsRqHVlQB2xRWDQfAvdf91d7IZEzfYBQ69J7GZMQ4pS0RddmGUNPTgdgc4GR3/se5Rv0hJoeDPPSN2XashRSSuYxvOQhrQB2nYLiuAgumYPEKSvo+5ekzFnfAMJEepk1ZE+QW/RsOt5P7rSq6xuUMl4x0m8+z9GaCF1PRQU7jcxxMYT4hoCuF4F6ui+f731EREBERAREQEREBERAUZuJ2JDFs+YrJG67Kd7aVlu6NoB/FqUhM04s7Asu4ji7AC+kpnysB5FwHV+NlFuNr5NU0zy+R5L3OO5c4m5Pvuqss+zvciw7vbLPt0UbEDYLw7q4MXbbfsXz0APYqnpVBoLnfzuruKMMG45ryCDe5CqTa4mEgeCdhZ1c41lg/NFvMqEnG3pKjixmWRx5VgYPIRsAUzK5z2BzmkB3MKLPHrLz6LO7sfERFLjMbJA7sErAGvbfvsGu9qrvO4TtXUNHy3T3nYQO36qevoS5FfK/Ec+VcJENKz8n0ZcNnSOAMrh5N0t/eKinwl4TY/m2vo3mjmgpqqVkcGptn1D3GwDAeQvzedrXtdfqJkTKOG5Fyph2VsKiYyGghDCWi2t53e/2uJKnhpudy4nOOJjFh8uO9v2Z9ERbbygiIgIiICIiAiIgIiINb4jRCbI2OMP6jK73C/0Ua433bpBvbbyUmc+i+SscHfh84/AVGOIvLhc3budu9U5e703Ip/Kv+qsSb6r9i9O/h4BfHYBfuHwX1e/bzPuVbuqkJI3FgT3q3r6ro2g8x3Dx5fz4q7YAACeXasbWR9OJWXAsS0eFgLfVYszTUyweKzSdLo0gm+oA8vP+e9YmqpInU7jWU8ErGDpQ2Vge245HdZF7zVQNlNukb1ZAB2BWtaHOo6poG/QnY9+5UIbHh9pdX9G/LLMVzHUZomivDhsDWRbnSZ5AQDY/dYD/wBgpKLmno84Q3DOF2F1LgOlxIOrHm3MOOlv4Wj3rpa28carDwfNMvm8Xf6ROo/wIiKbniIiAiIgIiICIiAiIg17iFIIskY493L1GYe9tlGSAEOcSANR5AqSPFOUQ8PcekP6k8e8gfVRno5ACSHFzS64JVOXu9PyKPyrT8/wu2OGkA93LyVTlc2+yqLLBwYRuDcKu5uwANwFCHcVgLxWty7SsYTaumgJNpBqHmLj6LJM1uZYchYLD4u7oXxzh1j0mk27ruWLQzi6zphsRb6niNyLRTm/dY9ix0r2mSRgNxLGWEHvsbLP5ko/XKB1RFe4F2jvsVqTptUDJSbOY4F3tBHzUJjXRtU9dYlN/IFI2gyPl+iY0AQ4XSssO/om3WfWByHVtrslYFVMtaTDqc7f7YH0WeW5HZ81y78y2/rIiIsqxERAREQEREBERAREQaXxkkEXDPHnuNh0DW++RoUbKAgsYwnq6D7DdSG48SdHwwxZt7dI6nZ75mKN2HSuLdBO7LDftVGTu9VyOv8AT2n5/iGXDv7ZoLesefh4q6kIa3UBv3LHRyEzgscOrsR4b/VX8hFuXtuoxLsSqNcWgW2F+zzWHxGLpqN7LWcW6rnyPNZFr7t2JPirSRuqMtJvcWsk9UqemdrTDqoVWHGEkFzeqbrUqimFNNLSkHrA6D5G9lm6GQ0Va6J9wx5sVSx6ms8TtHWadbbdp7R7vkod4bMem3xKUvAqt9e4V4C4u1OhhfTu82SOaPgAt+XI/RnqxLkKpor/AOExGUNF+TXta8fMrri2qTusPn3MKeDiskfMiIik0xERAREQEREBERAREQc09IOQM4dyMP6Stpm/jv8ARRvpjaESX3c7UFIP0kJw3JdFSAgOqMSjt5NY8lR9uGta0cgLBa+WfU9jyKuuF38z/C5pZx60NROrYWvz8VmX3cze1lrtMf75GfFbE61mi3mq6z0dW8dXrAQzyVu8gHf4q6FgLWVpUDYgErLFWBxOLo6npGi119yTGekDxYui6wB+Ku8RjE8IeOY3WKhkMZkiebNeDYkctlGO6+fVWHbfRjrRGcwYUfvQVLB3AhzT8gu8KMvo4Yj6vnmoo3Hasw+QW8WOa4fC6k0tnFO6vD84p4eLtP11P+hERWOWIiICIiAiIgIiICIiDSeKfD2TiDhVLS02JNo6mimdNEXsLo33bpIdbceY9y4rinBHiLhoJhw2CvY0nrUtQ0kj9l2kqUCKFscW6y6HC8zz8JXwU1MfKHUuUs14bXR/lLLeJ07Q/dz6V+kDzAIV695aS2RmgjsdsfipbqhUUFDVi1VRwTD/AFI2u+YUIwxHaXRjn9p/vp9pRP6UHkPcVbzOHPffw7ApUTZOypUbzZcwxxPb6qz+CtHcO8ju+1lbDT/wBYnFK6vPsUd6SipM8NY49/zWGr5ohENLxqcbG5HJTHjyBkmP7GVMK9tKw/MK8gyvlulINLgGGwkcjHSRtPyWPJTn8RY47Y5+6MHAymxn+sHCa6jwyqmpozIyonbEejjjdG4Xc47DchSyHJeNa1jQ1jQ0DYACwC+lbSngjThcdxk8bl8yY100IiKbSEREBERAREQEREBERAREQEREBERAREQEREBERAREQEREBERAREQEREBERAREQEREBERAREQEREBERAREQf/Z',19),(201709,'data:image/jpeg;base64,/9j/4AAQSkZJRgABAQAAAQABAAD/2wBDAAMCAgICAgMCAgIDAwMDBAYEBAQEBAgGBgUGCQgKCgkICQkKDA8MCgsOCwkJDRENDg8QEBEQCgwSExIQEw8QEBD/2wBDAQMDAwQDBAgEBAgQCwkLEBAQEBAQEBAQEBAQEBAQEBAQEBAQEBAQEBAQEBAQEBAQEBAQEBAQEBAQEBAQEBAQEBD/wAARCAEsASwDASIAAhEBAxEB/8QAHgABAAEEAwEBAAAAAAAAAAAAAAIBAwgJBAYHBQr/xABPEAACAQMBBQQGBQkDBg8AAAAAAQIDBBEFBgcSITEIQVFhCRMicYGhFDJCkcEVIzNSYnKSscKipMMWFySztNMYJTQ4Q0VGU1SChIWUsvD/xAAcAQEAAQUBAQAAAAAAAAAAAAAABgECBAUHAwj/xAA8EQACAQIDBQQHBgQHAAAAAAAAAQIDEQQFIQYSMVGxE0FxkQciYWKBocEUI1JystEVM+HwJDQ1QlOS8f/aAAwDAQACEQMRAD8A2pgAAAAAAAAAAAAAAAAAAAAAAAAAAAAAAAAAAAAAAAAAAAAAAAAAAAAAAAAAAAAAAAAAAAAAAAAAAAAAAHD1XV9K0KwrarrWo2thZW0XOtc3NWNKlTiu+UpNJL3sqk27IN21ZzCmUuWTBvf/AOlT3T7vLi62d3T6XPbbWKGac72U5W+mUZru48esrNPP1FGP7ZgfvL9If2l95detTvt5l3s/p9VvhsNnKS0+Ci/supFyrS+NRm3w2S4iu/vGoL3uPlx87GPPExS9XXwN6Fe6traKncV6dKL76klFfMpQu7a5i5W1xTqpdXCal/I/OfLajWdpKzr6jd393UqPMri/vatWcn4tyk5P4nbd3GibRbS7Z6HsnsrqeoUr/Wb+jY0pWtacJJzkk5JRkuSWW+fRM30dkISp9p9o0/Lp+oxJZg1K258z9BGV1/mE0+jNI1Db3f1u4201fZrT99u19OGgX9Wxq1bTX7idvWnSm4tRjKTTWU8rywem6H23O09s7wv/ADiLVKMfrUtS063rZ/8AMoRn/aPeHo/x9el22HqRcXwvdX+TPJ5zRhLdnF3NtoNe+wfpL9roVKdHb/d5pepUsJSuNJuJ2tT3+rq8cW/LiiZL7ue2XuH3jSpWlHapaDqNVqKstbh9Fk5eEajbpS+E8+Rocdsvm2XJyrUW1zj6y+XD4mVRzHDVnaMrP26HuILdGtSuKca1GpGdOaUoSi8qSfemuqLhoDOAAAAAAAAAAAAAAAAAAAAAAAAAAAAAAAAAABQAqdc253i7D7tdGltBt3tRp+i2EcpVbusouo/1YR5yqS5/Vim/IxW7Sfb603Y+8vNh9zEbTV9Yt5SoXetVcVLO0qLk4UorlXqJ9Xn1cWse28pYC7YbbbW7wdbqbR7bbRX+talV63F5Wc5RX6sF9WEf2YpLyJvkexOLzNKtiX2cH/2fw7vF+RqMXm1Og3Cl6z+Rmvvc9JTRhKtpW5jZT12MxWr61Bxj+9TtotSfk5yj+6YX759/W87eHa3evbf7ZX2rytIuVra1JKna0q0uUOChBKnHHXOM8up1/hi1yPn65oVDX9KudJr1XRddKVOolnhmnlPHes93gzpeG2aweVUJfYaa7SztJ6yvbm+HwsjRTx1XETXbS9W/DuPA7uo5ylUuK0qlSTbk89W+rOCrlU5Lhjho7Pqe7nbWzrzpQ0OvdxTwqts1UhJeK55XxSZb03dbttqVZKrpX0Cn31LyagvglmT+COcVMDmEqvZwoy3vyvqb6NahGO85q3ijg2OoVWlzeEev7jNtdtth9pP8sdi1bWV9Stq1rR1O4tlWdp6yPDKpbqXs+uUW0pYfDxN9cHE2c3V6Lo6jV1Ss9Srx58M48NFPyh1l8XjyO5xhQhGNNRXDBYUUsJLwSXJE5yjZzEzhfMH6r/28b+Pd5X+BqcTj4X+548yHrIxWFKc3lybk3Kc5N5lKTfOUm222+rY46kl+i5PxLvHCH1Y8vcRcpT7+ROVFQSjHRLkam99SwqbhLjjxQl+xJo5NK6u6eV6xTT7pxTz8SiiyPu5+Za6afEOz4nrW6TtK70t0lzTp7L7TXNKwjLM9Mu83NjNd/wCbb/N++Di/Mzq3N9urddt5C30rbe6ttk9aquME69fisq0ny9is/qZ8KmP3maulJuWH9Xv8zl0blxxHu6Y8iL5xsll+bpznHdn+JaP49z+JmYbH18I7Qd1yfD+hvQoV6VzShXoVI1KdSKnCcZJxlFrKaa5NeZcNT+4LtU7fblr6hZUbyrq+zLmvpGj3NVuEY98reTz6mfu9l9671s73ebwtl96GydltlshqCutPvY8srFSjUX1qVSP2ZxfJr4rKaZx3Ptm8VkM12nrQfCS6Pk/7TJPgcwp41WWkl3HZQAR4zwAAAAAAAAAAAAAAAAAAAAAAAAAAAYQ9vjtRX2zdGtuS3f6lO31C6op6/fUJuNS3o1FmNrCS5xnOLTm1zUWl9p4zO2h1m02c0LUdoL/P0bTLSteVsfqU4OcvlFmkLaraLU9stotV2q1m4lXvtXvKt9XnJ5fHVk5Y9yzheSRNdicop5hi3iKyvGnbTm3w8rX8jUZvipUKapwesuh8qklGHsRSXLCXRB9fEQ5JolGJ2ymiLCK5lxJNYwRXJFU8GQkWsklFeJVSiui5lsF9yhJyb7yIBersFMeJJLLwkFzLkeS5FyQKKnl+1zEoxSbf2VnBNS7u8hV+o14tBrQomWVHHXm+9+ZOLaYinJ5fJFxKK5YPMrcu0ZtSMoew/vjvd328u22R1K6l+QdrKsLSrTk/Zo3j5UKy8Mv83LxUl+qjF6msvwR97Q72tY3VC8t5yp1bapGtTknhxlFqSa+KRq82y+nmWEqYWotJLyfc/g9StKvLD1FVjxRu1Knz9n9Rer6Hp+qtJO8tKNxy/bgpfifQPmdpxdmdBTuroAAoVAAAAAAAAAAAAAAAAAAAAAAAAPIe1zrlTZ3s27wtTpVXTn+RatspJ4ea0o0v8Q1AUFGcZuK5PBtN9IRffRey1tPaqWJX9zp9tHz/ANKpz/lBmqvQK/r6LhL60Xho61sBT3cFUnzm/kl+5Gc7d6q9iL8KE51FTpwlKUniMYxbbfgkubfkdq3kbtdf3Wa3a7ObTTtnf3Gm2upzp283ONGNeLlCDljDkopZxyy8JvGTtG57bjYbdjeXG1us6Pqes69GndWdjaQVKna0KVW2nT9fKpLMnVU5xwlHlGLecyWPk74d5tbe7tfDay40Wnpkqem2emxoQruquG3p8Cm5OMeb64xy8+pNqVbF1McqcadqKTvJ21lpZJcbLn39dVu0+y3r+ty9h0PHiMPu5k4xT7yWF7jeJaGPctYY4WXuHPeU4ELC5a4WMMuPHeUxzwetilykYpc2VckuZSTx0LcptC9kVtcuqSZGck8J8+8setl4okppvL5YTZY5XK7pd4vAlFLocehNyzLrlnKi/IqmUehOHKS5YPqWDTqJJdeR8qOW8nPtKihUhP8AVkmeU1c85K6Nze6a7d/uv2RvWsOtodjJrOefqIZO2Hn+4Cr67cpsRUz10O0X3U0vwPQD5exsdzE1I8pPqdCoPepRfsXQAAxj1AAAAAAAAAAAAAAAAAAAAAAAAMTPST6krbcbpemKS4tQ2it04v7UYUa0380jV/s7cRttZr6dVlh4VSnn7cOn3p8n8DYj6US+lR2Z3e2HFiNxql9Waz14LeKX/wBzWntHUr2delqdrNQr2tTjhJ9F4qX7LXJ/f3HYdj12GUQqr8Un87fQi+ZrtMVKD5I9BvoqNRteGTiNoWWrW+v6TbalbNx9YnGcG/apziucX7vmsPvKLC58yf4eanFSjwNJZx0fEkn4B+KKc/HAyzLuUsVz4lcrpkjl+eSEm/ACxOcku/7i3KRbnKSLTqNfWz9xfvFyiXZzSLUnkpx8/Itym+483K5VKwnPBxLi9dFwiubqy9XFZ8uvyLtSTw8s+Je1nPX9Kt4vpKrUkvJU2l82Yter2aT9qXm0j1hDeZ2m0hwUkn1OVHBZoL2VnByFhdeRnRV0eEmSiXaMllLzLTmorPEQhU58n3lJrQttc3BdljUfyr2e9hLzKb/I9Ki8eNOUoP5xPVTGz0f+0y13s/W2mSqJ1NB1O7scZ5qEpKtH5VWvgZJnzNnlF4fMsRTfdOXV2+RPMHLfw8JexAAGrMkAAAAAAAAAAAAAAAAAAAAAAAAwG9KRC9q1N3PFQn9DpvU+Gql7Pr36j2H58MW8eCfga7doI5i1KDaw0011TN+e1Wx+y23OkVNA2x2e0/WtNqtSla31vGtTcl0liS5NZeGuaPJdS7EPZW1fLvdzOirP/cVLih/q6iJ5km1mHy7ARwdam21fVW1u2+9rmafE5bUrV3WjJammnd5dSp295p0pZdGtGrHx4ZQkv6TtsecIPm8rJmN2z+yBuW3J7vbTeNur2budGvJapS0+8pflGvcUZ0KkKjTUaspcMlOMeaa5NrnlYw6i/wA1SXT83F/I6Vs3mNPM8Gq1K9k2teOnnzNDj6DoVnGRVYfMZfxDz3FOjySO5hFX7iMuhVrzINlwIT6Fprr4F2fQtvGeYLkW+nIjPmsE5EJMsZU4tflCU+XJczpttc3NXbq3nVb9U6FTGF9Xl0O616frYKn+u1H7zpGpK80/VXUlUSuKTfq6kVhuL7jSZtUcFCXcpJ+RmYaz3lzR6ZbZcE4xbWOpcfAuc/Vrn1lJI8unr+pVZKNWoquevFKX4M9V7OG7Wx3z74tlt3erQq0bPWbyVO7q2rSqwowpTqTcHJSSeId6fXoWz2ip06cpuOkU2/Ba8iiwcm0r6sszuLKEczu6C8vWxX4nHlf2MX/y+1S8qqf4mxyn6Lfs/JLj2k22ly54vbZf4BzbT0YXZut5xnXvdsrtReXCpq0IRfk+ClF/Mj0/SHgHwT8v6mWslr950b0YW0yry292YpVoVqMfoGoxcJcShOXrKUk/DKjH+FmeR0ndTuY3abk9CqbPbtNlbXR7W4qKrcyg5VK1zUSwp1as25zaXTLwsvCR3Y5XnuYwzXMKmMpx3VK2ngkvnYkODoPDUY0pO9gADUmSAAAAAAAAAAAAAAAAAAAAAAAAAAAY1+kLpU59mPW6s1zo6hp04Pwf0iK/lJmrpLHCvCEV8kbQ/SHS4ezFrazjj1HTY/3mJq7+3LuxyOz+jy/8Nnf8b6RIrna/xC8P3Kt8nyI9W+fUPwTHvOgmmK5eCD5kpN5IFbghN45YLbLlRFvo8Iqy5FHzXItyWOpcm888EJLKLWVIRpxuJxozWVLK+TOla6mq3BVlxOnmOX1O727TuaSa5cSydV2usqkdQm4ReJyyaXN4b1K6MnDO0rHwbKj6ytlrlEzR9GNss9X7QlTW3BcGgaBeXfE10nWnToQ+PDOr8zEG0tfV0FlYk2bKfRU7JQt9ntvttatuuO5vrPR6NTvUaFJ1aiXk5XEf4SEZ9P7NllV97svN/sbTCrtMRH++BnsADlBIwAAAAAAAAAAAAAAAAAAAAAAAAAAAAAAAADGX0iPPs16hD9fWdLj/AHhGr1PLk/Ftm0H0iH/NzuFj/rzTPlWz+Bq9g04Zx15naPR7/pcvzvoiKZ1/mF4L6hvJVPmyJX3nQDTiRCTw+ZKTyW5dzK9xVFZPl1LE8qTeC63yRaqPI7i4l1RBvAT5Yz5EZPvLXwAjU4KiqZXJ+BLV7KldNVJRTbSfItTaXtYbXLJ9S2XrrGDlzayveY9aHaLdYvutM6jO14K8IteypOT9yNtfo5dEWldl7Rr9wUZ61qepahLzzcSpp/w0or4GqvULdZcYL2pyVNfF8/kbg+xVZR0/su7v7aKx/wAXVKvvc7irL8Tme3MexwUYrvmujN9lD36rfs/Y9uABywkQAAAAAAAAAAAAAAAAAAAAAAAAAAAAAAAABjH6RF47OdzLw1rTv9ZI1ewf5tL4mzr0jlz6js7xpf8AidoNPpfd6yf9JrGaail5HavR+rZU/wA76RIpnOuJ+C+pFPPcVIEok+NS0JPC/mWpv7ibfPLZbm1hlQlYJrHToRnjHgINcPTvE+mSi4FS34oAYb5FtwRlFp4fNM+lpcuK0nB9YSa+GD57WXz7jlafJ0qk45SVSOeb5cmWvmUlqijpKV7TzjFCMq0/w+SZuL7Kdq7Ps47uaMur2etKj984cX9Rp3p+1aX94vt5jF+X1V+Jug7P1D6NuM3fUMY4dmNM/wBmgcz9ImmGornJ9DeZH/Mn4HfwAcnJKAAAAAAAAAAAAAAAAAAAAAAAAAAAAAAAAAYeekzv3S3T7K6XxYV3tLCbXiqdrWf82jXHUlmRn/6T+6cdC3c6dn9Pqt9W/goQj/iGv2ck2/idw2Fju5RB83J/O30Ijmzvin4LoOJvoiqeFkgljqG+7PcTa5rQ8NkZck0M8+ZSTwupcvaClPvKv3lum1llyQjwBallEkuL6pR8wspposBLnnDXQjXko5bp+sSpPMfe8L8CWVnPeQzx3PAn9dU4dP2kWzegRzo0vo+gypvLamofcmbq9y8FS3P7D00uUdm9MX92pmlvUYuNlRpd86s2/uwbp9zrT3R7EtP/ALO6d/s1M5l6Rv5FDxfRG7yF3nNs7gADlJJQAAAAAAAAAAAAAAAAAAAAAAAAAAAAAAAADAP0n18pa5u2sM/orbV7lr/48TBX4mZfpNruU96OyFpn2bfZy4qpedS6S/wzDJS6s7vsbHcyej8f1Mh2Zu+Km/DoXO7kUbznwKLoCWXMAo3zwUm8YKN9wlLKXmXriC3n22vEu5zHrzLT+uiaeMlYviA4txTz0KrmseHUpDGMPmQXs1MFrBcXXqW4vhvo+U4LH3E31x4lpSUr7lz4Wm/kWS5FUfc1WGby1tl+0/vbNzG4i4V1uV2Erp549nNOef8A08DTXeYlr1KPdShlm3rsr3jv+ztu9uW8t6Baw/hjw/gc29Isb4WjL3n0/objIX95Jez6nqoAOTEnAAAAAAAAAAAAAAAAAAAAAAAAAAAAAAAAANZ/pLbrj326NR4v0OzFvFL965uG/wADEVPkZSekfulV7QNGgubo7P2SfxnWf4mLSXcd92XjuZTQXu9SGY972Jn4k02n0K5zHJam/sxTyXHiMCRmEQk8ZZTieEUnL4FE8ov4NFbCXXOSUSEnjBVPxRdfUEvtJoSeZ5C5PAXXJRlCWcnHsF6y+nLD51eHn4ZL8k4rPeXNOjFV4S6tzS+ZbJa3K3smfZrvGqXNbHThpr/98DbH2L6zuOzDsBNvPDp06X8FxVj+BqaqtSvKVPq61w2/ckzav2G6jn2YdjoP/oVe0/uvKxz30hK+XU376/TI2uRO1dr3fqj3kAHHyVAAAAAAAAAAAAAAAAAAAAAAAAAAAAAAAAo+SbANUHpBLqVx2ndaoPpbaXptJfGjx/1mOqw1jvPcu25qMtR7T221V4ao1rS1XLup2lJY+/J4ZjvPoPII7mWUIv8ABHoiE4t71ebXN9RFRUuJ/Aq+cefiUpx4ub6IrLkuRvFwMVluTXeRyisk+Rbb9rHMvbLkSqYayFzjyGG4tN8yNPnHDLmwTfTJdi8R4sZyWEstRafNlxy5NLou8pcoxUeVLLwsfcTscxq05KX2lLOTj1XxU3j3HOtaUadpGvJNSdRQWfBLL/A8ZytxK20Od6zj1e2x0hKT/ss2q9hOuqvZx0Kkn+gvNQpvy/0mcv6jVHb1E7xTTzLhlwr4Y/E2l9gCs6m4CFNv9BrV9T+cJf1EG2/jfK4vlNdJGyyZ2xVvdf0MkwAcbJYAAAAAAAAAAAAAAAAAAAAAAAAAAAAAACjWVgqADXH22uy1vLqbztX3r7E7PXe0Gia4qdzd07Gn664sq8acYT4qUfblBqCkpRUsZaeMJvDavZ1qFadCtTq0q1N8M6c4tSg+9OPVP3o3yYydL263Mbq95cHHbrYPRtYm+Sr17VKvH92tHFRfCRP8m25ngaMMNiqe9GKsmnZ2XDR6PzRpMVk6qzdSlKzfczSdGm40sQkpS7+fMjKjNLMlyNoO0no5tw2sTnV0e82l0SUnmMLe/jXpx9yrwm/7R0HUvRe6JPilo2+LU6D+zG60inUXxcKkP5Exo7dZNUXrSlHxi/pc1ssoxUXwT+P/AIa+JQlOSUUQqUnLLUGpLqmupmlrfozN6drxS2f3i7MajGPSN1Qr2sn9yqL5nQdY7A/aa03idHZbStUpw77HVqDbXlGo4M21DafJq6tHER+OnWxjywOJhxg+vQxpg8cmGuCftfVZ63qnZS7Q2mTkrnc5tNLHV29p69ffTcj4V1uN3xWy4LzdLtnHHd+Q7lv5QNjDMMHUXqVovwkv3PF0qkeMX5HQ0o5zF5RF84vkd1/zQb1YrhW6zbHl3fkK6/3ZKluW3wVZfmd0m2c//Yrr/dlzxmG/5I+aHZz/AAs6K/B9WfRdWm7SjQhJcUJzlKOOmcY/kdw/4Ou/u7qRlbbmttZZffolwl84n1KHZg7RLxw7ltrmvGenyTX34MWpmGDUlerHT3l+5d2NVrSL8mee6XxTvpVZrEYQUY/vN5f4Gz70d9xKruQ1Ki1yo7RXKXnmjQf4mDuhdk/tHaheQt6O5/aCjKpLHHc06dCC98qk0kjZR2Wtz2o7kt0tnsnrlehV1e5uauo6h6iXHThWqYSpxly4lGEYRzjDaeORCtt8ywdXL1Qp1Iyk5J2TT4X10NjlOHqrE78otJI9dAByUlAAAAAAAAAAAAAAAAAAAAAAAAAAAAAAAAAAAAAAAAAABTCXRIY9/wB5UAFMLz+8Y9/3lQAUGF4IqACnCvBFQAAAAAAAAAAAAAAAAAAAAAAAAAAAAAAAAAAAAAAAAAAAAAAAAAAAAAAAAAAAAAAAAAAAAAAAAAAAAAAAAAAAAAAAAAAAAAAAAAAAAAAAAAAAAAAAAAAAAAAAAAAAAAAAAAAAAAAAAAAAAAAAAAAAAAAAAAAAAAAAAAAAAAAAAAAAAAAAAAAAAAAAAAAAAAAD/9k=',19),(201712,'data:image/jpeg;base64,/9j/4AAQSkZJRgABAQAAAQABAAD/2wBDAAMCAgICAgMCAgIDAwMDBAYEBAQEBAgGBgUGCQgKCgkICQkKDA8MCgsOCwkJDRENDg8QEBEQCgwSExIQEw8QEBD/2wBDAQMDAwQDBAgEBAgQCwkLEBAQEBAQEBAQEBAQEBAQEBAQEBAQEBAQEBAQEBAQEBAQEBAQEBAQEBAQEBAQEBAQEBD/wAARCAEsASwDASIAAhEBAxEB/8QAHgABAAAGAwEAAAAAAAAAAAAAAAIDBAcICQEFBgr/xABSEAABAwMCAwQHAwUKCQ0AAAABAAIDBAURBiEHEjEIE0FRCSJhcYGRoTJCwRRSYqLRFRYjNFOCkqOxtBckM0N0s8Lh8BglJidVY3KDpLLD4vH/xAAZAQEAAwEBAAAAAAAAAAAAAAAAAgMEAQX/xAApEQEAAgEDBAIBAwUAAAAAAAAAAQIRAyExBBIyQSJRE2Gx8DNCUoHR/9oADAMBAAIRAxEAPwDamiIgIiICIiAiIgIiICIiAiIgIiICIiAiIgIiICIiAiIgIiICIiAiIgIiICIiAiIgIiICIiAiIgIiICIiAiIgIiICLjOOqthxk7S/BTgLR9/xL13QW6qcwvhtsZM9dMAM+pTsy/H6RAb5kILoLgkDqVql4lema1RNf66l4TcMrZFYhKI6OsvTpH1r4x1kdFG8RsJPRuXYGM5Vjtc+k17SWs309PDrW7WagE3PVwWqWlo3zR4/ybJo6cyxb/e5nH+1S7ZG8vmHt+Scw9vyXz0W/tJ6srKOQat1DxEu9we6VwrmcQ7hA71ieQOjLXsPLt0xzY8Mqo0vx/1nRVVKZL1ru8ObR91URza9udPG6p5ye/YYHNcxnJhvdlztxzc2+F2KZcy+g/I8ThcrQ9bu1H2hbTdZbrpjjBrK0xGQPioDfqqvp4sADlArHylzep9fmO5WWfBL0rt0tFBT2Hj7oupu08byHX6xiKOR8ZOxlpHcrS4b5dG8A7eoD1TpzDndDZcitJwm7VnALjX3VPoLiPbKi4yAf811bjSVwJ8O4l5XO97OYe1XaBBUEnKIiAiIgIiICIiAiIgIiICIiAiIgIiICIiAiIgIiICIpFfXUVroqi5XKrgpKSkifPUTzyCOOKNoLnPe47NaACSTsAEE4kDqrMcce15wN4Axy0ustWR1V7azmZYrYBU17/LmjBAiB/Olcwe9YKdrf0j+ptcXCu0FwBulTY9MRl0E9/izHXXMDYmB32qeA+DhiRw3ywHBwbkqHyySTyvdJLK4ySSPcXOe49XEnck+JO5VldPO8ozbDMLjf6S3jVxJfPaOHbG6BskmWB1HIJrnK39KpIAi90TQR+eVhFrjUNwuEFZcq2snqaq4Td0+eeV0ksg3c8ue4lzicbknO67jmJyc9fFdLcrOy6UYonT91JHJzxvIy3OMEHG+CFbFYiNkYnM7vBB5+6fD6oJSwc7j9fwXoP3kXwSEO/JjG777ZQ4Y93X6LtqLRNspwH3MuqnjHql3KwfAbn4lcxlObRDzdshqq+VtPRwulkefVa0f8YHtVwLVZGW6IRFzXzOGZpR0z+a39H2+KqKKkpqZnJSUjKeM+EbMZ/b8VVnuwMOcQFKtMITOXH8G0BjBsPELn7RBxkb5C4L4W7NBPuUUY70+qMePTdd5cQOhAIeIxzMcHNPRzSPEHwPtV8+E3bb7R/B3uaWz68nvlngwBbL/AJroAwfda9xEsY/8MgHsVi3Ow7GdvxV+ez9wnpa+lfrfVdojqYpgG2mGojDo3AE805YdjuMMzt1d5Fdrp/kntcmcNhnZ37d9g4sWmJ3EXRNx0NVuADK2d3e2yqPTmjkOJIxn+UZy/plZS01VTVtPHV0dRHPBM0PjkjeHMe09CCNiPaFrIfSS55yDnGMk+C9dw34xa44UVjRYq7v7YX809rqSXU8mepaOsTj+cz4hynfo9vhO5Gr9thyLxvDDilpvirYBebFI6KaLDKyilI76lkI+y7HUH7rhsR5EED2SwzE1nEronIiIuAiIgIiICIiAiIgIiICIiAiIgIiICIiAsB/SwcUNR2Dh9pfh7YrqKW2anrqpl6Yw4kqY4I4nxwk/yRdJl48S1gO2Qc77hWMt9FNWP3ELC7HmfAfPC04+kn1Berp2hmWi5XMVFHbLDRvo4GnandUc8kxI/Oe8A5/NDB4K3Trn5ShafTFQO5nFxd1U1p8NlTgnoprCfA7q5FOz4BO5bI71m7jdTIWANL3Dqo8gHIzv5I4h7hoALJXDH3SVHEG5yxoafmoHuOM9FNi9iOo3EtGHOGVK2du47qOYZ3ULfYPog5DSAo2xEnqd0GR7SpjOYjfdIEVLbnV1XT0EIL5auaOBjR1LnuDR/as9KGhpqOKO3wNbDTUsbYIY4xgBjAGtA+AWJHAW0RXjipbDMwSR2qKa5PBGwMbcM/rHs+Sy4cSxgydwAtfT1xEyhd2YponxloAAaF7qbgVVUWrtN6Z1Pfaejg1RD3lHcKJv5RFzkerGc8mcksGRt67cZVvqGtLSxx+PtV8L5ef3c7O+mNVQyPdXaMvsdKZTsWsa/wBX4YMH9FT1ZtGMe9v+IViPbyeiZazgjc7JreOtqQI77WaY1TROx3cbo3NILMYJaYyZBzbhzNjglZwtcHNDmkEHcEeKxC42Wumnl4t2uHPJmx6tpm+HrN/J53D4O39yyT4U3d1+4baZusj+aSe1Uxkdnq8MDXfUFYOo+URf+fa+m2z1aIiyrBERAREQEREBERAREQEREBERAREQEREHmNe1boLZBTsz/DztDj4crRzb/HC0wdvCGsh7VGtDUyvkbI23SQ833IjQwcrR7AQfqtyPECcmpoafwax8hHvIH4FapPSUacdbuOdt1E2PlivunaYlwH2pKeSSJ3yaYvmFtrXGjEqZn5yxK3VTBHnCkxM5jk/BVrR3bOp3URySDt4BM7bqX8diuS4A48kB3XA8Cp8EZOAFTjBdkr2vDLTenNU6sobNqzWdJpW1Slzqm6VVO+ZsLWjOAxm5c7o3OBnGSAjqm0nw/wBZcQr3FprQ2mLlfbnM3mZS0MBlfyggFxxs1oyMucQB4ldHLSS0sr4J4jHJE90b2OGC1wOCD5EEELYVwa1t2c+E2nNHai0nqnS9LqfSmpJrVf54pnR1F/tE8rqZ9X6+7mhjqWrDOjDDKABjfGftjaU0ppvjzqCu0NfbRdrBqOT93aGa2VsVRDGZyTPDzRkgFswl2P3XNPiuROZwYxCxojOVPt9DcLtcaWyWaldVV9fK2Cnhb1e8+Z8ANySdgAT4KW5wawvcMAK/3Zs0E2jtsvEW6Qf43c2ugtrXD/JUoOHSD2yEEA/mN/SV2nTvthCbYjL33DTh5a+Gtk/IKdzKm41LRJcK3l3qJfzW+IjbkhrfaXHcr001bEeZ75AyKP7Tj0J8lQ6jvNLZ6J9VVTCNvKTk+wjp5n9q6q0tqbjTx111a6FrhzRwfyQPQEeLz9FuxFdoVxLvYK2ruMhZA3u4W7czvL/jw+ayD0qIqrsna6o2MGaO5smbvkkk0zsk/NWApw+VoZEwRQt6Y8f2lX+4ThtXwC4pWtoyYY46kj/ygf8A4iq9bxif1j90q8y73WMIrtTUsBBf++3hJPB5888LO+Yff6qun2XbmLnwTsDubmNP38B+EziPo4K3Mk8bK7s/agcwOjq6WSzTZ8WyU7Y8frFex7JcT7fw7uunpj/C2XUNfQuafDlLcLBq/wBPH89wtpyvYiIsi0REQEREBERAREQEREBERAREQEREBERBbzWsxlv7o/CGBjfnk/itfvpOrQJbJoK+iIZirLjQuf4gPhika33ZicVnpf6g1V/r5PzZTGPc0Bv4LD30idrFx4HR3BrOaSzX6iqQR4MkEkDv9a1en240Yj9GaN7talNgBT8g7FU0exzlT2krOmixj/8AFCRvud1MHtUJxnCOoRgeJyqyGYsALXEEqkAUbS4FIHbMrHY5efr1VNI4NccBu/wVM2R23MonSl++FJB2dgsNTrDUtr0pSOLXXSpbE94/zcXWR/wYHH4BZt0lLSW+jhoKCBsNNSxMhgib0jjY0Na0e4ALGvs0WMV+pb5qiVuGWuibSQu8pJnZd8e7jI/nLJGOYPiEjXZDt/Yt3TVxXu+0L84Wy4yV1Q2s0jFCSYp7yIJ2jclvdl4GPMujC9tZIn1EQnqXDA6MB293/HVeM4g007XwVjHuYaapbIw+zcHr5tcR8V7LTk2Lex5O3gM/aKnPlJHDu3y90wEgZPQeQV9ezO51xsPEnTUm7rhYO8a3xy1szPn67VYNu57+U5PUDzXbae1hqTSk9RVacvFVbZ6qIwTS08ga58ZIJaSQdsgdFDUr30msEWxK+ldciOzrw01cwkyaY1JFzu8WtbPJ+AYFd/gpTutvEDivagR3I1BFXxgEEf4xD3mR7Dt8lhC271j6MW91ZMaRri5sBmcYg4+IZnlz7cZV4ex1qx9m4n1WmHzYpr/RPaGZwO/g/hGH38hlCza+likzH6/vlOl/lEM3ERF5rQIiICIiAiIgIiICIiAiIgIiICIiAiIgtfetPXugq6mpfSSTRySPkEkILxgkncDcdVjT2rLLNq/hVqnS8bmmoqbdNLTscQCZoAJ2DB83QgfFZzLwvG2yUl54UawhlpIpJxYq90D3RguY8QPIIJ3ByPBa69VOO20Kp098xL5+wWvDXsPquHMPd4KYwZUqBwdTQOA2MbSPkP2qeweKOIlweqi+Kl5ycYR1Ma3O6mBnsSMbZUxuFKHEJYANgpcmzXY8sKocqKplcI3Bgy4ZAHiT4Iiyi7OdnFv4ZMq3x4lvFTPWOPiWA91H9Iyf5y95aKgupO7JOYyWfJU+ibZHYtPWiysGG0VHFTfzmsAd+tzFQUJ7mqqqfJ9WUn5r06R21iFNp3y6zXUQqKF8QGT3byMeYGVXaWldUW6B7Geq1gxkZAyqfUR5+UHccpyvGS2dkx7ltRO1mNmGUuaPcCeihbOcpVXHr77Z6IEV16oYD+a+dvN8gc/RdRNxB0pCSG3KSfH8jTvd9SAF5XTnDat1Vqa1aZtNTSMq7zVxUNM6bmZG2SRwa3nIBIGSMkArI20+je4pzyMF51ppSgiJ9d8P5RVPA9jeSMfrKi+t2TiycU7uFjX8U7HG7EFruUpz1PdsB/WJV7+yRYde8QeJNl1pp/SU9LpyzVpmqrvVTYgdhrg6GL1R3shDserkNzlxGwN8uG3o+eEGkaiK5a0rK7WdXEeYRVjRT0WfMwRnL/dI9w9iyboKChtdHDbrbRwUlLTMEcMEEYjjjYNg1rWgBoHkFl1eqzHbVZXTxvKeOi5RFjWiIiAiIgIiICIiAiIgIiICIiAiIgIiIC8/xBmZT6E1HPIAWR2mse4EZBAgeSvQLxXG2pNFwa15WtODT6ZukoPly0kpQfPlSH/FKf2xR/8AtCrGDI8lSUo5YIW+UbB9AqpowMLWqcuGPFSx1z1Ubzt7VLzugq4t27qPo7b3KCL7K5cdxlScROOyjsNKK3VVpoXtDmT19O1w9neNz9FJcV22hIxNxCsDT0NUHfJrj+ClXeYR9MxqN+YI5PM8y66pHcXmUbYlaHhTrRUd5bYDn/NjOPMKXeRy1VLVD7zeQr0lMuvvW7m+XKV0UbP4Xw6Fd3dXcxbgbYOV1EIAl2I6FQlKHreDZ/66NCZJH/SCgP8A6hi2vrVBwi5f8M+hwP8At63f3hi2vBeZ1nlC/S4coiLItEREBERAREQEREBERAREQEREBERAREQEREBW37Sc/wCTdnnidPkepo+8Hf8A0OVXIVpu1pUfk3Zj4py5G2kboN/bTvH4pA0MwtIDBjo0BTwcADKlgYcRnoo8ke1a1Tlx+ql5ycY6qIk4UDftDZBWxbjC5ePJQQnbzUT3eKkIXdNz4L0fC6Hv+I9jAGeV8zj8IZCvNOdtk9Mr2fBWET8SrZnfu4ap/wDUuH4qdN7whPtkhYp+WKSnJ3jd9Cq+5jvaAOG5jcD8F0sTzS3RzDsJBhd3BI2emlhPXBC9BTDpayTvA0jpy7rrmtxIQPzThV8gx6o6dFTsaO/wR4ZUXYel4RbcZ9EjYEX63f3hi2vhaoOEpxxn0afK/W0f17P962vheb1nlDRpe3KIixrRERAREQEREBERAREQEREBERAREQEREBERAVnO2JzHstcVA0ZP71Lj/qirxq0na35P+TFxTEmOX96Vz/u7l2Bofx6x9658MLkAg4XBK1KnBOApTTl6mOxjZSmn1kFbCo39eqgh8FHJ0UocSnNPKRvurgcAYO+4kQP691b6p/uyGt/2l4HbphXJ7PDQNfVL/GO2zAfGWJWaXnCNuJXvv0ZgqWzsGMEFVVvqgKhoJw2Vv1Ud/h7yFzgPDK6SmnLImOzvEQfgt0ypjd2lUzkke3GwcSqZrR3/AIbNyqusIkiEzerm5+KkQubkykbNjyVyUod1wlJZxl0efFt/t394jW2ALU7wleW8W9JT4GRf7e7f/SWLbEF5vWcwv0uJcoiLGtEREBERAREQEREBERAREQEREBERAREQEREBWT7akxg7KXFF4JBOm6pm36QDfxV7FZftnUzqvsr8UYWtJI01WSbfotDvwXY5Gi+THeO28VBn6KKUjnc7zcVLHValTl3TdSQcPwpkh2UkZDkFfCdlG87KTCR18FHIuw4g5vPZXP7PDOfWVyl3JjtuPnNH+xWvIJV2OzhHzamvb99qGID4y/7ldo+cI28V/axglicM+C8pyuhqnQnGDkbr1YJLuQ9MYwvPXmnMU4mAPtW2VMKmil76lMTjksJA+SkskDIpGkncNb9VKoJuWoLQcCRuQoqhvrHG2VFJ3HD+oNFr3TlaQSIbxQyfKojK22Dp8StQtlkdBebfO04MdXA9pz4iRp/BbegvP63mF+l7coiLEtEREBERAREQEREBERAREQEREBERAREQEREBWe7YNXFRdl3ilPL9n961wj+Loi0fUhXhWOPpDL3HZeyJr3L+V9who7dHv1M1ZC0j+jzLscktKT8gu+KltILspI7qT4qFnValSN+wUjo5TXnGVI+97UFbCcgbhTXHZSITsFNcdtl2HEB67K7vZtA/d6/Pxkikph85HfsVoScdFeHs2gm46hd5Q0o/Wk/YrdLzhG3C+VUe6fzDOCVS3OFtTT83mqysHeQZ8lRQPEkTondei3SpedieYahgJ+w/lPuK7KQZJ8faqa4Uw7wSN+IU2KcPHK/rjxUUuUyBxinjkGDyua4fAgrcCx3OwO8wCtP/ACnlJByQDgHxK290TnOo4HPbyuMbSR5HAWHrf7f9r9LhPREWBaIiICIiAiIgIiICIiAiIgIiICIiAiIgIiICw39KtWy0vZipoI3lrazVVuhkA+81rJ5MH4safgsyFhv6VenZN2YaeV3Wn1VbZG+8tmZ/Y4rteYJahHnK4ZkHK4efFRA/NalQd1ATjHvUYOd1C4IJ8JJCnHphU8J8Mqfn1coIXK8vZoGZ9RuIz/FG/SVWaI2xsr1dmZh5NRv3x39K35MkP4q7R84Qt4r15DuaN2Pcus9aGc52ycLsZfVkB9qoKwNMjiD7QtsqkidgcT7VRmAg+qeiq37Bpz1ClHH4LjsETTglx38lt/pf4vFj8xv9i1F2qlmrbhBSUzeaWaVkUbfNznBrfqQtu7dmgZ6bLB1s71hfpe0SIiwrRERAREQEREBERAREQEREBERAREQEREBERAWHHpVn8vZfibnd+qLaB8BMfwWY6w39KvAZuzDTvGcwaptz/mydv+0u15glqAeQFGwer0Ut+523U6P7BytSpwAoSpjN2HHVQ9c4QRRHfAVR91U8QIKqN8b9EEOSr5dmiLFqv8/Xnr4mD+bF/wDZWNIOd1kF2cqcxaNqqgj+MXGd39FrG/gVdoRm6F+F05QACc/NddUHJ5vLzVfUuJa7HVoK6ySTnAc3xW1Ukyber7VJ5+UgdfFRSEtKgc0P8dxuuJQni4TWiE3amDjNS1FG9gHXP5XCP7CVuAb0+JWnG63b9x6S1VT3NDanUFqo3ZH3Pylkj/1YiPiVuOb0+JXndZ5wv0o2coiLGsEREBERAREQEREBERAREQEREBERAREQEREBY39vfg5xG45cDI9FcMbbS190ZfKOvmp56tlP3kETZMhjn+rzczmbEjIzv4LJBEjYaB9c9mPj7w6EkusuEWqbfTxk89S2gdUU4x/3sPOzHvKtuyPu3mEFrnN2Lc7g+0L6P8Dyx7l4rWHBPhBxAbKNa8MdL3p832pay1QyS/CQt5h8CrY1ftHtfPyIuRpBafcpbG4by9Fuf1R6Nzspajc6Sj0bcrA93U2i7zxt+DJC9g+AVs776JPhLVOcdPcUNYW4Ho2pipKoD+rYT81L8kI9stVceTMAAqvk8Mj5rYjdvRB10T+fT/HWnkGMBtdp4tPzjn/BebqvRHcVAT+ScWNISDw7ygqo/wCwuXe+p2ywPc3YnP1WSvAukNNw4tcpH8ZNRP08534+gXv7n6JrtBU7TJb9aaCrT4M/K6uE/WAhXI0v2KOPmltJWmxTWK2VVRQ0rIZjRXmPu3PGclveBnn7FfoalItvKF6zjha2rkIeSDkcu4C67OAGlw6ZxnplXln7KHH7IjGhag+ZF0oyP9Yo6bsdcfKggP0rS04d1NTeYAB8GFxWr82n/lCrtt9LJuydnA+9SwwsdygEglZHUXYK4tVbeeuvelqXm6tdWVEpH9GID6rtI/R+63IHfa3043YbClqHY+eFGeo0o9pxS30w915caW2UemZ6ulFSyDVVvqjE52GvZES97XHwBaOX4rdLE9skbZGHLXjmB9h3WCl19HFqTUH7n0tw4jWWmp6W4U9ZI+G1yyvcyNxLmgOe0ZIOMk/NZ2gYGFg6i9dS2ayupExG7lERZ0xERAREQEREBERAREQEREBERAREQEREBERAREQEREBERAREQEREHGB5LlEQEREBERAREQEREBERAREQEREBERAREQEREBERAREQEREBERAREQEREBERAREQEREBERAREQEREBERAREQEREBERAREQEREBERAREQEREBERAREQEREBERAREQEREBERAREQEREBERAREQEREBERAREQEREBERAREQEREBERAREQEREBERAREQEREBERAREQEREBERAREQEREBERAREQEREBERB//Z',4),(201713,'data:image/jpeg;base64,/9j/4AAQSkZJRgABAQAAAQABAAD/2wBDAAMCAgICAgMCAgIDAwMDBAYEBAQEBAgGBgUGCQgKCgkICQkKDA8MCgsOCwkJDRENDg8QEBEQCgwSExIQEw8QEBD/2wBDAQMDAwQDBAgEBAgQCwkLEBAQEBAQEBAQEBAQEBAQEBAQEBAQEBAQEBAQEBAQEBAQEBAQEBAQEBAQEBAQEBAQEBD/wAARCAC8ALwDASIAAhEBAxEB/8QAHgABAAAGAwEAAAAAAAAAAAAAAAEDBAYICQIFBwr/xABCEAABAwMCAwUGAgULBQEAAAABAAIDBAURBhIHITEIE0FRYQkUIjJxgZHBI0JiobEkM1JygpKisrPD0RUWQ0Rj8P/EABcBAQEBAQAAAAAAAAAAAAAAAAABAgP/xAAbEQEBAQEBAQEBAAAAAAAAAAAAARExAkFRIf/aAAwDAQACEQMRAD8A2poiICIiAiIgIiICIiAigSBzKobxf7Hp6lNdfrxRW2mHIzVlQyFg/tPICCvRWJBx64HVNW2gpuMmh5alx2tiZqCkc8nyAEnVXyx7JGB8bg5rhkEHIIQckREBERAREQEREBERAREQEREBERARFZvFPi9w84L6adqziPqSC00HedzFua6SWolIJEcUbQXPdgE4A5AEnA5oLyVr8Q+J+geFOnptU8QtVUFjtsAP6Wqlw6Q/0Y2DLpHHwawEnyWuvjj7TPiDqeaos/BW1jStqyWC51kbJ7jMPNrTmKD/ABu9QsPtS6n1brS9P1DrK/XO/wBdPI0zVVZUvnlDd2SAXE4H7LcD0Wp5/TY997TntX+I2urxV6O7PzZtGaehkfA69SsY+61wBILo9wcylYfDAdJ0O5vyrFav1RqfV9W6+621Jcr1WSncZa6skqZXHzL5XOd+BCs24cNNQ01zkfbBBWUpkLo5RM1rg0nkHtJyCr0sOhq8QNde63a1uCYqYbnfTccAJJRV01iN0o2VdK6ndC9xbKPeCXw4P6zCcnI5jGQfRZf9m7t+6u4HWug0BrKwVGqdG29jYKWWObFwoIh0YxzuU0Y8GvII5gOAAaMWu7no4G0lttUcEDD8rnAl583HqT9VRStuUkhfI4RkjmGHmVvJWdbwODvaU4NcdqQScPNZ0tVWtZvmtdR/J6+Dlk7oH4cQP6TdzfVenr55aapvNouEF2tVzqaKtpHiSCpgmdHNE4dCx7cOB9QVnh2VfaT3m2vptEdo2Y1lBubBT6qjZmaDwArGN/nG9MytG4dXB3NwxfOLrZUip7fcKC7UNPc7XWwVlJVRNmgqIJBJFLG4Za9jm8nNIIII5EKoWVEREBERAREQEREBERAREQW/xA1xYeGuir3r3U1Q6G12KilrqlzRlxawZ2tB6uccNA8SQtLPHTjxrXtB64qNY6tqZWU43NtdqbIXU9tpyeUbByBcQAXvxlzvQNA2L+0zvNda+zFU0dDV9y273y30NQ0HBli3OkLPX4omk+gWqYM2hgA6AAH8lvzPqVL7sk4aCDnKqIvh5tyMfxXJjQ4OkPLH8VyDSBjJ+60ie14DAS3JA6kdVD3hwB2u6/gpezwHorkpNK2yss1pZHeII75eKx0cVO+UOjjg5NaXhjS6N5fnk4/KM45qyai3ZJXBuXOaM+Geqkukj6ta6Q+G0LudS2e2WO/1lpoax9bFRyGEzSxCMue3k7ADiMbs4OeYweWV1rnGRoZHA8t/uhOCimDpHYFIzceTd7xn8ADhU09C+Jp2AYAwceahc7xQWyRkdRP+lPyxQNy9xPIBcmVlS+PfJCId3PZncR9T5/RQZZ9gXtYXrhbra28GtZ3CSp0bqKqbSUHeuybRWyuwwsPhBI8hrmdGucHjHxZ2uA5Xzw++VdBWw3Oie5s9HK2ojc04Iexwc0j1yAvoH0df4tV6SsuqIMd1eLdTV7MdNssTXj/Msep/Wo7hERZUREQEREBERAREQEREGCPtXtR+66D0LpVpBdX3ipuDhn9WCDYP8VQPwWu2nLJog9p5H4m/dZre1gqZHa10DSFx7uO0V8jW+TnTxAn/AAhYN2OoL6buz/4nyNz6YyF088HbMja3Bz69ULmZJwCAemVSull2gemfqod4cHx8Oq0yqgS45aduDyweYXaQ3a6twXXOoflu3Er+8BHkQ7IXQPe7IDepKlzXF9IwPkOG525H6qatjtKyva17p5GM3u5YZG1g5DwDQAOngFbF61DU7XNZ8I8PEqfV3RnOOR3Mc+nLC6OvqaXbvc8xF36zmF7T9wpSRR6YiNZeairrXbpoQNgPhnx/AfvVzTPcPk+Uktb6n9d30HQK0bBUMdqSaGKrhf3kA2lh8AfJXi9hcdwZgEBjAfBg8fufySJVPDBvMh8M+a3VdibUjtUdlvh7XySh8lNazbn+hppXwgH7RtWmOKDu2AEfN18Fsu9llxHp7xww1HwxqHhtZpi6GugaXc3UlXl2QP2ZmSg/1gs+uLGb6IiwoiIgIiICIiAiIgIiINb3tNuFfGPVGvrRrKy6XuN40tR2ZtJFNbaV9R7pN3r3SiZjMubuywh+NuBjOQsArOKqlq6y31kZjmjHeGMgtcORHNpGR0C+h0gFYu+0R0RaLv2bNQ6kbRUkVfZauhuAqBC0SyATCEsLwMn4ZjyJxyC1L8Gp12Q1gJ+YY6KDjtOc5OeXJQnOx7Yscw0cx9FKkccZ9emVsTG/O07h5KVK1kr56N7QQ9uQMp3jQOecg56KXXyiGWKrDjhvwu/qlB1PufvAdRSktnpx+jfn5meH1wqF9ou8Li6mqBET1aWnBVw1dGyd7ZIpcSs5tcOhCl+9SRjDow9wHRMFlRCstepaae5TRB02Yw1seM5HUn6r0WnhlqTnGcjJ/wD3gvO9S0801c2qDnPmc4Fv7AC7m663rLVRRw0VGwybQXzVDsMY7GSA0HLvv+CksiWL1MLGAvdtDY+W4kBo+pPJe39gPidBo/tV6cs9nubK6PVUVTZK2lpMyuLHMMrJDtGAI3xNcTnk3crL0h7PHtj8XGWy8V+laG02m5wx1EFddLvTsiZDI0Oa/uonPk5tIONmefNbBOxl7PDSnZbvk3EK+aoOqdY1FGaOKdtL3FLbo3/zogaSXOc7AaXuIO0EADJzm+tMZfA5APmooiyoiIgIiICIiAiIgIiICx57f0zIuybrre7G9lAwepNdBgLIZY1e0Se5vZT1Q1rsb6y1tIxnINdDyVnRqNrHYqyD0GAVSzOb8TgOR6KdUEGqlPL5zz+6p35xy8Rjn4roODZdwA6f8qbKBNT7HHIIIVK12HHlzBxz64VRFIDuj2gY5oKONzpKbYH4fCdmfMeCkSnu2EbuZ6Oz0KnTuEFXvc3DZBtPPkVKlo2veM/KTkHmlEmmoe+bLVSgHa3DCfE+a6bVkbKqvZQtaNsTJHOx5nP5AK65nCGj2RtwOXL7hW/QUjrpf5WjmZZhECfV2381Kj6FuHNKyi4f6ao424bBZ6KIDyDYGD8lcapbXSe4W2loh/68EcXT+i0D8lVLmoiIgIiICIiAiIgIiICIiAsY/aMSSs7Lt6ZH0ku1oa7ln4ffIz9ugWTix27f9E6s7LGrHNx/Jp7bUHPk2uhz/FWdGnaV/wCmc4jq4n7KXL8hIHToAoPefmz16+Kl5c5uSeoXQSXSBj85PMY6Lm6Ta5kzXc8cx5qnfI5xczxby6rmHd9TZ5F0fXzQVlRDFVxkOPX4sjqFTtlMTRFK8Hb+9SBK59O5ocQ9gyFTR5B76Rx29cHzS0VdXVDa7wDRkc/ULsuDdqfe9daboHNJdcb9QQDHU76qMcvxVq100lRIY4OZDSSF7L2WbFHWceOGNokAc2bVFukfkZBDJhIf8iz0b1h0+5UVAcxnzUVgEREBERAREQEREBERAREQF4p20Yqabst8R21cmxjbM6Rp/wDo2RjmD+8Ghe1rHvt83L/p3ZS1vguDqplFSjb+3WQg59MZVnRpnf8AASCc48FxDshwBI8Oii8jcSCefNcARvwH8l0FPK10bmyAehGMJG8QT7XcmzdeShUMLXHa4gO8D0UsuMsew4yPHrhBxeDBUmDvQzvfkceQz5KFXariBvZM14ABDWnw+qqomwXOE01U3EjOhB5/UKogZ7qwwl7nNHiR4p0UFvtxgglqaofG9pODzx6L2DsvXmOz9pDhlXyylsbNSUUZOejZH91/uLyusqGQwYIBLv1T4rsNA3uWwaw07f2OO+13Gjqxg+MVQx38GqX8R9CDRgAeXJRUGkEZByDzUVzUREQEREBERAREQEREBERAWJHtOL4y2dnGK17vjvGoaGn2+bYxJMf9ILLdYB+1lv0cOl+H2nO+DXVNxra54LsN2xwtjGTnrmU4+6sGtncT+t9MhSy5zcEEHac9FPZRVDxvYN4I6t+IfuUuSnla0tc0j6t6rWhMDNCXNaCeoXXwnDyw5buPJVsMgjdsfkZ5dOSpqqll3B8XxNPj0V0BCWyd42baQeWVPNXLncXcwFTs75rMTYyenPwXBzZDyaAf+Uoi4unkMs7s46BcIp+7Mzs9I5XN9CGk/kuBdNGMsicf3hQyWQS1D2AOfFJE36luD+ag+h/RVwN20fY7oXhxrLbS1G4HIO+Frs/vXdKxuBVWK7gnw/rQQe/0vapDg55mkjyr5WAREQEREBERAREQEREBERAVHdLPab3TOorxbKSup3cnRVMDJWH6tcCFWIg8n1J2Uezhqx7pL1wZ0s57vmfTUIpXn+1DtK83v3s4ezBeXF1Jp6+WfPT3C9TgD6NlLwsoEQYOX72U/DKs3DT3E7U9vB6Crp6arA9OTWE/irAvPsndTxF3/b3GO0zN8BWWWSI/cskd/BbIkV2jVlXeym44sdupNeaFqOuNxq4z/pldU/2WHaKafgv+gnfWuqR/srbEiaNT0Hsqe0LO7bUan0DC3PM+91Lsj7QZV8aP9kfe3Tsdrvi9b4KZrsuhs9sfK8jybJMWtb489h+i2Uomi2+HGhLVww0JY+H1iq66pt9goo6Cmlrpu9ndGwYbvdgAnHkAAMADAVyIigIiICIiAiIgIiICIiAiIgIiICIiAiIgIiICIiAiIgIiICIiAiIgIiICIiAiIgIiICIiAiIgIiICIiAiIgIiICIiAiIg/9k=',4);
/*!40000 ALTER TABLE `product_image` ENABLE KEYS */;
UNLOCK TABLES;

--
-- Table structure for table `user`
--

DROP TABLE IF EXISTS `user`;
/*!40101 SET @saved_cs_client     = @@character_set_client */;
/*!50503 SET character_set_client = utf8mb4 */;
CREATE TABLE `user` (
  `id` bigint NOT NULL AUTO_INCREMENT,
  `birth_date` date DEFAULT NULL,
  `email` varchar(255) DEFAULT NULL,
  `first_name` varchar(255) DEFAULT NULL,
  `last_name` varchar(255) DEFAULT NULL,
  `password` varchar(255) DEFAULT NULL,
  `role` enum('ADMIN','USER') DEFAULT NULL,
  `username` varchar(255) DEFAULT NULL,
  PRIMARY KEY (`id`)
) ENGINE=InnoDB AUTO_INCREMENT=5 DEFAULT CHARSET=utf8mb4 COLLATE=utf8mb4_0900_ai_ci;
/*!40101 SET character_set_client = @saved_cs_client */;

--
-- Dumping data for table `user`
--

LOCK TABLES `user` WRITE;
/*!40000 ALTER TABLE `user` DISABLE KEYS */;
INSERT INTO `user` VALUES (1,'1990-01-01','admin@example.com','Admin','Admin','$2a$10$RdFtX5f8sE/3v/APLkYdc.ayGuNsPpQHFymu4sCkNWzsnjNNL3s.C','ADMIN','admin'),(2,'1990-01-01','admin2@example.com','Admin2','Admin2','$2a$10$kivZIlU.54RTbCjsEDEH8.xvj5JsH5y8z5/vG0LsOne8cXIdFcyKC','ADMIN','admin2'),(3,'1990-01-01','user@example.com','User','USER','$2a$10$PJOkIkZnUzolwZtz2OThIOqawk644iJrVr.EU6FDtZS0VUoPdnjru','USER','user'),(4,'1990-01-01','user2@example.com','User2','User2','$2a$10$YiuKhg8JmS7.nEFxxguBuuTgu4b5tjjQKRcUT7cfJV0CMdxlPt0VW','USER','user2');
/*!40000 ALTER TABLE `user` ENABLE KEYS */;
UNLOCK TABLES;

--
-- Table structure for table `viewed_product`
--

DROP TABLE IF EXISTS `viewed_product`;
/*!40101 SET @saved_cs_client     = @@character_set_client */;
/*!50503 SET character_set_client = utf8mb4 */;
CREATE TABLE `viewed_product` (
  `id` bigint NOT NULL AUTO_INCREMENT,
  `added_date` datetime(6) DEFAULT NULL,
  `product_id` bigint DEFAULT NULL,
  `user_id` bigint DEFAULT NULL,
  PRIMARY KEY (`id`),
  KEY `FKccofnbfh8hbspk13vwkaali49` (`product_id`),
  KEY `FK6ugukh4m0wkq88ybbhx3s8pe6` (`user_id`),
  CONSTRAINT `FK6ugukh4m0wkq88ybbhx3s8pe6` FOREIGN KEY (`user_id`) REFERENCES `user` (`id`),
  CONSTRAINT `FKccofnbfh8hbspk13vwkaali49` FOREIGN KEY (`product_id`) REFERENCES `product` (`id`)
) ENGINE=InnoDB AUTO_INCREMENT=23 DEFAULT CHARSET=utf8mb4 COLLATE=utf8mb4_0900_ai_ci;
/*!40101 SET character_set_client = @saved_cs_client */;

--
-- Dumping data for table `viewed_product`
--

LOCK TABLES `viewed_product` WRITE;
/*!40000 ALTER TABLE `viewed_product` DISABLE KEYS */;
INSERT INTO `viewed_product` VALUES (1,'2024-11-23 00:25:16.837493',5,1),(2,'2024-09-24 14:57:23.760673',5,2),(3,'2024-09-24 14:57:31.674768',1,2),(4,'2024-09-24 14:57:35.460219',12,2),(6,'2024-09-24 14:57:53.329314',4,2),(7,'2024-11-23 00:39:22.005044',4,1),(8,'2024-09-24 21:52:45.160337',1,3),(9,'2024-09-24 21:52:48.999903',4,3),(10,'2024-09-24 21:52:51.749752',5,3),(11,'2024-09-24 23:16:45.977203',2,3),(12,'2024-09-25 11:15:25.596486',3,3),(13,'2024-11-23 00:24:09.068817',3,1),(14,'2024-11-23 00:22:17.173612',1,1),(15,'2024-11-23 00:27:21.700319',7,1),(16,'2024-11-23 00:39:03.468712',2,1),(17,'2024-11-23 00:37:02.984637',19,1),(18,'2024-11-23 00:36:15.460497',14,1),(19,'2024-11-23 00:38:50.745064',12,1),(20,'2024-11-23 00:33:09.321008',9,1),(21,'2024-11-23 00:33:05.082221',8,1),(22,'2024-11-23 00:34:11.613722',10,1);
/*!40000 ALTER TABLE `viewed_product` ENABLE KEYS */;
UNLOCK TABLES;
/*!40103 SET TIME_ZONE=@OLD_TIME_ZONE */;

/*!40101 SET SQL_MODE=@OLD_SQL_MODE */;
/*!40014 SET FOREIGN_KEY_CHECKS=@OLD_FOREIGN_KEY_CHECKS */;
/*!40014 SET UNIQUE_CHECKS=@OLD_UNIQUE_CHECKS */;
/*!40101 SET CHARACTER_SET_CLIENT=@OLD_CHARACTER_SET_CLIENT */;
/*!40101 SET CHARACTER_SET_RESULTS=@OLD_CHARACTER_SET_RESULTS */;
/*!40101 SET COLLATION_CONNECTION=@OLD_COLLATION_CONNECTION */;
/*!40111 SET SQL_NOTES=@OLD_SQL_NOTES */;

-- Dump completed on 2024-11-23  0:41:16
